{
	"format_version": "1.12.0",
	"minecraft:geometry": [
		{
			"description": {
				"identifier": "geometry.ic_cupboard",
				"texture_width": 256,
				"texture_height": 256,
				"visible_bounds_width": 4,
				"visible_bounds_height": 4.5,
				"visible_bounds_offset": [0, 1.75, 0]
			},
			"bones": [
				{
					"name": "main",
					"pivot": [0, 0, 0],
					"cubes": [
						{"origin": [-16, 2, 7], "size": [32, 44, 2], "uv": [0, 19]},
						{"origin": [15, 0, -8], "size": [2, 47, 16], "uv": [0, 65]},
						{"origin": [-17, 0, -8], "size": [2, 47, 16], "uv": [0, 65], "mirror": true},
						{"origin": [-15, 45, -7.5], "size": [30, 2, 15], "uv": [53, 50]},
						{"origin": [-18, 47, -8.5], "size": [36, 3, 4], "uv": [68, 38]},
						{"origin": [-15, 40, 5.5], "size": [30, 3, 3], "uv": [75, 38]},
						{"origin": [-15, 33, 5.5], "size": [30, 5, 3], "uv": [75, 30]},
						{"origin": [-15, 37, 4.5], "size": [30, 5, 1], "pivot": [0, 35.5, 7], "rotation": [90, 0, 0], "uv": [75, 30]},
						{"origin": [-15, 37, 11.5], "size": [30, 5, 1], "pivot": [0, 35.5, 7], "rotation": [90, 0, 0], "uv": [75, 30]},
						{"origin": [-18, 46, 5.5], "size": [36, 5, 4], "uv": [68, 29]},
						{"origin": [-18, 47, -4.5], "size": [36, 5, 5], "uv": [68, 19]},
						{"origin": [-18, 47, 0.5], "size": [36, 7, 5], "uv": [56, 67]},
						{"origin": [-16, 0, -7.5], "size": [32, 3, 16], "uv": [52, 48]}
					]
				},
				{
					"name": "door1",
					"parent": "main",
					"pivot": [-15, 25, -7.5],
					"rotation": [0, 17.5, 0],
					"cubes": [
						{"origin": [-15, 3, -8.5], "size": [15, 42, 2], "uv": [72, 79]},
						{"origin": [-15.5, 36, -9], "size": [16, 4, 3], "uv": [122, 79]},
						{"origin": [-15.5, 19, -9], "size": [16, 4, 3], "uv": [122, 79]},
						{"origin": [-15.5, 5, -9], "size": [16, 4, 3], "uv": [122, 79]},
						{"origin": [-2, 24, -9.5], "size": [1, 5, 1], "uv": [0, 0]}
					]
				},
				{
					"name": "door2",
					"parent": "main",
					"pivot": [15, 25, -7.5],
					"rotation": [0, -17.5, 0],
					"cubes": [
						{"origin": [0, 3, -8.5], "size": [15, 42, 2], "uv": [72, 79], "mirror": true},
						{"origin": [-0.5, 36, -9], "size": [16, 4, 3], "uv": [122, 79], "mirror": true},
						{"origin": [-0.5, 19, -9], "size": [16, 4, 3], "uv": [122, 79], "mirror": true},
						{"origin": [-0.5, 5, -9], "size": [16, 4, 3], "uv": [122, 79], "mirror": true},
						{"origin": [1, 24, -9.5], "size": [1, 5, 1], "uv": [0, 0], "mirror": true}
					]
				}
			]
		}
	]
}