{
	"format_version": "1.12.0",
	"minecraft:geometry": [
		{
			"description": {
				"identifier": "geometry.ic_door_skeleton_open",
				"texture_width": 128,
				"texture_height": 128,
				"visible_bounds_width": 2,
				"visible_bounds_height": 3.5,
				"visible_bounds_offset": [0, 1.25, 0]
			},
			"bones": [
				{
					"name": "main",
					"pivot": [0, 0, 0],
					"locators": {
						"effect": {
							"offset": [0, 16, 0],
							"rotation": [0, 0, 0]
						}
					}
				},
				{
					"name": "door",
					"parent": "main",
					"pivot": [8, 16, 0],
					"cubes": [
						{"origin": [-8, 0, -1], "size": [16, 32, 2], "uv": [92, 0]}
					]
				},
				{
					"name": "skeleton",
					"parent": "door",
					"pivot": [8, 16, 0],
					"cubes": [
						{"origin": [-4.5, 14, -2], "size": [9, 7, 1], "uv": [0, 56]},
						{
							"origin": [-3.5, 16, -2.025],
							"size": [2.5, 3.5, 0],
							"uv": {
								"north": {"uv": [0, 72], "uv_size": [3, 4]},
								"east": {"uv": [0, 72], "uv_size": [0, 4]},
								"south": {"uv": [3, 72], "uv_size": [3, 4]},
								"west": {"uv": [3, 72], "uv_size": [0, 4]},
								"up": {"uv": [0, 72], "uv_size": [3, 0]},
								"down": {"uv": [3, 72], "uv_size": [3, 0]}
							}
						},
						{
							"origin": [1, 16, -2.025],
							"size": [2.5, 3.5, 0],
							"uv": {
								"north": {"uv": [0, 78], "uv_size": [3, 4]},
								"east": {"uv": [0, 72], "uv_size": [0, 4]},
								"south": {"uv": [3, 72], "uv_size": [3, 4]},
								"west": {"uv": [3, 72], "uv_size": [0, 4]},
								"up": {"uv": [0, 72], "uv_size": [3, 0]},
								"down": {"uv": [3, 72], "uv_size": [3, 0]}
							}
						},
						{"origin": [-3.5, 12.13192, -1.79541], "size": [7, 2, 1], "pivot": [-1, 13.13192, -1.29541], "rotation": [12.5, 0, 0], "uv": [0, 39]}
					]
				}
			]
		}
	]
}