{
   "animations": {
      "animation.rush_lights2": {
         "animation_length": 0.1,
         "loop": true,
         "timeline": {
            "0.0": [
               "/execute @s ~-13 ~-4 ~-20 fill ~30 ~ ~30 ~ ~30 ~ air 0 replace lantern",
               "/execute @s ~-13 ~-4 ~-20 fill ~30 ~ ~30 ~ ~30 ~ air 0 replace torch"
            ]
         }
      },
      "animation.rush_lights_off2": {
         "animation_length": 0.6,
         "loop": true,
         "timeline": {
            "0.5": [
               "/execute @s ~-13 ~-4 ~-20 fill ~30 ~ ~30 ~ ~30 ~ air 0 replace light_block",
               "/execute @s ~-13 ~-4 ~-20 fill ~30 ~ ~30 ~ ~30 ~ air 0 replace lantern",
               "/execute @s ~-13 ~-4 ~-20 fill ~30 ~ ~30 ~ ~30 ~ air 0 replace torch"
            ]
         }
      }
   },
   "format_version": "1.10.0"
}