{
	"format_version": "1.10.0",
	"particle_effect": {
		"description": {
			"identifier": "ic:candle_light",
			"basic_render_parameters": {
				"material": "particles_blend",
				"texture": "textures/particles/ic_guiding_light"
			}
		},
		"components": {
			"minecraft:emitter_rate_steady": {
				"spawn_rate": 3,
				"max_particles": 100
			},
			"minecraft:emitter_lifetime_once": {
				"active_time": 1
			},
			"minecraft:emitter_shape_sphere": {
				"radius": 1,
				"surface_only": true,
				"direction": [0, -1, 0]
			},
			"minecraft:particle_lifetime_expression": {
				"max_lifetime": 1
			},
			"minecraft:particle_initial_speed": 0.1,
			"minecraft:particle_motion_dynamic": {
				"linear_drag_coefficient": 1
			},
			"minecraft:particle_appearance_billboard": {
				"size": [0.2, 0.2],
				"facing_camera_mode": "rotate_xyz",
				"uv": {
					"texture_width": 16,
					"texture_height": 16,
					"uv": [0, 0],
					"uv_size": [16, 16]
				}
			},
			"minecraft:particle_appearance_tinting": {
				"color": {
					"interpolant": "v.particle_age / (v.particle_lifetime)",
					"gradient": {
						"0.0": "#ffffffff",
						"2.0": "#FF000000"
					}
				}
			}
		}
	}
}