{
	"format_version": "1.10.0",
	"particle_effect": {
		"description": {
			"identifier": "ic:crucifix_blue",
			"basic_render_parameters": {
				"material": "particles_blend",
				"texture": "textures/particles/ic_crucifix_blue"
			}
		},
		"components": {
			"minecraft:emitter_rate_steady": {
				"spawn_rate": 25,
				"max_particles": 100
			},
			"minecraft:emitter_lifetime_looping": {
				"active_time": 1
			},
			"minecraft:emitter_shape_box": {
				"half_dimensions": [2, 0, 2],
				"direction": "inwards"
			},
			"minecraft:particle_lifetime_expression": {
				"max_lifetime": 1
			},
			"minecraft:particle_initial_speed": 2,
			"minecraft:particle_motion_dynamic": {
				"linear_drag_coefficient": 2
			},
			"minecraft:particle_appearance_billboard": {
				"size": [0.2, 0.2],
				"facing_camera_mode": "rotate_xyz",
				"uv": {
					"texture_width": 16,
					"texture_height": 16,
					"uv": [0, 0],
					"uv_size": [16, 16]
				}
			}
		}
	}
}