{
	"format_version": "1.10.0",
	"particle_effect": {
		"description": {
			"identifier": "ic:guiding_light",
			"basic_render_parameters": {
				"material": "particles_blend",
				"texture": "textures/particles/ic_guiding_light"
			}
		},
		"components": {
			"minecraft:emitter_rate_steady": {
				"spawn_rate": 10,
				"max_particles": 100
			},
			"minecraft:emitter_lifetime_looping": {
				"active_time": 5
			},
			"minecraft:emitter_shape_box": {
				"half_dimensions": [1, 1, 1],
				"direction": ["math.random(2, -2)", "math.random(2, -2)", "math.random(2, -2)"]
			},
			"minecraft:particle_lifetime_expression": {
				"max_lifetime": 1
			},
			"minecraft:particle_initial_speed": 0.2,
			"minecraft:particle_motion_dynamic": {
				"linear_drag_coefficient": 1
			},
			"minecraft:particle_appearance_billboard": {
				"size": [0.05, 0.05],
				"facing_camera_mode": "rotate_xyz",
				"uv": {
					"texture_width": 16,
					"texture_height": 16,
					"uv": [0, 0],
					"uv_size": [16, 16]
				}
			},
			"minecraft:particle_appearance_tinting": {
				"color": {
					"interpolant": "v.particle_age / v.particle_lifetime",
					"gradient": {
						"0.0": "#ffffffff",
						"1.0": "#FF005163"
					}
				}
			}
		}
	}
}