{
	"format_version": "1.10.0",
	"particle_effect": {
		"description": {
			"identifier": "ic:skeleton_burst",
			"basic_render_parameters": {
				"material": "particles_blend",
				"texture": "textures/particles/ic_burst"
			}
		},
		"components": {
			"minecraft:emitter_rate_instant": {
				"num_particles": 30
			},
			"minecraft:emitter_lifetime_once": {
				"active_time": 1
			},
			"minecraft:emitter_shape_point": {},
			"minecraft:particle_lifetime_expression": {
				"max_lifetime": "math.random(1,3)"
			},
			"minecraft:particle_initial_speed": "math.random(1,2)",
			"minecraft:particle_motion_dynamic": {
				"linear_acceleration": [0, -0.1, 0],
				"linear_drag_coefficient": 0.5
			},
			"minecraft:particle_appearance_billboard": {
				"size": [0.3, 0.3],
				"facing_camera_mode": "rotate_xyz",
				"uv": {
					"texture_width": 16,
					"texture_height": 16,
					"uv": [0, 0],
					"uv_size": [16, 16]
				}
			},
			"minecraft:particle_appearance_lighting": {},
			"minecraft:particle_appearance_tinting": {
				"color": [0.99608, 1, 0.91765, 1]
			}
		}
	}
}