{
  "format_version": "1.10.0",
  "minecraft:client_entity": {
    "description": {
      "identifier": "ic:a120",
      "textures": {
        "default": "textures/entity/ic_A120"
      },
      "materials": {
        "default": "entity_emissive_alpha"
      },
      "geometry": {
        "default": "geometry.ic_A120"
      },
      "sound_effects": {
        "ambient_far": "mob.a120.ambient_far"
      },
      "spawn_egg": {
        "texture": "ic:a120",
        "texture_index": 0
      },
      "render_controllers": [
        "controller.render.default"
      ],
      "animations": {
        "idle": "animation.ic_a120.default",
        "far": "animation.a120.far"
      },
      "scripts": {
      "should_update_bones_and_effects_offscreen": true,
        "animate": [
        { "idle": "!query.is_riding"},
        "far",
        "close"
        ]
      }
    }
  }
}