{
  "format_version": "1.10.0",
  "minecraft:client_entity": {
    "description": {
      "identifier": "ic:eyes",
      "textures": {
        "default": "textures/entity/ic_eyes"
      },
      "materials": {
        "default": "entity_emissive_alpha"
      },
      "geometry": {
        "default": "geometry.ic_eyes"
      },
      "particle_effects": {
        "eyes_particle": "ic:eyes_particle"
      },
      "sound_effects": {
        "whisper": "mob.eyes.ambient" 
      },
      "spawn_egg": {
        "texture": "ic:eyes",
        "texture_index": 0
      },
      "render_controllers": [
        "controller.render.default"
      ],
      "animations": {
        "idle": "animation.eyes.stationary",
        "activate": "animation.eyes.whisper",
        "banish": "animation.ic_entity.banished"
      },
      "scripts": {
        "animate": [
        "idle",
        "activate",
        {"banish" : "query.is_riding"}
        ]
      }
    }
  }
}