{
  "format_version": "1.10.0",
  "minecraft:client_entity": {
    "description": {
      "identifier": "ic:glitch",
      "textures": {
        "default": "textures/entity/ic_glitch"
      },
      "materials": {
        "default": "entity_emissive_alpha"
      },
      "geometry": {
        "default": "geometry.ic_glitch"
      },
      "particle_effects": {
        "glitch_particle": "ic:glitch_particle"
      },
      "spawn_egg": {
        "texture": "ic:glitch",
        "texture_index": 0
      },
      "render_controllers": [
        "controller.render.default"
      ],
      "animations": {
      "head" : "animation.humanoid.look_at_target.default",
        "walk": "animation.ic_seek.chase",
        "chained": "animation.ic_seek.crucifix",
        "idle": "animation.ic_seek.idle",
        "trail": "animation.ic_glitch.particle",
        "jumpscare": "animation.ic_seek.jumpscare", 
        "seek_controls" : "controller.animation.seek"
      },
      "scripts": {
        "animate": [
        "head",
        "trail",
        {"chained": "query.is_riding"},
          "seek_controls"
        ]
      }
    }
  }
}