{
  "format_version": "1.10.0",
  "minecraft:client_entity": {
    "description": {
      "identifier": "ic:rift",
      "textures": {
        "default": "textures/entity/ic_rift"
      },
      "materials": {
        "default": "entity_beam_additive",
        "glow": "entity_beam_additive" 
      },
      "geometry": {
        "default": "geometry.ic_rift"
      },
      "particle_effects": {
        "rift_particle": "ic:rift_light"
      },
      "spawn_egg": {
        "texture": "ic:rift",
        "texture_index": 0
      },
      "render_controllers": [
        "controller.render.default"
      ],
      "animations": {
        "idle": "animation.ic_rift.default"
      },
      "scripts": {
      "should_update_bones_and_effects_offscreen": true,
        "animate": [
        "idle"
        ]
      }
    }
  }
}