{
  "format_version": "1.10.0",
  "minecraft:client_entity": {
    "description": {
      "identifier": "ic:screech",
      "textures": {
        "default": "textures/entity/ic_screech"
      },
      "materials": {
        "default": "entity_emissive_alpha"
      },
      "geometry": {
        "default": "geometry.ic_screech"
      },
      "sound_effects": {
        "psst": "mob.screech.hint",
        "caught": "mob.screech.caught"
      },
      "render_controllers": [
        "controller.render.default"
      ],
      "animations": {
        "idle": "animation.ic_screech.idle",
        "psst": "animation.ic_screech.psst",
        "shocked": "animation.ic_screech.shocked",
        "banish": "animation.ic_entity.banished",
        "jumpscare": "animation.ic_screech.jumpscare", 
        "screech_controls" : "controller.animation.screech"
      },
      "spawn_egg": {
        "texture": "ic:screech",
        "texture_index": 0
      },
      "scripts": {
        "animate": [
        "head",
        "psst",
        {"banish": "query.is_riding"},
        {"shocked": "query.variant ==1"},
          "screech_controls"
        ]
      }
    }
  }
}