{
  "format_version": "1.10.0",
  "minecraft:client_entity": {
    "description": {
      "identifier": "ic:seek_hand",
      "textures": {
        "default": "textures/entity/ic_seek_hand"
      },
      "materials": {
        "default": "entity_emissive_alpha"
      },
      "geometry": {
        "default": "geometry.ic_seek_hand"
      },
      "render_controllers": [
        "controller.render.default"
      ],
      "spawn_egg": {
        "texture": "ic:seek_hand",
        "texture_index": 0
      },
      "animations": {
      "idle": "animation.ic_seek_hand.reach"
      },
      "scripts": {
        "animate": [
          "idle"
        ]
      }
    }
  }
}