{
   "format_version": "1.13.0",
   "minecraft:entity": {
      "description": {
         "identifier": "doors:eyes",
         "is_spawnable": true,
         "is_summonable": true,
         "is_experimental": false,
         "scripts": {
            "animate": [
               "look",
               "sound"
            ]
         },
         "animations": {
            "sound": "controller.animation.eyes_sound",
            "look": "controller.animation.eyes_look"
         }
      },
      "component_groups": {
         "minecraft:enderman_calm": {
            "minecraft:on_target_acquired": {
               "event": "minecraft:become_angry",
               "target": "self"
            },
            "minecraft:movement": {
               "value": 0
            }
         },
         "minecraft:enderman_angry": {
            "minecraft:angry": {
               "duration": 25,
               "calm_event": {
                  "event": "minecraft:on_calm",
                  "target": "self"
               }
            },
            "minecraft:movement": {
               "value": 0
            },
            "minecraft:behavior.melee_attack": {
               "priority": 2
            }
         }
      },
      "components": {
         "minecraft:attack": {
            "damage": 0
         },
         "minecraft:type_family": {
            "family": [
               "doors_creature"
            ]
         },
         "minecraft:collision_box": {
            "height": 2,
            "width": 0.4
         },
         "minecraft:underwater_movement": {
            "value": 0.06
         },
         "minecraft:movement.generic": {},
         "minecraft:jump.static": {},
         "minecraft:can_climb": {},
         "minecraft:health": {
            "value": 100,
            "max": 100
         },
         "minecraft:movement": {
            "value": 0
         },
         "minecraft:navigation.generic": {
            "is_amphibious": true,
            "can_path_over_water": false,
            "can_break_doors": true,
            "can_swim": false,
            "can_walk": true,
            "avoid_sun": false
         },
         "minecraft:behavior.move_towards_restriction": {
            "priority": 5,
            "speed_multiplier": 1
         },
         "minecraft:behavior.random_stroll": {
            "priority": 6,
            "speed_multiplier": 1
         },
         "minecraft:behavior.look_at_player": {
            "priority": 7,
            "look_distance": 6,
            "probability": 0.02
         },
         "minecraft:behavior.random_look_around": {
            "priority": 7
         },
         "minecraft:behavior.hurt_by_target": {
            "priority": 3
         },
         "minecraft:physics": {},
         "minecraft:on_target_acquired": {
            "event": "on:target_acquired",
            "target": "self"
         },
         "minecraft:on_target_escape": {
            "event": "on:target_escape",
            "target": "self"
         },
         "minecraft:experience_reward": {
            "on_death": "query.last_hit_by_player ? 10 : 0"
         },
         "minecraft:scale": {
            "value": 1
         },
         "minecraft:behavior.melee_attack": {
            "priority": 2,
            "speed_multiplier": 13,
            "target_dist": 0,
            "max_dist": 3,
            "random_stop_interval": 100,
            "track_target": true,
            "reach_multiplier": 1
         },
         "minecraft:behavior.owner_hurt_by_target": {
            "priority": 1
         },
         "minecraft:behavior.owner_hurt_target": {
            "priority": 2
         },
         "minecraft:behavior.float": {
            "priority": 2,
            "speed_multiplier": 1
         },
         "minecraft:on_death": {
            "event": "on:death",
            "target": "self"
         },
         "minecraft:on_hurt": {
            "event": "on:hurt",
            "target": "self"
         },
         "minecraft:on_hurt_by_player": {
            "event": "on:hurt_by_player",
            "target": "self"
         },
         "minecraft:on_ignite": {
            "event": "on:ignite",
            "target": "self"
         },
         "minecraft:on_wake_with_owner": {
            "event": "on:wake_with_owner",
            "target": "self"
         },
         "minecraft:spawn_entity": [
            {
               "min_wait_time": 1,
               "max_wait_time": 1,
               "spawn_entity": "r:look_pro",
               "spawn_sound": "as",
               "num_to_spawn": 1
            }
         ],
         "minecraft:knockback_resistance": {
            "value": 60
         },
         "minecraft:behavior.nearest_attackable_target": {
            "priority": 2,
            "reselect_targets": true,
            "must_see": true,
            "within_radius": 12,
            "must_see_forget_duration": 17,
            "persist_time": 0.5,
            "entity_types": [
               {
                  "filters": {
                     "any_of": [
                        {
                           "test": "is_family",
                           "subject": "other",
                           "value": "stare"
                        }
                     ]
                  },
                  "max_dist": 20,
                  "must_see": false
               },
               {
                  "filters": {
                     "all_of": [
                        {
                           "test": "in_water",
                           "subject": "other",
                           "operator": "!=",
                           "value": true
                        }
                     ]
                  },
                  "max_dist": 35
               }
            ]
         },
         "minecraft:follow_range": {
            "value": 10
         },
         "minecraft:spawn_entity": [
            {
               "min_wait_time": 2,
               "max_wait_time": 2,
               "spawn_entity": "r:eyes_target",
               "spawn_sound": "as",
               "num_to_spawn": 1
            }
         ]
      },
      "events": {
         "on:death": {
            "run_command": {
               "command": []
            }
         },
         "on:hurt": {
            "run_command": {
               "command": []
            }
         },
         "on:hurt_by_player": {
            "run_command": {
               "command": []
            }
         },
         "on:target_acquired": {
            "run_command": {
               "command": []
            }
         },
         "minecraft:entity_spawned": {
            "remove": {},
            "add": {
               "component_groups": [
                  "minecraft:enderman_calm"
               ]
            }
         },
         "minecraft:become_angry": {
            "remove": {
               "component_groups": [
                  "minecraft:enderman_calm"
               ]
            },
            "add": {
               "component_groups": [
                  "minecraft:enderman_angry"
               ]
            }
         },
         "minecraft:become_angry": {
            "remove": {
               "component_groups": [
                  "minecraft:enderman_calm"
               ]
            },
            "add": {
               "component_groups": [
                  "minecraft:enderman_angry"
               ]
            }
         }
      }
   }
}