{
  "format_version": "1.13.0",
  "minecraft:entity": {
    "description": {
      "identifier": "ic:cupboard",
      "is_spawnable": true,
      "is_summonable": true,
      "is_experimental": false,
      "scripts": {
				"animate": [
				"position",
				"hide",
				"jack"
		]
			},
			"animations": {
			"jack_chance": "animation.jack.appear",
			"jack_offset": "animation.jack.offset",
			"jack": "controller.animation.jack_mechanics",
	"exit": "animation.cupboard.hide",
	"position": "animation.position",
	"hide": "controller.animation.hide_mechanics"  
			}  
    },
    "component_groups": {
    "jack": {
                "minecraft:addrider":{
    "entity_type": "ic:jack"
}
			},
"exit": {
                "minecraft:transformation": {
                    "into": "ic:cupboard"
                }
			}
					},
    "components": {
      "minecraft:type_family": {
        "family": [ "inanimate","doors"]
      },
      "minecraft:damage_sensor": {
      "damage_conditions": [
          {
            "filters": { "test": "in_lava", "subject": "self", "operator": "==", "value": true },
            "cause": "lava",
            "damage_per_tick": 4
          }
        ], 
        "triggers": {
          "cause": "all",
          "deals_damage": false
        }
      },
      "minecraft:knockback_resistance": {
        "value": 1.0,
        "max": 1.0
      },
      "minecraft:scale": {
        "value": 1.0
      },
      "minecraft:collision_box": {
        "width": 1.2,
        "height": 2.5
      },
      "minecraft:health": {
        "value": 80,
        "max": 80
      },
      "minecraft:rideable": {
					"seat_count": 1,
					"rider_can_interact": false,
					"seats": [
						{
							"position": [0, 0.3, 0.0],
							"lock_rider_rotation": 0 
						}
					]
				}, 
      "minecraft:is_stackable": {
      },
      "minecraft:physics": {
      "has_gravity" : true
      },
      "minecraft:pushable": {
        "is_pushable": false,
        "is_pushable_by_piston": true
      }
    },
    "events": { 
    "ic:jack_appear": {
        "add": {
          "component_groups": ["jack"] 
        }
      },
        "ic:force_exit": {
        "add": {
          "component_groups": ["exit"] 
        }
      }
    }  
  }
}