{
  "format_version": "1.13.0",
  "minecraft:entity": {
    "description": {
      "identifier": "ic:door_main",
      "is_spawnable": true,
      "is_summonable": true,
      "is_experimental": false, 
      "scripts": {
				"animate": [
		  "position",
		"close"
		]
			},
			"animations": {
				"position": "animation.door_position",
				"close": "animation.door_close"
			} 
    },
    "component_groups": {
    "open_standby": {
                "minecraft:entity_sensor": {
          "sensor_range":2,
          "relative_range": false,
          "require_all": false,
          "event_filters": { 
			"any_of": [
				{"test": "is_family", "subject": "other", "value": "player" }
			]
		  },
          "event": "open_main"
        }
			},
    "open": {
                "minecraft:transformation": {
                    "into": "ic:door_open_main"
                }
			}
		}, 
    "components": {
      "minecraft:type_family": {
        "family": [ "inanimate","doors"]
      },
      "minecraft:damage_sensor": {
        "triggers": {
          "cause": "all",
          "deals_damage": false
        }
      },
      "minecraft:knockback_resistance": {
        "value": 1.0,
        "max": 1.0
      },
      "minecraft:collision_box": {
        "width": 0.5,
        "height": 0.8
      },
      "minecraft:health": {
        "value": 100,
        "max": 100
      },
      "minecraft:loot": {
        "table": "loot_tables/entities/boat.json"
      },
      "minecraft:physics": {
      "has_gravity" : false,
      "has_collision" : false 
      },
      "minecraft:timer": {
				"looping": false,
				"randomInterval": false,
				"time": 3,
				"time_down_event": {
					"event": "open_standby_main"
				}
			},
      "minecraft:on_hurt": {
        "event": "on:hurt",
        "target": "self"
      }
    }, 
    "events": { 
    "minecraft:entity_transformed": {
				"add": {
					"component_groups": ["test"]
				}
			},
			"open_standby_main": {
        "add": {
          "component_groups": ["open_standby"] 
        }
      },
        "open_main": {
        "add": {
          "component_groups": ["open"] 
        }
      }
    }  
  }
}