{
   "format_version": "1.13.0",
   "minecraft:entity": {
      "description": {
         "identifier": "doors:screech",
         "is_spawnable": true,
         "is_summonable": true,
         "is_experimental": false,
         "scripts": {
            "animate": [
               "look",
               "tp"
            ]
         },
         "animations": {
            "look": "controller.animation.screech_look",
            "tp": "controller.animation.screech_tp"
         }
      },
      "component_groups": {
         "minecraft:remove": {
            "minecraft:despawn": {}
         },
         "minecraft:is_dead": {
            "minecraft:transformation": {
               "into": "doors:screech_d"
            }
         }
      },
      "components": {
         "minecraft:attack": {
            "damage": 5
         },
         "minecraft:type_family": {
            "family": [
               "doors_creature",
               "screech"
            ]
         },
         "minecraft:collision_box": {
            "height": 2,
            "width": 0.4
         },
         "minecraft:underwater_movement": {
            "value": 0.06
         },
         "minecraft:movement.generic": {},
         "minecraft:jump.static": {},
         "minecraft:can_climb": {},
         "minecraft:health": {
            "value": 101,
            "max": 101
         },
         "minecraft:movement": {
            "value": 0.04
         },
         "minecraft:navigation.generic": {
            "is_amphibious": true,
            "can_path_over_water": false,
            "can_break_doors": true,
            "can_swim": false,
            "can_walk": true,
            "avoid_sun": false
         },
         "minecraft:behavior.move_towards_restriction": {
            "priority": 5,
            "speed_multiplier": 1
         },
         "minecraft:behavior.random_stroll": {
            "priority": 6,
            "speed_multiplier": 1
         },
         "minecraft:behavior.look_at_player": {
            "priority": 7,
            "look_distance": 6,
            "probability": 0.02
         },
         "minecraft:behavior.random_look_around": {
            "priority": 7
         },
         "minecraft:behavior.hurt_by_target": {
            "priority": 3
         },
         "minecraft:physics": {},
         "minecraft:on_target_acquired": {
            "event": "on:target_acquired",
            "target": "self"
         },
         "minecraft:on_target_escape": {
            "event": "on:target_escape",
            "target": "self"
         },
         "minecraft:experience_reward": {
            "on_death": "query.last_hit_by_player ? 10 : 0"
         },
         "minecraft:scale": {
            "value": 1
         },
         "minecraft:behavior.melee_attack": {
            "priority": 2,
            "speed_multiplier": 13,
            "target_dist": 0,
            "max_dist": 3,
            "random_stop_interval": 100,
            "track_target": true,
            "reach_multiplier": 1
         },
         "minecraft:behavior.owner_hurt_by_target": {
            "priority": 1
         },
         "minecraft:behavior.owner_hurt_target": {
            "priority": 2
         },
         "minecraft:behavior.float": {
            "priority": 2,
            "speed_multiplier": 1
         },
         "minecraft:on_death": {
            "event": "on:death",
            "target": "self"
         },
         "minecraft:on_hurt": {
            "event": "on:hurt",
            "target": "self"
         },
         "minecraft:on_hurt_by_player": {
            "event": "on:hurt_by_player",
            "target": "self"
         },
         "minecraft:on_ignite": {
            "event": "on:ignite",
            "target": "self"
         },
         "minecraft:on_wake_with_owner": {
            "event": "on:wake_with_owner",
            "target": "self"
         },
         "minecraft:follow_range": {
            "value": 1000
         },
         "minecraft:spawn_entity": [
            {
               "min_wait_time": 5,
               "max_wait_time": 5,
               "spawn_entity": "r:psst",
               "spawn_sound": "as",
               "num_to_spawn": 1
            }
         ],
         "minecraft:behavior.nearest_attackable_target": {
            "priority": 1,
            "within_radius": 100,
            "entity_types": [
               {
                  "filters": {
                     "other_with_families": [
                        "warden",
                        "cartoon_cat",
                        "bendy",
                        "sirenhead",
                        "cartoon_dog",
                        "brute_boris",
                        "beast_bendy"
                     ]
                  },
                  "max_dist": 100,
                  "sprint_speed_multiplier": 1.1
               }
            ],
            "must_see": true,
            "must_see_forget_duration": 10
         },
         "minecraft:lookat": {
            "search_radius": 64,
            "set_target": true,
            "look_cooldown": 1,
            "filters": {
               "all_of": [
                  {
                     "subject": "other",
                     "test": "is_family",
                     "value": "player"
                  },
                  {
                     "test": "has_equipment",
                     "domain": "head",
                     "subject": "other",
                     "operator": "not",
                     "value": "carved_pumpkin"
                  }
               ]
            }
         },
         "minecraft:physics": {}
      },
      "events": {
         "on:death": {
            "run_command": {
               "command": []
            }
         },
         "on:hurt": {
            "run_command": {
               "command": []
            }
         },
         "on:hurt_by_player": {
            "run_command": {
               "command": []
            }
         },
         "on:ignite": {
            "run_command": {
               "command": []
            }
         },
         "on:target_acquired": {
            "run_command": {
               "command": []
            }
         },
         "on:target_escape": {
            "run_command": {
               "command": []
            }
         },
         "on:wake_with_owner": {
            "run_command": {
               "command": []
            }
         },
         "minecraft:remove": {
            "add": {
               "component_groups": [
                  "minecraft:remove"
               ]
            }
         },
         "on:death": {
            "add": {
               "component_groups": [
                  "minecraft:is_dead"
               ]
            }
         }
      }
   }
}