{
	"format_version": "1.10.0",
	"animation_controllers": {
	  "controller.animation.jumpscare_jack": {
		"initial_state": "default",
		"states": {
		  "default": {
			"transitions": [
			  {
				"attack": "variable.attack_time > 0 && !query.is_stunned"
			  },
			  {
				"add": "query.has_rider && !query.is_stunned"
			  }
			]
		  },
		  "attack": {
			"transitions": [
			  {
				"default": "1.0"
			  }
			],
			"on_entry": [
                "/function jumpscare_jack", 
				"/tag @s add jack"
			 ]
		  },
		  "add": {
			"transitions": [
			  {
				"default": "1.0"
			  }
			],
			"on_entry": [
				"/scoreboard objectives add jack dummy",
				"/effect @e[r=4,type=!ic:jack] blindness 1 1 true",  
				"/scoreboard players add @e[r=3,family=!doors] jack 1",
				"/execute @e[scores={jack=8..1000}] ~ ~ ~ event entity @e[type=ic:jack,r=5] ic:jumpscare_stop",
				"/execute @e[scores={jack=8..1000}] ~ ~ ~ tag @e[type=ic:jack,r=5] remove jack",
				"/execute @e[scores={jack=8..1000}] ~ ~ ~ event entity @e[type=ic:jack,r=2] ic:despawn",
				"/scoreboard players set @a[scores={jack=8..1000}] jack 0"
			 ]
		  }
		}
	  }
  }
}