{
   "resource_pack_name": "vanilla",
   "texture_name": "atlas.items",
   "texture_data": {
      "eyes": {
         "textures": "textures/items/eyes"
      },
      "glitch": {
         "textures": "textures/items/glitch"
      },
      "depth": {
         "textures": "textures/items/depth"
      },
      "greed": {
         "textures": "textures/items/greed"
      },
      "silence": {
         "textures": "textures/items/silence"
      },
      "timothy": {
         "textures": "textures/items/timothy"
      },
      "shadow": {
         "textures": "textures/items/shadow"
      },
      "guiding_light": {
         "textures": "textures/items/guiding_light"
      },
      "windows": {
         "textures": "textures/items/windows"
      },
      "door_title": {
         "textures": "textures/items/door_title"
      },
      "closet": {
         "textures": "textures/items/closet"
      },
      "ambush": {
         "textures": "textures/items/ambush"
      },
      "seek_eye": {
         "textures": "textures/items/seek_eye"
      },
      "seek_hand": {
         "textures": "textures/items/seek_hand"
      },
      "screech": {
         "textures": "textures/items/screech"
      },
      "halt": {
         "textures": "textures/items/halt"
      },
      "turn": {
         "textures": "textures/items/turn"
      },
      "turn2": {
         "textures": "textures/items/turn2"
      },
      "rush": {
         "textures": "textures/items/rush"
      },
      "jack": {
         "textures": "textures/items/jack"
      },
      "seek": {
         "textures": "textures/items/seek"
      },
      "figure": {
         "textures": "textures/items/figure"
      },
      "figure2": {
         "textures": "textures/items/figure2"
      },
      "figure3": {
         "textures": "textures/items/figure3"
      },
      "figure4": {
         "textures": "textures/items/figure4"
      },
      "r:vitamin": {
         "textures": "textures/items/pamobile/r_vitamin"
      },
      "r:lighter": {
         "textures": "textures/items/pamobile/r_lighter"
      },
      "r:lighter2": {
         "textures": "textures/items/pamobile/r_lighter2"
      }
   }
}