{
  "resource_pack_name": "vanilla",
  "texture_name": "atlas.terrain",
  "padding": 8,
  "num_mip_levels": 4,
  "texture_data": {
    "r_carpet1": {
      "textures": [
        "textures/blocks/r_carpet1"
      ]
    },
    "r_carpet2": {
      "textures": [
        "textures/blocks/r_carpet2"
      ]
    },
    "r_carpet3": {
      "textures": [
        "textures/blocks/r_carpet3"
      ]
    },
    "among_wall_candle": {
      "textures": [
        "textures/blocks/among_wall_candle"
      ]
    },
    "among_drawer": {
      "textures": [
        "textures/blocks/among_drawer"
      ]
    }
  }
}