{
  "format_version": "1.10.0",
  "minecraft:client_entity": {
    "description": {
      "identifier": "ic:door_skull",
      "textures": {
        "default": "textures/entity/furnitures/ic_door"
      },
      "materials": {
        "default": "entity_alphatest"
      },
      "sound_effects": {
        "open": "door.interact.open",
        "close": "door.interact.close" 
      },
      "spawn_egg": {
        "texture": "ic:door_skull",
        "texture_index": 0
      },
      "render_controllers": [
        "controller.render.default"
      ],
      "geometry": {
        "default": "geometry.ic_door_skeleton"
      }
    }
  }
}