{
	"format_version": "1.8.0",
	"animations": {
		"animation.eyes.general": {
			"loop": true,
			"animation_length": 1,
			"bones": {
				"bb_main": {
					"position": [0, 1, 0],
					"scale": {
						"0.0": [0.7, 0.7, 1],
						"0.5": [0.8, 0.7, 1]
					}
				}
			}
		},
		"animation.eyes.attack": {
			"animation_length": 0.54167,
			"bones": {
				"bb_main": {
					"scale": [0.4, 0.4, 1]
				}
			}
		},
		"animation.eyes.moving": {
			"loop": true,
			"animation_length": 1,
			"bones": {
				"bb_main": {
					"scale": {
						"0.0": [0.7, 0.7, 1],
						"0.5": [0.8, 0.7, 1],
						"1.0": [0.7, 0.7, 1]
					}
				}
			}
		}
	}
}