{
	"format_version": "1.8.0",
	"animations": {
		"animation.figure.general": {
			"loop": true,
			"animation_length": 1.25,
			"bones": {
				"Head": {
					"rotation": {
						"0.0": {
							"post": [2.5, 0, 0],
							"lerp_mode": "catmullrom"
						},
						"0.5": {
							"post": [15, 0, 0],
							"lerp_mode": "catmullrom"
						},
						"0.5833": {
							"post": [36.68, 0, 0],
							"lerp_mode": "catmullrom"
						},
						"1.25": {
							"post": [0, 2.5, 0],
							"lerp_mode": "catmullrom"
						}
					},
					"position": {
						"0.0": {
							"post": [0, 0, 0],
							"lerp_mode": "catmullrom"
						},
						"0.5": {
							"post": [0, 0, -2],
							"lerp_mode": "catmullrom"
						},
						"1.0": {
							"post": [0, 0, 0],
							"lerp_mode": "catmullrom"
						}
					}
				},
				"Arm1": {
					"rotation": {
						"0.0": {
							"post": [-4.64394, -20.90443, 16.42573],
							"lerp_mode": "catmullrom"
						},
						"0.25": {
							"post": [10, 0, 0],
							"lerp_mode": "catmullrom"
						},
						"0.75": {
							"post": [-9.6658, 2.57594, 14.78217],
							"lerp_mode": "catmullrom"
						},
						"1.25": {
							"post": [-22.20765, -20.70481, 19.10661],
							"lerp_mode": "catmullrom"
						}
					},
					"position": {
						"0.0": {
							"post": [0, 0, 0],
							"lerp_mode": "catmullrom"
						},
						"1.0": {
							"post": [0, 0, 0],
							"lerp_mode": "catmullrom"
						}
					}
				},
				"Arm2": {
					"rotation": {
						"0.0": {
							"post": [8.49692, -18.17696, -3.39594],
							"lerp_mode": "catmullrom"
						},
						"0.75": {
							"post": [-9.76758, -2.15393, -12.31594],
							"lerp_mode": "catmullrom"
						},
						"1.25": {
							"post": [-5.89821, -11.31335, -9.15589],
							"lerp_mode": "catmullrom"
						}
					},
					"position": {
						"0.0": {
							"post": [0, 0, 0],
							"lerp_mode": "catmullrom"
						}
					}
				},
				"Body": {
					"rotation": {
						"0.0": {
							"post": [0, 0, 0],
							"lerp_mode": "catmullrom"
						},
						"1.0": {
							"post": [-7.5, 0, 0],
							"lerp_mode": "catmullrom"
						}
					},
					"position": {
						"0.0": {
							"post": [0, -1, 0],
							"lerp_mode": "catmullrom"
						},
						"0.0833": {
							"post": [0, 0.05, 0],
							"lerp_mode": "catmullrom"
						},
						"1.0": {
							"post": [0, 0, 0],
							"lerp_mode": "catmullrom"
						}
					}
				},
				"Midarm1": {
					"rotation": {
						"0.0": [0, 0, 7.5],
						"0.5": [-10.86815, 6.2127, 29.40842],
						"1.0": [-27.56928, -34.22348, 28.86452]
					}
				},
				"Forearm1": {
					"rotation": {
						"0.0": [0, 0, -10],
						"0.5": [-14.48174, 9.93191, 33.735],
						"0.75": [-8.65214, 1.45468, -17.92815],
						"1.0": [0, 0, -37.5]
					}
				},
				"Midarm2": {
					"rotation": {
						"0.0": [0, 0, -5],
						"0.5": [-8.6822, -4.98093, -29.62166],
						"0.75": [-3.22892, -3.82429, -41.04741],
						"1.0": [17.5, 0, -12.5]
					}
				},
				"Forearm2": {
					"rotation": {
						"0.0": [0, 0, 10],
						"0.5": [-39.32466, 7.9972, 9.63846],
						"0.75": [-16.30219, 11.83264, 40.0617],
						"1.0": [-15, 0, 22.5]
					}
				},
				"Leg2": {
					"rotation": [0.44067, -9.99038, -2.53852]
				},
				"Shin2": {
					"rotation": [-0.94837, 0.13824, 2.59151]
				},
				"Leg1": {
					"rotation": [2.25754, 4.85556, 7.34775]
				},
				"Shin1": {
					"rotation": [0, 0, -5]
				},
				"bone": {
					"scale": [1.2, 1.2, 1.1]
				},
				"body2": {
					"rotation": {
						"0.0": [0, 0, 0],
						"0.5": [10, 0, 0],
						"1.0": [2.5, 0, 0],
						"1.25": [10, 0, 0]
					}
				},
				"Ribs": {
					"scale": [1, 1, 1.2]
				}
			}
		},
		"animation.figure.moving": {
			"loop": true,
			"animation_length": 1,
			"blend_weight": "1",
			"bones": {
				"Body": {
					"rotation": {
						"0.0": [5, 5, 0],
						"0.5": [4.98558, -2.47162, -0.65242],
						"1.0": [5, 5, 0]
					}
				},
				"Arm1": {
					"rotation": {
						"0.0": [8.0634, -21.07593, 68.49762],
						"0.4167": [-30.16728, -6.11327, 20.98832],
						"0.5": [-22.44306, 13.41892, 62.04969],
						"1.0": [-7.31955, -12.51804, 78.91307]
					}
				},
				"Midarm1": {
					"rotation": {
						"0.0": [-14.90919, 17.04679, 47.75317],
						"0.5": [-68.19489, -2.23575, 10.35538],
						"1.0": [-19.25656, 11.86554, 30.48005]
					}
				},
				"Forearm1": {
					"rotation": {
						"0.0": [-31.60659, -7.99365, -12.73415],
						"0.5": [32.60461, -10.51397, 14.21794],
						"1.0": [-28.88636, -15.58394, -25.96295]
					}
				},
				"Arm2": {
					"rotation": {
						"0.0": [-18.25612, -8.31087, -33.66235],
						"0.4167": [49.93036, 1.75907, -13.77799],
						"0.5": [20.33815, 18.90438, -51.62756],
						"0.9167": [-19.59726, 0.35181, -10.7556],
						"1.0": [-24.56488, -10.58927, -40.90686]
					}
				},
				"Midarm2": {
					"rotation": {
						"0.0": [-19.14315, -5.90317, -16.50371],
						"0.5": [43.57186, -9.27313, -11.84176],
						"0.9167": [-33.75, 0, 0],
						"1.0": [45.48682, 16.00653, -0.16919]
					}
				},
				"Forearm2": {
					"rotation": {
						"0.0": [-20.99692, 18.17696, 39.10406],
						"0.5": [-43.06133, -14.97369, -15.78204],
						"1.0": [35, 0, 0]
					}
				},
				"Leg1": {
					"rotation": {
						"0.0": [-37.5, 0, 0],
						"0.4167": [34.58, 0, 0],
						"0.5": [25, 0, 0],
						"0.875": [-76.87, 0, 0],
						"1.0": [-37.5, 0, 0]
					}
				},
				"Shin1": {
					"rotation": {
						"0.0": [37.5, 0, 0],
						"0.1667": [21.67, 0, 0],
						"0.4167": [61.04, 0, 0],
						"0.5": [57.5, 0, 0],
						"0.875": [62.5, 0, 0],
						"1.0": [37.5, 0, 0]
					}
				},
				"Leg2": {
					"rotation": {
						"0.0": [37.5, 0, 0],
						"0.4167": [-72.92, 0, 0],
						"0.5": [-35, 0, 0],
						"1.0": [37.5, 0, 0]
					}
				},
				"Shin2": {
					"rotation": {
						"0.0": [42.5, 0, 0],
						"0.1667": [56.67, 0, 0],
						"0.4167": [73.54, 0, 0],
						"0.5": [32.5, 0, 0],
						"1.0": [42.5, 0, 0]
					}
				},
				"bone": {
					"position": {
						"0.0": [0, -2, 0],
						"0.1667": [0, 0.31, 0],
						"0.4167": [0, -4.56, 0],
						"0.5417": [0, -1, 0],
						"0.8333": [0, -0.64, 0],
						"1.0": [0, -2, 0]
					},
					"scale": [1.1, 1.1, 1]
				},
				"Head": {
					"rotation": {
						"0.0": [-2.5, 0, 0],
						"0.4583": [-12.5, 0, 0],
						"1.0": [2.5, 0, 0]
					}
				},
				"body2": {
					"rotation": {
						"0.0": [2.5, 0, -2.5],
						"0.5": [17.5, 0, -2.5],
						"1.0": [5, 0, -2.5]
					}
				}
			}
		},
		"animation.figure.dead": {
			"loop": "hold_on_last_frame",
			"animation_length": 1,
			"bones": {
				"bone": {
					"rotation": {
						"0.0": [0, 0, 0],
						"0.5": [-17.5, 0, 0],
						"1.0": [-72.5, 0, 0]
					},
					"position": {
						"0.0": [0, 0, 0],
						"1.0": [0, -6, 0]
					},
					"scale": [1.2, 1.2, 1]
				},
				"Leg2": {
					"rotation": {
						"0.0": [0, 0, 0],
						"0.5": [-57.5, 0, 0],
						"1.0": [-31.28223, -9.29798, -14.89149]
					}
				},
				"Shin2": {
					"rotation": {
						"0.0": [0, 0, 0],
						"0.5": [35, 0, 0],
						"1.0": [22.57734, 4.61854, 1.91757]
					}
				},
				"Leg1": {
					"rotation": {
						"0.0": [0, 0, 0],
						"1.0": [-20, 0, 0]
					}
				},
				"Shin1": {
					"rotation": [0, 0, 0]
				},
				"Body": {
					"rotation": {
						"0.0": [0, 0, 0],
						"0.5": [-17.5, 0, 0],
						"1.0": [-12.5, 0, 0]
					}
				},
				"Arm1": {
					"rotation": {
						"0.0": [0, 0, 0],
						"0.5": [-50, 0, 22.5],
						"1.0": [0, 0, 22.5]
					}
				},
				"Midarm1": {
					"rotation": {
						"0.0": [-2.5, 0, 0],
						"0.5": [-52.5, 0, 0],
						"1.0": [-3.49554, -3.74196, 29.78729]
					}
				},
				"Forearm1": {
					"rotation": {
						"0.0": [0, 0, 0],
						"0.5": [-65, 0, 0],
						"1.0": [-3.9705, 3.04137, 37.39455]
					}
				},
				"Arm2": {
					"rotation": {
						"0.0": [0, 0, 0],
						"0.5": [-19.8423, -2.55868, -24.55239],
						"1.0": [2.6577, -2.55868, -24.55239]
					}
				},
				"Midarm2": {
					"rotation": {
						"0.0": [0, 0, 0],
						"0.5": [20, 0, 0],
						"1.0": [-12.58396, 10.7036, -14.38117]
					}
				},
				"Forearm2": {
					"rotation": {
						"0.0": [0, 0, 0],
						"0.5": [35, 0, 0],
						"1.0": [2.30991, -0.95645, 22.48072]
					}
				},
				"Head": {
					"rotation": {
						"0.0": [2.5, 0, 0],
						"0.5": [20, 0, 0],
						"1.0": [5, 0, 0]
					},
					"position": {
						"0.0": [0, 0, 0],
						"1.0": [0, 0, -2]
					}
				},
				"body2": {
					"rotation": {
						"0.0": [0, 0, 0],
						"0.5": [32.5, 0, 0],
						"1.0": [-5, 0, 0]
					}
				}
			}
		},
		"animation.figure.jumpscare": {
			"animation_length": 2,
			"bones": {
				"Leg2": {
					"rotation": {
						"0.0": [-2.49294, -0.32622, -2.47864],
						"1.0": [-2.57644, -0.86462, 0.07623]
					}
				},
				"Shin2": {
					"rotation": {
						"0.0": [2.4905, 0.21782, 2.50473],
						"1.0": [2.49813, -7.16673, -0.31892]
					}
				},
				"Leg1": {
					"rotation": {
						"0.0": [0, 0, 2.5],
						"1.0": [0.13677, 0.03887, 0.00072]
					}
				},
				"Shin1": {
					"rotation": {
						"0.0": [-0.06135, -0.1592, -2.50574],
						"1.0": [-0.06985, 12.34362, -0.02085]
					}
				},
				"Arm1": {
					"rotation": {
						"0.0": [12.5, 0, 20],
						"1.5": [-66.25, 0, 20],
						"2.0": [7.5, 0, 20]
					}
				},
				"Midarm1": {
					"rotation": {
						"0.0": [-57.52832, 4.95712, -0.65426],
						"0.25": [-100.65332, 4.95712, -0.65426],
						"1.0": [-66.01355, -18.04372, -10.58444],
						"2.0": [-22.52832, 4.95712, -0.65426]
					}
				},
				"Forearm1": {
					"rotation": {
						"0.0": [0, 0, -25],
						"0.25": [-7.5, 0, -26.875],
						"1.0": [0, 0, -32.5]
					}
				},
				"Arm2": {
					"rotation": {
						"0.0": [-10.26857, -13.80317, -22.46911],
						"1.5": [-87.17119, -11.30624, -22.3421],
						"2.0": [-27.76857, -13.80317, -22.46911]
					}
				},
				"Midarm2": {
					"rotation": {
						"0.0": [-21.63252, 12.95254, 7.63074],
						"0.25": [-57.25752, 12.95254, 7.63074],
						"1.0": [-27.4459, 12.15731, 40.5418],
						"2.0": [13.36748, 12.95254, 7.63074]
					}
				},
				"Forearm2": {
					"rotation": {
						"0.0": [-20.77574, -13.38573, 24.75052],
						"0.25": [-41.25076, -12.45816, 27.12047],
						"1.0": [-22.67582, -9.67544, 34.23031]
					}
				},
				"Head": {
					"rotation": {
						"0.0": [0, 0, 2.5],
						"0.5": [-52.5, 0, 0],
						"1.0": [-5, 0, 0],
						"1.0417": [-4.76968, 1.50179, 17.43745],
						"1.0833": [-4.95744, -0.65182, -7.47178],
						"1.125": [-4.83045, -1.29256, -14.94548],
						"1.1667": [-4.76968, 1.50179, 17.43745],
						"1.2083": [-4.95744, -0.65182, -7.47178],
						"1.25": [-4.98107, 0.43523, 4.98107],
						"1.5417": [22.51893, 0.43523, 4.98107],
						"2.0": [0.01893, 0.43523, 4.98107]
					},
					"position": {
						"0.0": [0, 0, 0],
						"1.0417": [0, 0, -3],
						"1.5417": [0, 0, -4],
						"2.0": [0, 0, -1]
					}
				},
				"body2": {
					"rotation": {
						"0.0": [2.5, 0, 0],
						"0.5417": [-12.5, 0, 0],
						"1.0": [-2.5, 0, 0]
					}
				}
			}
		},
		"animation.figure.sniff": {
			"animation_length": 2.5,
			"bones": {
				"Leg2": {
					"rotation": {
						"0.0": [0, 0, 0],
						"0.5": [0.44067, -9.99038, -2.53852],
						"1.0": [0.46181, -19.99007, -2.61995],
						"1.5": [0.43564, -4.99053, -2.49997]
					}
				},
				"Shin2": {
					"rotation": {
						"0.0": [0, 0, 0],
						"0.5": [0, -7.5, 0]
					}
				},
				"Leg1": {
					"rotation": {
						"0.0": [0, 0, 0],
						"0.5": [-7.5, 22.5, 0],
						"1.0": [-2.47208, 51.21173, 2.13194],
						"1.5": [-4.3107, 31.22509, 3.12041]
					}
				},
				"Shin1": {
					"rotation": {
						"0.0": [0, 0, 0],
						"0.5": [7.5, 0, 0]
					}
				},
				"Body": {
					"rotation": {
						"0.0": [0, 0, 0],
						"0.5": [0, 22.5, 0],
						"1.0": [0, 65, 0],
						"1.5": [0, -50, 0],
						"2.2083": [28.072, -13.44, 0],
						"2.5": [-2.5, 0, 0]
					}
				},
				"Arm1": {
					"rotation": {
						"0.0": [0, 0, 2.5],
						"0.5": [0.98448, 7.43547, 52.56397],
						"1.5": [-25.00027, -1.99875, 32.09076],
						"2.0": [-8.33072, -5.23875, 53.66902],
						"2.2083": [-20.57702, -9.33204, 13.95464],
						"2.5": [-2.59693, -9.48522, 11.00272]
					}
				},
				"Midarm1": {
					"rotation": {
						"0.0": [0, 0, -2.5],
						"0.5": [32.5, 0, -2.5],
						"0.9583": [60, 0, -2.5],
						"1.5": [-37.5, 0, -2.5],
						"2.5": [-7.5, 0, -2.5]
					}
				},
				"Forearm1": {
					"rotation": {
						"0.0": [0, 0, 0],
						"0.5": [47.5, 0, 0],
						"1.5": [27.5, 0, 0],
						"2.0": [40, 0, 0],
						"2.5": [-7.5, 0, 0]
					}
				},
				"Arm2": {
					"rotation": {
						"0.0": [0, 0, -2.5],
						"0.5": [12.5, 0, -35],
						"1.5417": [60, 0, -35],
						"2.0": [60, 0.00001, -35],
						"2.2083": [22.95444, 7.98524, -8.52399],
						"2.5": [2.65119, 8.3334, -10.30029]
					}
				},
				"Midarm2": {
					"rotation": {
						"0.0": [0, 0, 0],
						"0.5": [-30, 0, 0],
						"1.0": [-50, 0, 0],
						"1.5": [-59.61, 0, 0],
						"1.5417": [-57.5, 0, 0],
						"2.0": [-75, 0, 0],
						"2.5": [-5, 0, 0]
					}
				},
				"Forearm2": {
					"rotation": {
						"0.0": [0, 0, 0],
						"0.5": [-32.5, 0, 0],
						"1.0": [15, 0, 0],
						"1.5417": [-35, 0, 0],
						"2.0": [30, 0, 0],
						"2.5": [-15, 0, 0]
					}
				},
				"Head": {
					"rotation": {
						"0.0": [0, 0, 0],
						"0.2917": [-4.92, 0, 0],
						"0.5": [22.5, 0, 0],
						"0.625": [14.33548, 5.92504, 13.81535],
						"1.0": [4.02909, 48.4076, 14.46375],
						"1.2083": [15.30765, 72.32263, 27.27231],
						"1.2917": [0.13527, 44.53807, 23.39082],
						"1.5": [-0.63521, -54.68016, 8.5399],
						"1.5417": [-12.38934, -57.32664, 20.42766],
						"2.0": [32.44347, -20.37696, -10.96992],
						"2.5": [0.13259, 1.56496, -0.03932]
					}
				},
				"body2": {
					"rotation": {
						"0.0": [0, 0, 0],
						"0.5": [20, 2.5, -2.5],
						"1.125": [40.59616, 30.69347, 19.43751],
						"1.5": [42.5, 2.5, -2.5],
						"2.5": [5, 2.5, -2.5]
					}
				}
			}
		},
		"animation.figure.attack": {
			"animation_length": 1.5,
			"bones": {
				"Body": {
					"rotation": {
						"0.0": [0, 0, 0],
						"0.5417": [0, 25, 0],
						"1.0": [0, 0, 0]
					}
				},
				"Arm1": {
					"rotation": {
						"0.0": [0, 0, 0],
						"0.5417": [2.09615, 39.95426, 93.26206],
						"1.0": [-39.02504, -9.57658, -11.59948],
						"1.5": [-4.97314, 1.60667, 1.91561]
					}
				},
				"Midarm1": {
					"rotation": {
						"0.0": [0, 0, 0],
						"0.5417": [-6.39319, -4.21815, 26.66865],
						"1.0": [2.12397, -7.35563, -46.20358],
						"1.5": [-4.29585, -6.34137, 4.17104]
					}
				},
				"Forearm1": {
					"rotation": {
						"0.0": [0, 0, 0],
						"0.5417": [0, 0, 50],
						"1.0": [0, 0, -57.5],
						"1.5": [0, 0, -2.5]
					}
				},
				"Arm2": {
					"rotation": {
						"0.0": [0, 0, 0],
						"0.5417": [0, 0, -10],
						"1.0": [0, 0, 0]
					}
				},
				"Midarm2": {
					"rotation": {
						"0.0": [0, 0, 0],
						"0.5417": [17.5, 0, 0],
						"1.0": [2.5, 0, 0]
					}
				},
				"Forearm2": {
					"rotation": {
						"0.0": [0, 0, 0],
						"0.5417": [25, 0, 0],
						"1.0": [-5, 0, 0]
					}
				},
				"Head": {
					"rotation": {
						"0.0": [0, 0, 0],
						"0.5417": [0, 0, 10],
						"1.0": [0, 0, 2.5],
						"1.5": [0, 0, 0]
					}
				}
			}
		},
		"animation.figure.roar": {
			"animation_length": 3.5,
			"bones": {
				"Leg2": {
					"rotation": {
						"0.0": [0, 0, 0],
						"2.6667": [0, 0, -12.5],
						"3.5": [0, 0, 0]
					}
				},
				"Shin2": {
					"rotation": {
						"0.0": [0, 0, 0],
						"2.6667": [0, 0, 10],
						"3.5": [0, 0, 0]
					}
				},
				"Leg1": {
					"rotation": {
						"0.0": [0, 0, 0],
						"2.6667": [0, 0, 12.5],
						"3.5": [0, 0, 2.5]
					}
				},
				"Shin1": {
					"rotation": {
						"0.0": [0, 0, 0],
						"2.6667": [0, 0, -15],
						"3.5": [0, 0, 0]
					}
				},
				"Body": {
					"rotation": {
						"0.0": [0, 0, 0],
						"0.5": [-22.5, 0, 0],
						"1.0": [55, 0, 0],
						"1.5": [0, 0, 0],
						"2.5": [-12.5, 0, 0],
						"2.6667": [67.5, 0, 0],
						"2.9167": [60.5, 0, 0],
						"3.5": [2.5, 0, 0]
					}
				},
				"Arm1": {
					"rotation": {
						"0.0": [0, 0, 0],
						"0.5": [-67.5, 32.5, 0],
						"1.0": [-49.54684, 17.19521, -3.63609],
						"1.5": [1.15951, 1.83815, 0.56233],
						"1.9583": [1.59575, 1.47545, 15.56428],
						"2.6667": [-53.40425, 1.47545, 15.56428],
						"3.5": [-3.40425, 1.47545, 15.56428]
					}
				},
				"Midarm1": {
					"rotation": {
						"0.0": [0, 0, 0],
						"0.5": [-40, 0, 0],
						"1.5": [0, -2.5, 0],
						"1.9583": [0.54143, -2.4407, -12.51153]
					}
				},
				"Forearm1": {
					"rotation": {
						"0.0": [0, 0, 0],
						"0.5": [-22.5, 0, 0],
						"1.0": [-37.5, 0, 0],
						"1.5": [-2.5, 0, 0],
						"1.9583": [-2.4905, -0.21782, -4.99527],
						"2.6667": [-27.4905, -0.21782, -4.99527],
						"3.5": [-4.9905, -0.21782, -4.99527]
					}
				},
				"Arm2": {
					"rotation": {
						"0.0": [0, 0, 0],
						"0.5": [-61.15363, -26.99581, -25.40293],
						"1.0": [-49.30017, -17.65992, -8.21051],
						"1.5": [-1.58909, 0.32996, -2.02165],
						"1.9583": [-1.62283, -0.02176, -14.51677],
						"2.6667": [-51.62283, -0.02176, -14.51677],
						"3.5": [-4.12283, -0.02176, -14.51677]
					}
				},
				"Midarm2": {
					"rotation": {
						"0.0": [0, 0, 0],
						"0.5": [-30, 0, 0],
						"1.0": [-37.5, 0, 0],
						"1.5": [2.5, 0, 0],
						"1.9583": [2.46207, -0.43399, 9.99067]
					}
				},
				"Forearm2": {
					"rotation": {
						"0.0": [0, 0, 0],
						"0.5": [-17.5, 0, 0],
						"1.0": [-40, 0, 0],
						"1.5": [0, 0, 0],
						"1.9583": [0, 0, 7.5],
						"2.6667": [-35, 0, 7.5],
						"3.5": [-2.5, 0, 7.5]
					}
				},
				"Head": {
					"rotation": {
						"0.0": [0, 0, 0],
						"0.4583": [-42.5, 0, 0],
						"1.0": [-75, 0, 0],
						"1.0417": [-74.98635, -2.41476, -0.64743],
						"1.0833": [-74.98635, 2.41476, 0.64743],
						"1.125": [-80.04137, -11.71421, 1.40576],
						"1.1667": [-80.08453, 10.45667, 5.26456],
						"1.2083": [-80.18132, -6.78839, 2.27548],
						"1.25": [-79.75311, 17.84123, 6.61752],
						"1.2917": [-79.82042, -16.6373, 0.50441],
						"1.3333": [-80.25028, 0.60282, 3.55099],
						"1.5": [-0.27634, 0.59133, 1.05088],
						"2.6667": [-45.27634, 0.59133, 1.05088],
						"2.9167": [-33.54867, 10.14407, 15.09622],
						"3.0": [-32.97279, 13.32832, 19.77801],
						"3.1667": [-34.1561, -9.42821, -13.35863],
						"3.5": [-0.27169, -0.85254, -0.99007]
					}
				},
				"body2": {
					"rotation": {
						"0.0": [0, 0, 0],
						"0.5": [-27.5, 0, 0],
						"1.0": [25, 0, 0],
						"1.125": [53.4, 0, 0],
						"1.2917": [84.67, 0, 0],
						"1.5": [0, 0, 0],
						"2.6667": [-17.5, 0, 0],
						"3.5": [0, 0, 0]
					}
				},
				"mouth": {
					"position": [0, 0, 0],
					"scale": {
						"0.0": [1, 1, 1],
						"1.0": [1, 0.9, 1],
						"1.3333": [1, 1, 1]
					}
				}
			}
		},
		"animation.figure.running": {
			"loop": true,
			"animation_length": 1,
			"bones": {
				"Leg2": {
					"rotation": {
						"0.0": [-30, 0, 0],
						"0.5": [52.5, 0, 0],
						"1.0": [-25, 0, 0]
					}
				},
				"Shin2": {
					"rotation": [17.5, 0, 0]
				},
				"Leg1": {
					"rotation": {
						"0.0": [32.5, 0, 0],
						"0.5": [-27.5, 0, 0],
						"1.0": [30, 0, 0]
					}
				},
				"Shin1": {
					"rotation": [25, 0, 0]
				},
				"Body": {
					"rotation": {
						"0.0": [0, 0, 0],
						"0.5": [10, 0, 0],
						"1.0": [0, 0, 0]
					}
				},
				"body2": {
					"rotation": {
						"0.0": [0, 0, 0],
						"0.5": [12.5, 0, 0],
						"1.0": [0, 0, 0]
					}
				},
				"Arm1": {
					"rotation": {
						"0.0": [0, 0, 40],
						"0.5": [0, 0, 20],
						"1.0": [0, 0, 42.5]
					}
				},
				"Midarm1": {
					"rotation": [0, 0, 60]
				},
				"Forearm1": {
					"rotation": [0, 0, -22.5]
				},
				"Arm2": {
					"rotation": {
						"0.0": [0, 0, -25],
						"0.5": [0, 0, -15],
						"1.0": [0, 0, -37.5]
					}
				},
				"Midarm2": {
					"rotation": [0, 0, -45]
				},
				"Forearm2": {
					"rotation": [0, 0, 47.5]
				},
				"Head": {
					"rotation": {
						"0.0": [0, 0, 0],
						"0.5": [15, 0, 0],
						"1.0": [0, 0, 0]
					}
				}
			}
		}
	}
}