{
	"format_version": "1.8.0",
	"animations": {
		"animation.glitch.general": {
			"loop": true,
			"animation_length": 1,
			"bones": {
				"Head": {
					"rotation": {
						"0.0": [0, 0, 0],
						"0.5": [-7.5, 0, 0],
						"0.6667": [7.5, 0, 0],
						"1.0": [0, 0, 0]
					}
				},
				"Body": {
					"rotation": {
						"0.0": [0, 0, 0],
						"0.5": [2.5, 0, 0],
						"1.0": [0, 0, 0]
					}
				},
				"Arm1": {
					"rotation": {
						"0.0": [0, 0, 0],
						"0.5": [0, 0, 7.5],
						"0.6667": [0, 0, 15],
						"1.0": [0, 0, 0]
					}
				},
				"Forearm1": {
					"rotation": [0, 0, 0]
				},
				"Arm2": {
					"rotation": {
						"0.0": [0, 0, 0],
						"0.5": [0, 0, -5],
						"0.6667": [0, 0, -10],
						"1.0": [0, 0, 0]
					}
				},
				"Forearm2": {
					"rotation": [0, 0, 0]
				},
				"Leg1": {
					"rotation": {
						"0.0": [0, 0, 0],
						"0.5": [0, 0, 2.5],
						"1.0": [0, 0, 0]
					}
				},
				"Leg2": {
					"rotation": {
						"0.0": [0, 0, 0],
						"0.5": [0, 0, -2.5],
						"1.0": [0, 0, 0]
					}
				}
			}
		},
		"animation.glitch.moving": {
			"loop": true,
			"animation_length": 1,
			"bones": {
				"Head": {
					"rotation": {
						"0.0": [-2.5, 0, 0],
						"0.5": [-20, 0, 0],
						"1.0": [5, 0, 0]
					}
				},
				"Body": {
					"rotation": {
						"0.0": [7.5, 0, 0],
						"0.5": [0, 0, 0],
						"1.0": [10, 0, 0]
					}
				},
				"Arm1": {
					"rotation": {
						"0.0": [5, 0, 17.5],
						"0.5": [15, 0, 17.5],
						"1.0": [5, 0, 17.5]
					}
				},
				"Forearm1": {
					"rotation": [-10, 0, -5]
				},
				"Arm2": {
					"rotation": {
						"0.0": [-7.06696, -0.25773, -14.98409],
						"0.5": [-2.06696, -0.25773, -14.98409],
						"1.0": [-7.06696, -0.25773, -14.98409]
					}
				},
				"Forearm2": {
					"rotation": [-7.5, 0, 7.5]
				},
				"Leg1": {
					"rotation": {
						"0.0": [7.5, 0, 2.5],
						"0.5": [10, 0, 2.5],
						"1.0": [7.5, 0, 2.5]
					}
				},
				"Shin1": {
					"rotation": [35, 0, 0]
				},
				"Leg2": {
					"rotation": {
						"0.0": [7.45392, 1.08089, -4.88206],
						"0.5": [9.95392, 1.08089, -4.88206],
						"1.0": [4.95392, 1.08089, -4.88206]
					}
				},
				"Shin2": {
					"rotation": [35, 0, 0]
				}
			}
		},
		"animation.glitch.death": {
			"animation_length": 2.5,
			"bones": {
				"Head": {
					"rotation": {
						"0.0": [-2.5, 0, 0],
						"0.5": [-7.6215, 0.00008, -0.0203],
						"1.0": [-7.97532, 19.82169, -2.71994],
						"1.5": [-10.12436, -42.05244, 6.82047],
						"2.0": [-7.5, 0, 0]
					}
				},
				"Body": {
					"rotation": {
						"0.0": [7.5, 0, 0],
						"0.5": [12.5, 0, 0],
						"1.0": [7.5, 0, 0],
						"1.5": [10, 0, 0],
						"2.5": [7.5, 0, 0]
					}
				},
				"Arm1": {
					"rotation": {
						"0.0": [-2.41492, 0.64686, 14.98637],
						"0.5": [-79.91492, 0.64686, 14.98637],
						"1.5": [-83.66492, 0.64686, 14.98637],
						"2.5": [-2.41492, 0.64686, 14.98637]
					}
				},
				"Forearm1": {
					"rotation": [-17.5, 0, 0]
				},
				"Arm2": {
					"rotation": {
						"0.0": [0, 0, -12.5],
						"0.5": [0, 0, -20],
						"1.0": [0, 0, -15],
						"2.0": [0, 0, -10]
					}
				},
				"Forearm2": {
					"rotation": [-12.5, 0, 0]
				},
				"Leg1": {
					"rotation": {
						"0.0": [0, 0, 7.5],
						"0.5": [0, 0, 2.5],
						"1.0": [0, 0, 10],
						"2.0": [0, 0, 2.5],
						"2.5": [0, 0, 5]
					}
				},
				"Shin1": {
					"rotation": [10, 0, 0]
				},
				"Leg2": {
					"rotation": {
						"0.0": [0, 0, -7.5],
						"0.5": [0, 0, -2.5],
						"1.0": [0, 0, -7.5],
						"2.0": [0, 0, -2.5],
						"2.5": [0, 0, -5]
					}
				},
				"Shin2": {
					"rotation": [10, 0, 0]
				}
			}
		}
	}
}