{
	"format_version": "1.8.0",
	"animations": {
		"animation.halt.general": {
			"loop": true,
			"animation_length": 1.5,
			"blend_weight": "1",
			"bones": {
				"body": {
					"rotation": {
						"0.0": [0, 0, 0],
						"1.5": [0, 180, 0]
					}
				},
				"eyes": {
					"position": {
						"0.0": [0, 0, 0],
						"0.125": [0, 0, -2],
						"0.2083": [0, 0, -3],
						"0.4583": [0, 0, -4],
						"0.6667": [0, 0, -2],
						"0.9583": [0, 0, -4],
						"1.25": [0, 0, -4.9],
						"1.5": [0, 0, -0.1]
					}
				}
			}
		}
	}
}