{
	"format_version": "1.8.0",
	"animations": {
		"animation.lighter.use": {
			"loop": "hold_on_last_frame",
			"animation_length": 1.58333,
			"blend_weight": "1",
			"bones": {
				"leftArm": {
					"rotation": {
						"0.0": [0, 0, 0],
						"0.2917": [-67.5, 0, 0],
						"0.4583": [-72.5, 0, 0],
						"0.625": [-61.69995, -26.94622, -13.71217],
						"0.7083": [-62.87441, -31.31748, -12.26783],
						"0.7917": [-64.78979, -34.52409, -8.2532],
						"1.0417": [-69.76447, -37.69844, 0.03082],
						"1.5833": [-60, 0, 0]
					}
				},
				"cap": {
					"rotation": {
						"0.0": [0, 0, 0],
						"0.2917": [-64.91779, -0.56703, -3.07456],
						"0.375": [-93.66666, -0.56703, -3.07456],
						"0.625": [-79.91779, -0.56703, -3.07456],
						"0.9583": [-114.91779, -0.56703, -3.07456],
						"1.5": [-89.91779, -0.56703, -3.07456],
						"1.5833": [-127.41779, -0.56703, -3.07456]
					}
				},
				"circle": {
					"rotation": {
						"0.9583": [0, 0, 0],
						"1.1667": [270, 0, 0]
					}
				},
				"rightArm": {
					"rotation": {
						"0.4583": [0, 0, 0],
						"0.625": [-86.92091, 27.39484, 2.4753],
						"0.75": [-84.48615, 24.89837, 2.3273],
						"0.9583": [-101.98615, 24.89837, 2.3273],
						"1.1667": [-64.48615, 24.89837, 2.3273],
						"1.5833": [0, 0, 0]
					}
				},
				"head": {
					"rotation": {
						"0.0": [0, 0, 0],
						"0.2917": [10.81914, 14.63639, 12.92638],
						"0.4583": [6.60422, 16.92264, -2.48364],
						"0.625": [6.0054, 2.82318, -11.65372],
						"1.0417": [8.5054, 2.82318, -11.65372],
						"1.5833": [0, 0, 0]
					}
				}
			}
		},
		"animation.lighter.close": {
			"loop": "hold_on_last_frame",
			"animation_length": 1,
			"blend_weight": "1",
			"bones": {
				"leftArm": {
					"rotation": {
						"0.0": [-55, 0, 0],
						"0.375": [-72.5, 0, 0],
						"0.6667": [0, 0, 0]
					}
				},
				"cap": {
					"rotation": {
						"0.0": [-127, 0, -3],
						"0.375": [-157.10505, -3.99134, 0.01395],
						"0.5": [-68.66527, -2.66089, 0.0093],
						"0.6667": [2.58777, -0.88696, 0.0031],
						"0.75": [-7.5, 0, 0],
						"0.8333": [0, 0, 0]
					}
				},
				"head": {
					"rotation": {
						"0.0": [0, 0, 0],
						"0.2917": [8.86869, 13.32013, -5.06032],
						"0.625": [36.36869, 13.32013, -5.06032],
						"0.75": [43.86869, 13.32013, -5.06032],
						"0.9167": [-2.5, 0, 0],
						"1.0": [0, 0, 0]
					}
				}
			}
		}
	}
}