{
	"format_version": "1.8.0",
	"animations": {
		"animation.r_vitamin.first_person": {
			"loop": true,
			"animation_length": 0.45833,
			"bones": {
				"rightitem": {
					"rotation": [0, 0, 0],
					"position": [0, 13, 0],
					"scale": 0.5
				},
				"base": {
					"rotation": [0, 0, 15],
					"position": [-5, 35, -7],
					"scale": 0.4
				}
			}
		},
		"animation.r_vitamin.third_person": {
			"loop": true,
			"animation_length": 0.45833,
			"bones": {
				"rightitem": {
					"rotation": [60, 0, 0],
					"position": [0, 20, 0],
					"scale": 0.5
				},
				"base": {
					"rotation": [17.5, 0, 0],
					"position": [-5, 11, -4],
					"scale": 0.4
				}
			}
		}
	}
}