{
	"format_version": "1.8.0",
	"animations": {
		"animation.rush.general": {
			"loop": true,
			"bones": {
				"bb_main": {
					"position": [0, -3, 0],
					"scale": [1.1, 1.1, 1]
				}
			}
		},
		"animation.rush.moving": {
			"loop": true,
			"animation_length": 1,
			"bones": {
				"bb_main": {
					"rotation": {
						"0.0": [0, 0, 0],
						"0.5": [2.5, 0, 0],
						"1.0": [0, 0, 0]
					},
					"scale": {
						"0.0": [1, 1, 1],
						"0.5": [1, 1.1, 1],
						"1.0": [1, 1, 1]
					}
				}
			}
		},
		"animation.rush.attack": {
			"animation_length": 0.70833,
			"bones": {
				"bb_main": {
					"position": {
						"0.0": [0, 0, 0],
						"0.1667": [0, 0, 32],
						"0.4167": [0, 0, -13],
						"0.7083": [0, 0, 0]
					},
					"scale": 1
				}
			}
		}
	}
}