{
	"format_version": "1.8.0",
	"animations": {
		"animation.screech.general": {
			"loop": true,
			"animation_length": 2,
			"bones": {
				"head": {
					"rotation": [0, 0, 0],
					"position": {
						"0.0": [0, 0, 0],
						"0.5": [0, -0.5, 0],
						"1.0": [0, 0, 0],
						"1.5": [0, -0.5, 0],
						"2.0": [0, 0, 0]
					}
				},
				"mouth": {
					"rotation": {
						"0.0": [0, 0, 0],
						"0.5": [5, 0, 0],
						"1.0": [0, 0, 0],
						"1.5": [5, 0, 0],
						"2.0": [0, 0, 0]
					},
					"position": {
						"0.0": [0, 0, 0],
						"0.5": [0, 0, 0],
						"1.0": [0, 0, 0],
						"1.5": [0, 0, 0],
						"2.0": [0, 0, 0]
					}
				},
				"eyes": {
					"position": {
						"0.0833": [0, 0, 0],
						"0.5833": [0, -0.5, 0],
						"1.0": [0, 0, 0],
						"1.5833": [0, -0.5, 0],
						"2.0": [0, 0, 0]
					}
				},
				"tentacles": {
					"rotation": {
						"0.0": [0, 0, 0],
						"0.5": [0, 0, 90],
						"1.0": [0, 0, 180],
						"1.5": [0, 0, 270],
						"2.0": [0, 0, 360]
					},
					"position": {
						"0.0": [0, 0, 0],
						"0.5": [0, -0.5, 0],
						"1.0": [0, 0, 0],
						"1.5": [0, -0.5, 0],
						"2.0": [0, 0, 0]
					}
				},
				"Tentacle1": {
					"rotation": [0, 17.5, -15]
				},
				"Tentacle2": {
					"rotation": [0, 0, -15]
				},
				"Tentacle3": {
					"rotation": [0, 12.5, -15]
				},
				"Tentacle4": {
					"rotation": [0, 0, -15]
				},
				"Tentacle5": {
					"rotation": [0, 30, -15]
				},
				"Tentacle6": {
					"rotation": [0, 0, -15]
				},
				"Tentacle7": {
					"rotation": [0, -32.5, -12.5]
				},
				"Tentacle8": {
					"rotation": [0, 0, -15]
				},
				"Tentacle9": {
					"rotation": [0, 20, -15]
				},
				"Tentacle10": {
					"rotation": [0, 0, -15]
				},
				"Tentacle11": {
					"rotation": [0, 0, -15]
				},
				"Tentacle12": {
					"rotation": [0, 0, -15]
				}
			}
		},
		"animation.screech.look": {
			"loop": true,
			"animation_length": 1.5,
			"bones": {
				"head": {
					"rotation": {
						"0.0": {
							"post": [0, 0, 0],
							"lerp_mode": "catmullrom"
						},
						"0.125": {
							"post": [5, 0, 0],
							"lerp_mode": "catmullrom"
						},
						"0.25": {
							"post": [-5.019, -4.98093, 0.43688],
							"lerp_mode": "catmullrom"
						},
						"0.5": {
							"post": [-5, 0, 0],
							"lerp_mode": "catmullrom"
						},
						"0.75": {
							"post": [-5.019, 4.98093, -0.43688],
							"lerp_mode": "catmullrom"
						},
						"1.0": {
							"post": [-5, 0, 0],
							"lerp_mode": "catmullrom"
						},
						"1.25": {
							"post": [-5, 0, 0],
							"lerp_mode": "catmullrom"
						},
						"1.5": {
							"post": [-5, 0, 0],
							"lerp_mode": "catmullrom"
						}
					},
					"position": {
						"1.25": {
							"pre": [0, 2, 0],
							"post": [0, 2, 0],
							"lerp_mode": "catmullrom"
						},
						"1.5": {
							"post": [0, 2, 0],
							"lerp_mode": "catmullrom"
						}
					},
					"scale": {
						"0.0": {
							"post": [1, 1, 1],
							"lerp_mode": "catmullrom"
						},
						"0.125": {
							"post": [1, 0.7, 1],
							"lerp_mode": "catmullrom"
						},
						"0.25": {
							"post": [1, 1.4, 1],
							"lerp_mode": "catmullrom"
						},
						"0.5": {
							"post": [1, 1, 1],
							"lerp_mode": "catmullrom"
						},
						"1.0": {
							"post": [1, 1, 1],
							"lerp_mode": "catmullrom"
						},
						"1.125": {
							"post": [1, 0.7, 1],
							"lerp_mode": "catmullrom"
						},
						"1.25": {
							"post": [0.7, 2, 1],
							"lerp_mode": "catmullrom"
						},
						"1.5": {
							"post": [0.7, 2, 1],
							"lerp_mode": "catmullrom"
						}
					}
				},
				"mouth": {
					"rotation": {
						"0.0": {
							"post": [0, 0, 0],
							"lerp_mode": "catmullrom"
						},
						"0.125": {
							"post": [0, 0, 0],
							"lerp_mode": "catmullrom"
						},
						"0.25": {
							"post": [22.5, 0, 0],
							"lerp_mode": "catmullrom"
						},
						"1.5": {
							"post": [22.5, 0, 0],
							"lerp_mode": "catmullrom"
						}
					},
					"scale": {
						"0.0": {
							"post": [1, 1, 1],
							"lerp_mode": "catmullrom"
						},
						"0.125": {
							"post": [1, 1, 1],
							"lerp_mode": "catmullrom"
						},
						"0.25": {
							"post": [1, 1.3, 1],
							"lerp_mode": "catmullrom"
						},
						"1.5": {
							"post": [1, 1.3, 1],
							"lerp_mode": "catmullrom"
						}
					}
				},
				"eyes": {
					"position": {
						"0.0": {
							"post": [0, 0, 0],
							"lerp_mode": "catmullrom"
						},
						"0.125": {
							"post": [0, 0, 0],
							"lerp_mode": "catmullrom"
						},
						"0.25": {
							"post": [0, 2, 0],
							"lerp_mode": "catmullrom"
						},
						"0.5": {
							"post": [0, 1, 0],
							"lerp_mode": "catmullrom"
						},
						"0.75": {
							"post": [0, 0, 0],
							"lerp_mode": "catmullrom"
						},
						"1.125": {
							"post": [0, 0, 0],
							"lerp_mode": "catmullrom"
						},
						"1.5": {
							"post": [0, 0, 0],
							"lerp_mode": "catmullrom"
						}
					},
					"scale": {
						"0.0": {
							"post": [1, 1, 1],
							"lerp_mode": "catmullrom"
						},
						"0.125": {
							"post": [1, 0.4, 1],
							"lerp_mode": "catmullrom"
						},
						"0.25": {
							"post": [1, 2.3, 1],
							"lerp_mode": "catmullrom"
						},
						"0.5": {
							"post": [1, 1, 1],
							"lerp_mode": "catmullrom"
						},
						"0.75": {
							"post": [1, 1, 1],
							"lerp_mode": "catmullrom"
						},
						"1.125": {
							"post": [1, 1, 1],
							"lerp_mode": "catmullrom"
						},
						"1.25": {
							"post": [0.7, 0, 1],
							"lerp_mode": "catmullrom"
						},
						"1.5": {
							"post": [0.7, 0, 1],
							"lerp_mode": "catmullrom"
						}
					}
				},
				"tentacles": {
					"rotation": {
						"0.0": {
							"post": [0, 0, 0],
							"lerp_mode": "catmullrom"
						},
						"0.5": {
							"post": [0, 0, 0],
							"lerp_mode": "catmullrom"
						},
						"0.9167": {
							"post": [0, 0, 0],
							"lerp_mode": "catmullrom"
						},
						"1.0": {
							"post": [0, 7.5, 0],
							"lerp_mode": "catmullrom"
						},
						"1.5": {
							"post": [0, 7.5, 0],
							"lerp_mode": "catmullrom"
						}
					},
					"position": {
						"0.0": {
							"post": [0, 2, 0],
							"lerp_mode": "catmullrom"
						},
						"0.125": {
							"post": [0, 1, 0],
							"lerp_mode": "catmullrom"
						},
						"0.25": {
							"post": [0, 1, 1],
							"lerp_mode": "catmullrom"
						},
						"1.125": {
							"post": [0, 1, 1],
							"lerp_mode": "catmullrom"
						},
						"1.25": {
							"post": [0, 1, 1],
							"lerp_mode": "catmullrom"
						},
						"1.375": {
							"post": [0, 42, 1],
							"lerp_mode": "catmullrom"
						},
						"1.5": {
							"post": [0, 42, 1],
							"lerp_mode": "catmullrom"
						}
					},
					"scale": {
						"0.0": {
							"post": [1, 1, 1],
							"lerp_mode": "catmullrom"
						},
						"0.125": {
							"post": [1, 0.8, 1],
							"lerp_mode": "catmullrom"
						},
						"0.25": {
							"post": [1, 1.4, 1],
							"lerp_mode": "catmullrom"
						},
						"0.5": {
							"post": [1, 1.1, 1],
							"lerp_mode": "catmullrom"
						},
						"0.9167": {
							"post": [1, 1.1, 1],
							"lerp_mode": "catmullrom"
						},
						"1.0": {
							"post": [1.24, 0.86, 1],
							"lerp_mode": "catmullrom"
						},
						"1.125": {
							"post": [1.4, 0.7, 1],
							"lerp_mode": "catmullrom"
						},
						"1.25": {
							"post": [1, 1.6, 1],
							"lerp_mode": "catmullrom"
						},
						"1.375": {
							"post": [0, 1.6, 0],
							"lerp_mode": "catmullrom"
						},
						"1.5": {
							"post": [0, 1.6, 0],
							"lerp_mode": "catmullrom"
						}
					}
				},
				"Tentacle1": {
					"rotation": {
						"0.0": {
							"post": [0, 0, 0],
							"lerp_mode": "catmullrom"
						},
						"0.125": {
							"post": [0, 0, 45],
							"lerp_mode": "catmullrom"
						},
						"0.25": {
							"post": [0, 0, -45],
							"lerp_mode": "catmullrom"
						},
						"0.5": {
							"post": [0, 0, -45],
							"lerp_mode": "catmullrom"
						},
						"0.8333": {
							"post": [0, 0, -45],
							"lerp_mode": "catmullrom"
						},
						"1.0": {
							"post": [0, 0, -45],
							"lerp_mode": "catmullrom"
						},
						"1.125": {
							"post": [0, 0, -45],
							"lerp_mode": "catmullrom"
						},
						"1.25": {
							"post": [0, 0, -67.5],
							"lerp_mode": "catmullrom"
						},
						"1.5": {
							"post": [0, 0, -67.5],
							"lerp_mode": "catmullrom"
						}
					},
					"position": {
						"0.0": {
							"post": [0, 0, 0],
							"lerp_mode": "catmullrom"
						},
						"0.125": {
							"post": [-1, 0.75, 0],
							"lerp_mode": "catmullrom"
						},
						"0.25": {
							"post": [-0.67, -0.63, 0],
							"lerp_mode": "catmullrom"
						},
						"0.5": {
							"post": [0, -1, 0],
							"lerp_mode": "catmullrom"
						},
						"1.0": {
							"post": [0, 0, 0],
							"lerp_mode": "catmullrom"
						},
						"1.25": {
							"post": [1, 0, 0],
							"lerp_mode": "catmullrom"
						},
						"1.5": {
							"post": [1, 0, 0],
							"lerp_mode": "catmullrom"
						}
					}
				},
				"Tentacle3": {
					"rotation": {
						"0.0": {
							"post": [0, 0, 0],
							"lerp_mode": "catmullrom"
						},
						"0.125": {
							"post": [0, 0, 22.5],
							"lerp_mode": "catmullrom"
						},
						"0.25": {
							"post": [0, 0, -75],
							"lerp_mode": "catmullrom"
						},
						"0.5": {
							"post": [0, 0, -44.63],
							"lerp_mode": "catmullrom"
						},
						"1.125": {
							"post": [0, 0, -77.5],
							"lerp_mode": "catmullrom"
						},
						"1.25": {
							"post": [0, 0, -97.5],
							"lerp_mode": "catmullrom"
						},
						"1.5": {
							"post": [0, 0, -97.5],
							"lerp_mode": "catmullrom"
						}
					},
					"position": {
						"0.0": {
							"post": [0, 0, 0],
							"lerp_mode": "catmullrom"
						},
						"0.125": {
							"post": [0, 0, 0],
							"lerp_mode": "catmullrom"
						},
						"0.25": {
							"post": [0, 0.7, 0],
							"lerp_mode": "catmullrom"
						},
						"0.5": {
							"post": [-1, -1.3, 0],
							"lerp_mode": "catmullrom"
						},
						"0.9167": {
							"post": [-1.04, -1.32, 0],
							"lerp_mode": "catmullrom"
						},
						"1.125": {
							"post": [-1, 0.2, 0],
							"lerp_mode": "catmullrom"
						},
						"1.5": {
							"post": [-1, 0.2, 0],
							"lerp_mode": "catmullrom"
						}
					},
					"scale": {
						"0.5": {
							"pre": [1, 1, 1],
							"post": [1, 1, 1],
							"lerp_mode": "catmullrom"
						},
						"1.25": {
							"post": [1, 0.7, 1],
							"lerp_mode": "catmullrom"
						},
						"1.5": {
							"post": [1, 0.7, 1],
							"lerp_mode": "catmullrom"
						}
					}
				},
				"Tentacle5": {
					"rotation": {
						"0.0": {
							"post": [0, 0, 0],
							"lerp_mode": "catmullrom"
						},
						"0.125": {
							"post": [0, 0, 45],
							"lerp_mode": "catmullrom"
						},
						"0.25": {
							"post": [0, 0, -22.5],
							"lerp_mode": "catmullrom"
						},
						"1.25": {
							"post": [0, 0, -45],
							"lerp_mode": "catmullrom"
						},
						"1.5": {
							"post": [0, 0, -45],
							"lerp_mode": "catmullrom"
						}
					},
					"position": {
						"0.0": {
							"post": [0, 0, 0],
							"lerp_mode": "catmullrom"
						},
						"1.5": {
							"post": [0, 0, 0],
							"lerp_mode": "catmullrom"
						}
					}
				},
				"Tentacle7": {
					"rotation": {
						"0.0": {
							"post": [0, 0, 0],
							"lerp_mode": "catmullrom"
						},
						"0.125": {
							"post": [0, 0, -45],
							"lerp_mode": "catmullrom"
						},
						"0.25": {
							"post": [0, 0, 45],
							"lerp_mode": "catmullrom"
						},
						"0.5": {
							"post": [0, 0, 45],
							"lerp_mode": "catmullrom"
						},
						"0.8333": {
							"post": [0, 0, 45],
							"lerp_mode": "catmullrom"
						},
						"1.0": {
							"post": [0, 0, 45],
							"lerp_mode": "catmullrom"
						},
						"1.125": {
							"post": [0, 0, 45],
							"lerp_mode": "catmullrom"
						},
						"1.25": {
							"post": [0, 0, 67.5],
							"lerp_mode": "catmullrom"
						},
						"1.5": {
							"post": [0, 0, 67.5],
							"lerp_mode": "catmullrom"
						}
					},
					"position": {
						"0.0": {
							"post": [0, 0, 0],
							"lerp_mode": "catmullrom"
						},
						"0.5": {
							"post": [0, -0.3, 0],
							"lerp_mode": "catmullrom"
						},
						"1.0": {
							"post": [-0.7, 0.7, 0],
							"lerp_mode": "catmullrom"
						},
						"1.25": {
							"post": [-2, 1, 0],
							"lerp_mode": "catmullrom"
						},
						"1.5": {
							"post": [-2, 1, 0],
							"lerp_mode": "catmullrom"
						}
					}
				},
				"Tentacle9": {
					"rotation": {
						"0.0": {
							"post": [0, 0, 0],
							"lerp_mode": "catmullrom"
						},
						"0.125": {
							"post": [0, 0, -22.5],
							"lerp_mode": "catmullrom"
						},
						"0.25": {
							"post": [0, 0, 75],
							"lerp_mode": "catmullrom"
						},
						"0.5": {
							"post": [0, 0, 47.06],
							"lerp_mode": "catmullrom"
						},
						"1.125": {
							"post": [0, 0, 77.5],
							"lerp_mode": "catmullrom"
						},
						"1.25": {
							"post": [0, 0, 100],
							"lerp_mode": "catmullrom"
						},
						"1.5": {
							"post": [0, 0, 100],
							"lerp_mode": "catmullrom"
						}
					},
					"position": {
						"0.0": {
							"post": [0, 0, 0],
							"lerp_mode": "catmullrom"
						},
						"0.125": {
							"post": [0, 0, 0],
							"lerp_mode": "catmullrom"
						},
						"0.25": {
							"post": [1, 0.7, 0],
							"lerp_mode": "catmullrom"
						},
						"0.5": {
							"post": [1.07, -1.37, 0],
							"lerp_mode": "catmullrom"
						},
						"0.9167": {
							"post": [1.02, -1.34, 0],
							"lerp_mode": "catmullrom"
						},
						"1.125": {
							"post": [1, 0.2, 0],
							"lerp_mode": "catmullrom"
						},
						"1.5": {
							"post": [1, 0.2, 0],
							"lerp_mode": "catmullrom"
						}
					},
					"scale": {
						"0.5": {
							"pre": [1, 1, 1],
							"post": [1, 1, 1],
							"lerp_mode": "catmullrom"
						},
						"1.25": {
							"post": [1, 0.7, 1],
							"lerp_mode": "catmullrom"
						},
						"1.5": {
							"post": [1, 0.7, 1],
							"lerp_mode": "catmullrom"
						}
					}
				},
				"Tentacle11": {
					"rotation": {
						"0.0": {
							"post": [0, 0, 0],
							"lerp_mode": "catmullrom"
						},
						"0.125": {
							"post": [0, 0, -45],
							"lerp_mode": "catmullrom"
						},
						"0.25": {
							"post": [0, 0, 22.5],
							"lerp_mode": "catmullrom"
						},
						"1.25": {
							"post": [0, 0, 45],
							"lerp_mode": "catmullrom"
						},
						"1.5": {
							"post": [0, 0, 45],
							"lerp_mode": "catmullrom"
						}
					},
					"position": {
						"0.0": {
							"post": [0, 0, 0],
							"lerp_mode": "catmullrom"
						},
						"1.5": {
							"post": [0, 0, 0],
							"lerp_mode": "catmullrom"
						}
					}
				},
				"body": {
					"position": {
						"0.0": {
							"post": [0, 0, 0],
							"lerp_mode": "catmullrom"
						},
						"1.125": {
							"post": [0, 0, 0],
							"lerp_mode": "catmullrom"
						},
						"1.375": {
							"post": [0, 32, 0],
							"lerp_mode": "catmullrom"
						},
						"1.5": {
							"post": [0, 32, 0],
							"lerp_mode": "catmullrom"
						}
					},
					"scale": {
						"1.0": {
							"pre": [1, 1, 1],
							"post": [1, 1, 1],
							"lerp_mode": "catmullrom"
						},
						"1.125": {
							"post": [1.3, 1, 1],
							"lerp_mode": "catmullrom"
						},
						"1.25": {
							"post": [1, 1, 1],
							"lerp_mode": "catmullrom"
						},
						"1.375": {
							"post": [0, 1.5, 0],
							"lerp_mode": "catmullrom"
						},
						"1.5": {
							"post": [0, 1.5, 0],
							"lerp_mode": "catmullrom"
						}
					}
				}
			}
		},
		"animation.screech.attack": {
			"loop": true,
			"animation_length": 1,
			"bones": {
				"body": {
					"position": {
						"0.0": {
							"post": [0, 0, 0],
							"lerp_mode": "catmullrom"
						},
						"0.1667": {
							"post": [0, 0, 0],
							"lerp_mode": "catmullrom"
						},
						"0.25": {
							"post": [0, 0, -2],
							"lerp_mode": "catmullrom"
						},
						"0.5": {
							"post": [0, 0, 0],
							"lerp_mode": "catmullrom"
						},
						"1.0": {
							"post": [0, 0, 0],
							"lerp_mode": "catmullrom"
						}
					}
				},
				"head": {
					"rotation": {
						"0.0": {
							"post": [-2.5, 0, 0],
							"lerp_mode": "catmullrom"
						},
						"0.1667": {
							"post": [-27.5, 0, 0],
							"lerp_mode": "catmullrom"
						},
						"0.25": {
							"post": [5, 0, 0],
							"lerp_mode": "catmullrom"
						},
						"0.5": {
							"post": [0, 0, 0],
							"lerp_mode": "catmullrom"
						}
					},
					"position": {
						"0.0": {
							"post": [0, 0, 0],
							"lerp_mode": "catmullrom"
						},
						"0.1667": {
							"post": [0, 0, -0.5],
							"lerp_mode": "catmullrom"
						},
						"0.25": {
							"post": [0, 0, -1],
							"lerp_mode": "catmullrom"
						},
						"0.5": {
							"post": [0, -1, 0],
							"lerp_mode": "catmullrom"
						},
						"0.625": {
							"post": [0, 0, 0],
							"lerp_mode": "catmullrom"
						},
						"0.75": {
							"post": [0, 15, 0],
							"lerp_mode": "catmullrom"
						},
						"1.0": {
							"post": [0, 15, 0],
							"lerp_mode": "catmullrom"
						}
					},
					"scale": {
						"0.1667": {
							"pre": [1, 1, 1],
							"post": [1, 1, 1],
							"lerp_mode": "catmullrom"
						},
						"0.25": {
							"post": [1, 0.8, 1],
							"lerp_mode": "catmullrom"
						},
						"0.5": {
							"post": [1, 0.5, 1],
							"lerp_mode": "catmullrom"
						},
						"0.625": {
							"post": [0.5, 2.5, 0.5],
							"lerp_mode": "catmullrom"
						},
						"0.75": {
							"post": [0, 2.5, 0],
							"lerp_mode": "catmullrom"
						},
						"1.0": {
							"post": [1.2, 1.2, 1.2],
							"lerp_mode": "catmullrom"
						}
					}
				},
				"eyes": {
					"position": {
						"0.0": {
							"post": [0, 0, 0],
							"lerp_mode": "catmullrom"
						},
						"0.1667": {
							"post": [0, 0, 0],
							"lerp_mode": "catmullrom"
						},
						"0.25": {
							"post": [0, 0, 1],
							"lerp_mode": "catmullrom"
						},
						"1.0": {
							"post": [0, 0, 1],
							"lerp_mode": "catmullrom"
						}
					}
				},
				"mouth": {
					"rotation": {
						"0.0": {
							"post": [0, 0, 0],
							"lerp_mode": "catmullrom"
						},
						"0.1667": {
							"post": [22.5, 0, 0],
							"lerp_mode": "catmullrom"
						},
						"0.25": {
							"post": [0, 0, 0],
							"lerp_mode": "catmullrom"
						}
					}
				},
				"tentacles": {
					"rotation": {
						"0.0": {
							"post": [0, 0, 0],
							"lerp_mode": "catmullrom"
						},
						"0.1667": {
							"post": [-15, 0, 0],
							"lerp_mode": "catmullrom"
						},
						"0.25": {
							"post": [0, 0, 0],
							"lerp_mode": "catmullrom"
						},
						"1.0": {
							"post": [0, 0, 0],
							"lerp_mode": "catmullrom"
						}
					},
					"position": {
						"0.0": {
							"post": [0, 0, 0],
							"lerp_mode": "catmullrom"
						},
						"0.1667": {
							"post": [0, 0, 2],
							"lerp_mode": "catmullrom"
						},
						"0.25": {
							"post": [0, 0, 0],
							"lerp_mode": "catmullrom"
						},
						"0.5": {
							"post": [0, -2, 0.5],
							"lerp_mode": "catmullrom"
						},
						"0.625": {
							"post": [0, 1, 2.25],
							"lerp_mode": "catmullrom"
						},
						"0.75": {
							"post": [0, 32, 2],
							"lerp_mode": "catmullrom"
						},
						"1.0": {
							"post": [0, 14, 0],
							"lerp_mode": "catmullrom"
						}
					},
					"scale": {
						"0.0": {
							"post": [1, 1, 1],
							"lerp_mode": "catmullrom"
						},
						"0.25": {
							"post": [1, 1, 1],
							"lerp_mode": "catmullrom"
						},
						"0.5": {
							"post": [1, 0.5, 1],
							"lerp_mode": "catmullrom"
						},
						"0.625": {
							"post": [0.5, 1.8, 1],
							"lerp_mode": "catmullrom"
						},
						"0.75": {
							"post": [0.0333, 0, 0],
							"lerp_mode": "catmullrom"
						},
						"1.0": {
							"post": [1.3333, 1.2, 1.4],
							"lerp_mode": "catmullrom"
						}
					}
				},
				"Tentacle1": {
					"rotation": {
						"0.0": {
							"post": [0, 0, 0],
							"lerp_mode": "catmullrom"
						},
						"0.1667": {
							"post": [0, -22.5, 0],
							"lerp_mode": "catmullrom"
						},
						"0.25": {
							"post": [0, 42.5, 0],
							"lerp_mode": "catmullrom"
						},
						"0.5": {
							"post": [-16.32495, 15.69986, -47.26579],
							"lerp_mode": "catmullrom"
						},
						"0.75": {
							"post": [0, 0, 0],
							"lerp_mode": "catmullrom"
						}
					},
					"position": {
						"0.0": {
							"post": [0, 0, 0],
							"lerp_mode": "catmullrom"
						},
						"0.1667": {
							"post": [0, 0, 0],
							"lerp_mode": "catmullrom"
						},
						"0.25": {
							"post": [0, 0, -1],
							"lerp_mode": "catmullrom"
						},
						"0.75": {
							"post": [0, 0, 0],
							"lerp_mode": "catmullrom"
						}
					}
				},
				"Tentacle3": {
					"rotation": {
						"0.0": {
							"post": [0, 0, 0],
							"lerp_mode": "catmullrom"
						},
						"0.1667": {
							"post": [0, -22.5, 0],
							"lerp_mode": "catmullrom"
						},
						"0.25": {
							"post": [0, 22.5, 0],
							"lerp_mode": "catmullrom"
						},
						"0.5": {
							"post": [0.95723, -2.30959, -22.5193],
							"lerp_mode": "catmullrom"
						},
						"0.5833": {
							"post": [2.30991, -0.95645, -67.51928],
							"lerp_mode": "catmullrom"
						},
						"1.0": {
							"post": [-0.7522, -2.38422, 17.51566],
							"lerp_mode": "catmullrom"
						}
					},
					"position": {
						"0.0": {
							"post": [0, 0, 0],
							"lerp_mode": "catmullrom"
						},
						"0.1667": {
							"post": [0, 0, 0],
							"lerp_mode": "catmullrom"
						},
						"0.25": {
							"post": [0, -1, 0],
							"lerp_mode": "catmullrom"
						},
						"0.5": {
							"post": [0, -1, 0],
							"lerp_mode": "catmullrom"
						},
						"0.5833": {
							"post": [-1, 1, 0],
							"lerp_mode": "catmullrom"
						},
						"1.0": {
							"post": [-1, 1, 0],
							"lerp_mode": "catmullrom"
						}
					},
					"scale": {
						"0.0": {
							"post": [1, 1, 1],
							"lerp_mode": "catmullrom"
						},
						"1.0": {
							"post": [1, 1, 1],
							"lerp_mode": "catmullrom"
						}
					}
				},
				"Tentacle5": {
					"rotation": {
						"0.25": {
							"pre": [0, 0, 0],
							"post": [0, 0, 0],
							"lerp_mode": "catmullrom"
						},
						"0.5": {
							"post": [0, 0, -45],
							"lerp_mode": "catmullrom"
						},
						"1.0": {
							"post": [0, 0, -22.5],
							"lerp_mode": "catmullrom"
						}
					}
				},
				"Tentacle7": {
					"rotation": {
						"0.0": {
							"post": [0, 0, 0],
							"lerp_mode": "catmullrom"
						},
						"0.1667": {
							"post": [0, 22.5, 0],
							"lerp_mode": "catmullrom"
						},
						"0.25": {
							"post": [0, -47.5, 0],
							"lerp_mode": "catmullrom"
						},
						"0.5": {
							"post": [-16.32495, -15.69986, 47.26579],
							"lerp_mode": "catmullrom"
						},
						"0.75": {
							"post": [0, 0, 0],
							"lerp_mode": "catmullrom"
						}
					},
					"position": {
						"0.0": {
							"post": [0, 0, 0],
							"lerp_mode": "catmullrom"
						},
						"0.1667": {
							"post": [0, 0, 0],
							"lerp_mode": "catmullrom"
						},
						"0.25": {
							"post": [0, 0, -1],
							"lerp_mode": "catmullrom"
						},
						"0.75": {
							"post": [0, 0, 0],
							"lerp_mode": "catmullrom"
						}
					}
				},
				"Tentacle9": {
					"rotation": {
						"0.0": {
							"post": [0, 0, 0],
							"lerp_mode": "catmullrom"
						},
						"0.1667": {
							"post": [0, -22.5, 0],
							"lerp_mode": "catmullrom"
						},
						"0.25": {
							"post": [0, 22.5, 0],
							"lerp_mode": "catmullrom"
						},
						"0.5": {
							"post": [0, 0, 22.5],
							"lerp_mode": "catmullrom"
						},
						"0.5833": {
							"post": [0, 0, 67.5],
							"lerp_mode": "catmullrom"
						},
						"1.0": {
							"post": [0, 0, 2.5],
							"lerp_mode": "catmullrom"
						}
					},
					"position": {
						"0.0": {
							"post": [0, 0, 0],
							"lerp_mode": "catmullrom"
						},
						"0.1667": {
							"post": [0, 0, 0],
							"lerp_mode": "catmullrom"
						},
						"0.25": {
							"post": [0, -1, 0],
							"lerp_mode": "catmullrom"
						},
						"0.5": {
							"post": [0, -1, 0],
							"lerp_mode": "catmullrom"
						},
						"0.5833": {
							"post": [1, 1, 0],
							"lerp_mode": "catmullrom"
						},
						"1.0": {
							"post": [1, 1, 0],
							"lerp_mode": "catmullrom"
						}
					}
				},
				"Tentacle11": {
					"rotation": {
						"0.25": {
							"pre": [0, 0, 0],
							"post": [0, 0, 0],
							"lerp_mode": "catmullrom"
						},
						"0.5": {
							"post": [0, 0, 45],
							"lerp_mode": "catmullrom"
						},
						"1.0": {
							"post": [0, 0, 22.5],
							"lerp_mode": "catmullrom"
						}
					}
				}
			}
		},
		"animation.screech.spawn": {
			"animation_length": 1,
			"bones": {
				"body": {
					"scale": {
						"0.0": [0.2, 1, 1],
						"0.75": [0.2, 1, 1]
					}
				},
				"head": {
					"scale": {
						"0.0": [0.2, 1, 0.3],
						"0.5": [4.6, 1, 1],
						"0.75": [4.6, 0.9, 1],
						"1.0": [4.6, 1, 1]
					}
				},
				"eyes": {
					"position": {
						"0.0": [0, 1, 0],
						"0.5": [0, 0, 0]
					}
				},
				"mouth": {
					"rotation": {
						"0.0": [0, 0, 0],
						"0.4583": [15, 0, 0],
						"1.0": [0, 0, 0]
					}
				},
				"tentacles": {
					"scale": {
						"0.0": [0, 1, 1],
						"0.5": [0.9, 1, 1],
						"0.75": [0.9, 0.9, 1],
						"1.0": [0.9, 1, 1]
					}
				},
				"Tentacle1": {
					"rotation": {
						"0.0": [0, 12.5, 0],
						"0.5": [18.20985, 30.97273, 9.49263]
					}
				},
				"Tentacle3": {
					"rotation": {
						"0.0": [0, 12.5, 0],
						"0.5": [0, 27.5, 0]
					}
				},
				"Tentacle5": {
					"rotation": {
						"0.0": [0, 5, 0],
						"0.5": [0, 30, 0]
					}
				},
				"Tentacle7": {
					"rotation": {
						"0.0": [0, -7.5, 0],
						"0.5": [0, -22.5, 0]
					}
				},
				"Tentacle9": {
					"rotation": {
						"0.0": [0, 15, 0],
						"0.5": [0, 17.5, 0]
					}
				},
				"Tentacle11": {
					"rotation": {
						"0.0": [0, 7.5, 0],
						"0.5": [0, 25, 0]
					}
				}
			}
		},
		"animation.screech.moving": {
			"loop": true,
			"animation_length": 1.5,
			"bones": {
				"head": {
					"rotation": [0, 0, 0]
				},
				"mouth": {
					"rotation": {
						"0.0": [-2.5, 0, 0],
						"0.5": [7.5, 0, 0],
						"1.0": [10, 0, 0],
						"1.5": [0, 0, 0]
					}
				},
				"tentacles": {
					"rotation": {
						"0.0": [0, 0, 2.5],
						"0.5": [0, 0, -37.5],
						"1.0": [0, 0, -112.5],
						"1.5": [0, 0, -177.5]
					}
				},
				"Tentacle1": {
					"rotation": [0, 22.5, 0]
				},
				"Tentacle3": {
					"rotation": [0, 27.5, 0]
				},
				"Tentacle5": {
					"rotation": [0, 15, 0]
				},
				"Tentacle7": {
					"rotation": [0, -20, 0]
				},
				"Tentacle9": {
					"rotation": [0, 17.5, 0]
				},
				"Tentacle11": {
					"rotation": [0, 17.5, 0]
				}
			}
		},
		"animation.screech.dead": {
			"loop": "hold_on_last_frame",
			"animation_length": 1.83333,
			"bones": {
				"head": {
					"rotation": {
						"0.0": [0, 0, 0],
						"0.5": [-57.5, 0, 0],
						"0.8333": [-92.5, 0, 0]
					},
					"position": {
						"0.0": [0, 0, 0],
						"0.8333": [0, -25, 0]
					},
					"scale": {
						"0.0": [1, 1, 1],
						"0.0833": [1, 0.9, 1],
						"0.25": [1, 1, 1]
					}
				},
				"eyes": {
					"position": {
						"0.0": [0, 0, 0],
						"0.1667": [0, 2, 0]
					},
					"scale": {
						"0.0": [1, 0.9, 1],
						"0.1667": [1, 2.0958, 1],
						"0.9167": [1, 0.8769, 1],
						"1.0833": [1, 0.4, 1],
						"1.5": [1, 0.2, 1]
					}
				},
				"mouth": {
					"rotation": {
						"0.0": [0, 0, 0],
						"0.5": [17.5, 0, 0],
						"0.8333": [12.5, 0, 0],
						"1.0833": [5, 0, 0]
					}
				},
				"tentacles": {
					"rotation": {
						"0.0": [0, 0, -2.5],
						"0.5": [-45, 0, -2.5],
						"0.8333": [-90, 0, -2.5]
					},
					"position": {
						"0.0": [0, 0, 0],
						"0.2083": [0, -5.42, 1.67],
						"0.5": [0, -15, 4],
						"0.8333": [0, -25, 4]
					},
					"scale": {
						"0.0": [1, 1, 1],
						"0.0833": [1, 0.9, 1],
						"0.25": [1, 1, 1]
					}
				},
				"Tentacle1": {
					"rotation": {
						"0.0": [0, 0, 0],
						"1.0833": [0, -20, 0]
					}
				},
				"Tentacle3": {
					"rotation": {
						"0.0": [0, 0, 0],
						"1.0833": [0, 0, 22.5]
					}
				},
				"Tentacle5": {
					"rotation": {
						"0.0": [0, 0, 0],
						"0.8333": [0, -2.5, 0]
					}
				},
				"Tentacle7": {
					"rotation": {
						"0.0": [0, 0, 0],
						"1.0833": [0, 0, 0]
					}
				},
				"Tentacle9": {
					"rotation": {
						"0.0": [0, 0, -2.5],
						"1.0833": [0, 0, -22.5]
					}
				},
				"Tentacle11": {
					"rotation": [0, 0, 2.5]
				}
			}
		}
	}
}