{
	"format_version": "1.8.0",
	"animations": {
		"animation.timothy.general": {
			"loop": true,
			"animation_length": 1,
			"bones": {
				"bone": {
					"rotation": {
						"0.0": [0, 0, 0],
						"0.5": [5, 0, 0],
						"1.0": [-2.5, 0, 0]
					}
				},
				"bone2": {
					"rotation": {
						"0.0": [2.5, 0, 0],
						"0.5": [-2.5, 0, 0],
						"1.0": [0, 0, 0]
					}
				},
				"bone4": {
					"rotation": {
						"0.0": [0, 0, 0],
						"0.5": [0, 0, -22.5],
						"1.0": [0, 0, 2.5]
					}
				},
				"bone15": {
					"rotation": {
						"0.0": [0, 0, 0],
						"0.5": [0, 0, -27.5],
						"1.0": [0, 0, 2.5]
					}
				},
				"bone16": {
					"rotation": {
						"0.0": [0, 0, 0],
						"0.5": [0, 0, 15],
						"1.0": [0, 0, 0]
					}
				},
				"bone17": {
					"rotation": {
						"0.0": [0, 0, 2.5],
						"0.5": [0, 0, -22.5],
						"1.0": [-10.83073, 10.47127, 15.39433]
					}
				},
				"bone19": {
					"rotation": {
						"0.0": [0, 0, 2.5],
						"0.5": [0, 0, -17.5],
						"1.0": [0, 0, 7.5]
					}
				},
				"bone20": {
					"rotation": {
						"0.0": [0, 0, 0],
						"0.5": [0, 0, 7.5],
						"1.0": [-10.20339, 0.32145, -4.13793]
					}
				},
				"bone18": {
					"rotation": {
						"0.0": [0, 0, 0],
						"0.5": [0, 0, 10],
						"1.0": [0, 0, 0]
					}
				},
				"bone14": {
					"rotation": {
						"0.0": [0, 0, 0],
						"0.5": [0, 0, 10],
						"1.0": [0, 0, -2.5]
					}
				},
				"bone3": {
					"rotation": {
						"0.0": [0, 0, 0],
						"0.5": [0, 32.5, 0],
						"1.0": [0, 10, 0]
					}
				},
				"bone9": {
					"rotation": {
						"0.0": [0, 2.5, 0],
						"0.5": [0, -30, 0],
						"1.0": [0, -7.5, 0]
					}
				}
			}
		},
		"animation.timothy.moving": {
			"loop": true,
			"animation_length": 1,
			"bones": {
				"bone": {
					"rotation": {
						"0.0": [0, 0, 0],
						"0.5": [10, 0, 0],
						"1.0": [0, 0, 0]
					}
				},
				"bone2": {
					"rotation": {
						"0.0": [0, 0, 0],
						"0.5": [5, 0, 0],
						"1.0": [0, 0, 0]
					}
				},
				"bone4": {
					"rotation": {
						"0.0": [0, 0, -20],
						"0.5": [0, 0, 5],
						"1.0": [0, 0, -20]
					}
				},
				"bone15": {
					"rotation": {
						"0.0": [0, 0, -22.5],
						"0.5": [0, 0, 5],
						"1.0": [21.74967, -0.72537, -21.32886]
					}
				},
				"bone16": {
					"rotation": {
						"0.0": [0, 0, 25],
						"0.5": [0, 0, -2.5],
						"1.0": [0, 0, 30]
					}
				},
				"bone17": {
					"rotation": {
						"0.0": [0, 0, -20],
						"0.5": [0, 0, 7.5],
						"1.0": [0, 0, -20]
					}
				},
				"bone19": {
					"rotation": {
						"0.0": [0, 0, -17.5],
						"0.5": [0, 0, 7.5],
						"1.0": [0, 0, -27.5]
					}
				},
				"bone20": {
					"rotation": {
						"0.0": [0, 0, 22.5],
						"0.5": [0, 0, 0],
						"1.0": [0, 0, 32.5]
					}
				},
				"bone18": {
					"rotation": {
						"0.0": [0, 0, 22.5],
						"0.5": [0, 0, -7.5],
						"1.0": [0, 0, 27.5]
					}
				},
				"bone14": {
					"rotation": {
						"0.0": [0, 0, 27.5],
						"0.5": [5, 7.5, -2.5],
						"1.0": [8.52295, 2.9205, 34.88974]
					}
				}
			}
		},
		"animation.timothy.attack": {
			"animation_length": 1.5,
			"bones": {
				"ALL": {
					"rotation": {
						"0.0": [0, 0, 0],
						"0.5": [-90, 0, 0],
						"1.0": [-27.5, 0, 0]
					},
					"position": {
						"0.0": [0, 0, 0],
						"0.5": [0, 40, -8],
						"1.0": [0, 35, -12.5],
						"1.25": [0, 34.5, -13.75],
						"1.5": [0, 0, -1]
					}
				},
				"bone": {
					"rotation": {
						"0.0": [2.5, 0, 0],
						"0.5": [-2.5, 0, 0],
						"1.0": [27.5, 0, 0],
						"1.5": [15, 0, 0]
					}
				},
				"bone2": {
					"rotation": {
						"0.0": [0, 0, 0],
						"0.5": [20, 0, 0],
						"0.8333": [29.82754, -2.0953, 5.78957],
						"1.0417": [19.71975, -3.40487, 9.40804],
						"1.5": [19.98247, -0.85481, 2.34941]
					}
				},
				"bone4": {
					"rotation": {
						"0.0": [0, 0, -2.5],
						"0.5": [0, 0, 27.5],
						"1.0": [0.60089, 1.9172, -0.96335],
						"1.25": [1.59196, 1.22582, 34.04363]
					}
				},
				"bone15": {
					"rotation": {
						"0.0": [0, 0, 0],
						"0.5": [0, 0, -27.5],
						"1.0": [0, 0, -12.5],
						"1.25": [7.28995, -4.10674, -37.31178],
						"1.4583": [-5.61251, -6.1751, -13.63561]
					}
				},
				"bone16": {
					"rotation": {
						"0.0": [0, 0, 0],
						"0.5": [0, 0, -17.5],
						"1.0": [0, 0, 2.5],
						"1.25": [0, 0, 15],
						"1.4583": [0, 0, -5]
					}
				},
				"bone17": {
					"rotation": {
						"0.0": [0, 0, 0],
						"0.5": [0, 0, -72.5],
						"1.0417": [0, 0, -60],
						"1.2917": [0, 0, -10]
					}
				},
				"bone19": {
					"rotation": {
						"0.0": [0, 0, 0],
						"0.5": [0, 0, 22.5],
						"1.0": [0, 0, 10]
					}
				},
				"bone20": {
					"rotation": {
						"0.0": [0, 0, 0],
						"0.5": [0, 0, 17.5],
						"1.0": [20, 0, 17.5]
					}
				},
				"bone18": {
					"rotation": {
						"0.0": [0, 0, 0],
						"0.5": [0, 0, -40],
						"1.0": [0, 0, -41.35],
						"1.0417": [0, 0, -55]
					}
				},
				"bone14": {
					"rotation": {
						"0.0": [0, 0, 0],
						"0.5": [0, 0, 20],
						"1.0": [0.201, -18.11822, -70.13334],
						"1.25": [-5.42945, -17.31281, -51.77409]
					}
				}
			}
		},
		"animation.timothy.death": {
			"loop": "hold_on_last_frame",
			"animation_length": 0.75,
			"bones": {
				"ALL": {
					"rotation": {
						"0.0": [0, 0, 0],
						"0.5": [-50, 0, 0],
						"0.75": [-180, 0, 0]
					},
					"position": {
						"0.0": [0, 0, 0],
						"0.2083": [0, 1, 0],
						"0.5": [0, 3, 0],
						"0.75": [0, 4, 0]
					}
				},
				"bone": {
					"rotation": {
						"0.0": [0, 0, 0],
						"0.2083": [25.63465, 0.06384, 1.03428],
						"0.4583": [24.85648, 0.16841, 2.72836],
						"0.5833": [49.85648, 0.16841, 2.72836],
						"0.7083": [-27.64352, 0.16841, 2.72836],
						"0.75": [-2.64352, 0.16841, 2.72836]
					}
				},
				"bone2": {
					"rotation": {
						"0.0": [0, 0, 0],
						"0.2917": [20.17, 0, 0],
						"0.5": [-32.5, 0, 0],
						"0.625": [42.5, 0, 0],
						"0.75": [-37.5, 0, 0]
					}
				},
				"bone4": {
					"rotation": {
						"0.0": [0, 0, 0],
						"0.4167": [0, 0, 67.5],
						"0.5": [0, 0, 45],
						"0.75": [0, 0, -2.5]
					}
				},
				"bone15": {
					"rotation": {
						"0.0": [0, 0, 0],
						"0.4167": [0, 0, 3.33],
						"0.5": [0, 0, 25],
						"0.75": [0, 0, -10]
					}
				},
				"bone16": {
					"rotation": {
						"0.0": [0, 0, 0],
						"0.4167": [0, 0, 3.75],
						"0.5": [0, 0, -22.5],
						"0.75": [0, 0, 20]
					}
				},
				"bone17": {
					"rotation": {
						"0.0": [0, 0, 0],
						"0.4167": [0, 0, 56.67],
						"0.5": [0, 0, 35],
						"0.75": [0, 0, -10]
					}
				},
				"bone19": {
					"rotation": {
						"0.0": [0, 0, 0],
						"0.5": [0, 0, 60],
						"0.75": [0, 0, -7.5]
					}
				},
				"bone20": {
					"rotation": {
						"0.0": [0, 0, 0],
						"0.4167": [0, 0, -47.92],
						"0.5": [0, 0, -27.5],
						"0.75": [0, 0, 17.5]
					}
				},
				"bone18": {
					"rotation": {
						"0.0": [0, 0, -2.5],
						"0.5": [0, 0, -30],
						"0.75": [0, 0, 17.5]
					}
				},
				"bone14": {
					"rotation": {
						"0.0": [0, 0, 0],
						"0.4167": [5.65589, 12.89183, -54.50742],
						"0.5": [13.17799, 10.5987, -32.15549],
						"0.75": [16.8287, -0.90443, 8.98302]
					}
				}
			}
		}
	}
}