{
   "format_version": "1.10.0",
   "minecraft:client_entity": {
      "description": {
         "identifier": "doors:silence",
         "materials": {
            "default": "spider"
         },
         "textures": {
            "default": "textures/entity/extra/silencetexture"
         },
         "animations": {
            "moving": "animation.ambush.moving",
            "silence_general": "animation.silence.idle",
            "attack": "animation.ambush.attack",
            "running": "animation.ambush.running",
            "jumpscare": "animation.ambush.jumpscare",
            "look_at_target": "animation.common.look_at_target",
            "move": "controller.animation.ambush.move",
            "general": "controller.animation.silence.general",
            "attack": "controller.animation.ambush.attack"
         },
         "scripts": {
            "animate": [
               "move",
               "general",
               "attack"
            ],
            "pre_animation": [
               "variable.attack = Math.sin(variable.attack_time * 30.0);"
            ]
         },
         "geometry": {
            "default": "geometry.silence"
         },
         "render_controllers": [
            "controller.render.default"
         ],
         "spawn_egg": {
            "texture": "silence",
            "texture_index": 0
         },
         "particle_effects": {
            "spell": "r:dark_smoke"
         }
      }
   }
}