{
  "format_version": "1.13.0",
  "minecraft:entity": {
    "description": {
      "identifier": "ic:door_door",
      "is_spawnable": true,
      "is_summonable": true,
      "is_experimental": false, 
      "scripts": {
				"animate": [
		  "position",
		"close"
		]
			},
			"animations": {
				"position": "animation.door_position",
				"close": "animation.door_close"
			} 
    },
    "components": {
      "minecraft:type_family": {
        "family": [ "inanimate","doors"]
      },
      "minecraft:damage_sensor": {
        "triggers": {
          "cause": "all",
          "deals_damage": false
        }
      },
      "minecraft:knockback_resistance": {
        "value": 1.0,
        "max": 1.0
      },
      "minecraft:collision_box": {
        "width": 0.5,
        "height": 0.8
      },
      "minecraft:health": {
        "value": 100,
        "max": 100
      },
      "minecraft:loot": {
        "table": "loot_tables/entities/boat.json"
      },
      "minecraft:physics": {
      "has_gravity" : false,
      "has_collision" : false 
      },
      "minecraft:on_hurt": {
        "event": "on:hurt",
        "target": "self"
      }
    }, 
    "events": { 
    "minecraft:entity_transformed": {
				"add": {
					"component_groups": ["test"]
				}
			},
			"open_standby": {
        "add": {
          "component_groups": ["open_standby"] 
        }
      },
        "open": {
        "add": {
          "component_groups": ["open"] 
        }
      }
    }  
  }
}