{
  "format_version": "1.13.0",
  "minecraft:entity": {
    "description": {
      "identifier": "ic:door_open_skull",
      "is_spawnable": false,
      "is_summonable": true,
      "is_experimental": false, 
      "scripts": {
				"animate": [
		  "position",
		"open" 
		]
			},
			"animations": {
				"position": "animation.door_position",
				"open": "animation.door_lockable_open" 
			} 
    },
    "component_groups": {
    "close": {
                "minecraft:transformation": {
                    "into": "ic:door_skull"
                }
			}
		}, 
    "components": {
      "minecraft:type_family": {
        "family": [ "inanimate","doors"]
      },
      "minecraft:damage_sensor": {
        "triggers": {
          "cause": "all",
          "deals_damage": false
        }
      },
      "minecraft:knockback_resistance": {
        "value": 1.0,
        "max": 1.0
      },
      "minecraft:collision_box": {
        "width": 0.5,
        "height": 0.8
      },
      "minecraft:health": {
        "value": 100,
        "max": 100
      },
      "minecraft:loot": {
        "table": "loot_tables/entities/boat.json"
      },
      "minecraft:physics": {
      "has_gravity" : false,
      "has_collision" : false 
      },
      "minecraft:on_hurt": {
        "event": "on:hurt",
        "target": "self"
      },
      "minecraft:interact": {
          "interactions": [
            {
              "on_interact": {
                "filters": {
                  "all_of": [
                    {
                      "test": "is_family",
                      "subject": "other",
                      "value": "player"
                    },
                    {
                      "test": "has_ability",
                      "subject" : "other",
                      "value": "instabuild"
                    } 
                  ]
                },
                "event": "close_skull",
              "target": "self"
              },
              "swing": true,
              "interact_text": "Close door"
            }
          ]
        } 
    }, 
    "events": { 
    "minecraft:entity_transformed": {
				"add": {
					"component_groups": ["test"]
				}
			},
        "close_skull": {
        "add": {
          "component_groups": ["close"] 
        }
      }
    }  
  }
}