{
  "format_version": "1.16.100",
  "minecraft:entity": {
    "description": {
      "identifier": "ic:a90",
      "is_spawnable": true,
      "is_summonable": true,
      "is_experimental": false,
      "scripts": {
				"animate": [
		  "jumpscare_a90"
		]
			},
			"animations": {
				"jumpscare_a90": "controller.animation.jumpscare_a90"
			} 
    },
    "component_groups": {
		"jumpscare_a90": {
			"minecraft:attack": {
				"damage": 0
			  }
		},
		"jumpscare_rest_a90": {
			"minecraft:is_stunned": {},
			"minecraft:attack": {
				"damage": 15
			  },
			  "minecraft:timer": {
				"looping": false,
				"randomInterval": false,
				"time": 1,
				"time_down_event": {
					"event": "ic:jumpscare_standby"
				}
			}
		}
					},
    "components": {
      "minecraft:type_family": {
        "family": [
        "rooms_monster",
        "rooms",
        "doors",
          "a90"
        ]
      },
      "minecraft:nameable": {
        "alwaysShow": false,
        "allowNameTagRenaming": false
      },
      "minecraft:collision_box": {
        "height": 0.8,
        "width": 0.8
      },
      "minecraft:loot": {
        "table": "loot_tables/entities/robot.json"
      },
      "minecraft:health": {
        "value": 300,
        "max": 300
      },
        "minecraft:damage_sensor": {
        "triggers": {
          "cause": "fall",
          "deals_damage": false
        }
      },
      "minecraft:navigation.walk": {
        "avoid_damage_blocks": false
      },
      "minecraft:movement.basic": {},
      "minecraft:fire_immune": {},
      "minecraft:jump.static": {},
      "minecraft:can_climb": {},
      "minecraft:attack": {
        "damage": 12
      },
      "minecraft:fall_damage": {
        "value": 0.0
      },
      "minecraft:knockback_resistance": {
        "value": 1.0,
        "max": 1.0
      },
        "minecraft:behavior.float": {
        "priority": 0
      },
      "minecraft:leashable": {
        "soft_distance": 4.0,
        "hard_distance": 6.0,
        "max_distance": 10.0
      },
      "minecraft:balloonable": {},
      "minecraft:behavior.melee_attack": {
				"priority": 0,
				"speed_multiplier": 1.2,
				"track_target": true,
				"reach_multiplier": 1.6
			  },
      "minecraft:physics": {},
      "minecraft:experience_reward": {
        "on_death": "query.last_hit_by_player ? 10 : 0"
      },
      "minecraft:scale": {
        "value": 1.0
      },
      "minecraft:pushable": {
        "is_pushable": true,
        "is_pushable_by_piston": false
      },
      "minecraft:fire_immune": true,
      "minecraft:behavior.owner_hurt_by_target": {
        "priority": 1
      },
      "minecraft:behavior.owner_hurt_target": {
        "priority": 2
      },
      "minecraft:annotation.break_door": {
        "break_time": 10.0,
        "min_difficulty": "easy"
      },
      "minecraft:on_death": {
        "event": "on:death",
        "target": "self"
      },
      "minecraft:on_hurt": {
        "event": "on:hurt",
        "target": "self"
      },
      "minecraft:on_hurt_by_player": {
        "event": "on:hurt_by_player",
        "target": "self"
      },
      "minecraft:on_ignite": {
        "event": "on:ignite",
        "target": "self"
      },
      "minecraft:on_target_acquired": {
        "event": "on:target_acquired",
        "target": "self"
      },
      "minecraft:on_target_escape": {
        "event": "on:target_escape",
        "target": "self"
      },
      "minecraft:on_wake_with_owner": {
        "event": "on:wake_with_owner",
        "target": "self"
    }
    },
    "events": {
    "minecraft:entity_spawned": {
				"add": {
					"component_groups": ["jumpscare_a90"]
				},
				"run_command": {
          "command": ["effect @s slowness 5 100 true"]
        }
			},
	"ic:jumpscare_standby": {
				"remove": {
					"component_groups": ["jumpscare_rest_a90"]
				},
				"add": {
					"component_groups": ["jumpscare_a90"]
				}
			},
			"ic:jumpscare_stop": {
				"add": {
					"component_groups": ["jumpscare_rest_a90"]
				},
				"remove": {
					"component_groups": ["jumpscare_a90"]
				}
			},
      "on:death": {
        "run_command": {
          "command": []
        }
      },
      "on:hurt": {
        "run_command": {
          "command": []
        }
      },
      "on:hurt_by_player": {
        "run_command": {
          "command": []
        }
      },
      "on:ignite": {
        "run_command": {
          "command": []
        }
      },
      "on:target_acquired": {
        "run_command": {
          "command": []
        }
      },
      "on:target_escape": {
        "run_command": {
          "command": []
        }
      },
      "on:wake_with_owner": {
        "run_command": {
          "command": []
      }
    }
  }
 }
}