{
  "format_version": "1.16.100",
  "minecraft:entity": {
    "description": {
      "identifier": "ic:dupe",
      "is_spawnable": true,
      "is_summonable": true,
      "is_experimental": false,
      "scripts": {
				"animate": [
		  "jumpscare_dupe",
		"position"
		]
			},
			"animations": {
				"jumpscare_dupe": "controller.animation.jumpscare_dupe",
				"position": "animation.door_position",
				"deactivate": "animation.dupe_deactivate" 
			} 
    },
    "component_groups": {
		"jumpscare_dupe": {
			"minecraft:variant": {
				"value": 1
			  }
		},
		"jumpscare_dupe_stop": {
			"minecraft:variant": {
				"value": 0
			  }
		}
					},
    "components": {
      "minecraft:type_family": {
        "family": [
        "doors_monster",
        "doors",
          "dupe"
        ]
      },
      "minecraft:variant": {
				"value": 0
			  },
      "minecraft:nameable": {
        "alwaysShow": false,
        "allowNameTagRenaming": false
      },
      "minecraft:rideable": {
					"seat_count": 1,
					"rider_can_interact": false,
					"seats": [
						{
							"position": [0, 0.8, 1.5], 
                             "rotate_rider_by": 180,
							 "lock_rider_rotation": 45
						}
					]
				},
      "minecraft:collision_box": {
        "height": 1.7,
        "width": 0.8
      },
      "minecraft:loot": {
        "table": "loot_tables/entities/robot.json"
      },
      "minecraft:health": {
        "value": 300,
        "max": 300
      },
        "minecraft:damage_sensor": {
        "triggers": {
          "cause": "all",
          "deals_damage": false
        }
      },
      "minecraft:navigation.walk": {
        "avoid_damage_blocks": false
      },
      "minecraft:movement.basic": {},
      "minecraft:fire_immune": {},
      "minecraft:jump.static": {},
      "minecraft:can_climb": {},
      "minecraft:fall_damage": {
        "value": 0.0
      },
      "minecraft:entity_sensor": {
          "sensor_range":1,
          "relative_range": true,
          "require_all": false,
          "event_filters": { 
			"any_of": [
				{"test": "is_family", "subject": "other", "value": "player" }
			]
		  },
          "event": "ic:dupe_jumpscare"
        },
      "minecraft:knockback_resistance": {
        "value": 1.0,
        "max": 1.0
      },
        "minecraft:behavior.float": {
        "priority": 0
      },
      "minecraft:leashable": {
        "soft_distance": 4.0,
        "hard_distance": 6.0,
        "max_distance": 10.0
      },
      "minecraft:balloonable": {},
      "minecraft:behavior.hurt_by_target": {
        "priority": 4
      },
      "minecraft:physics": {},
      "minecraft:follow_range": {
        "value": 64
      },
      "minecraft:experience_reward": {
        "on_death": "query.last_hit_by_player ? 10 : 0"
      },
      "minecraft:underwater_movement": {
        "value": 0.02
      },
      "minecraft:scale": {
        "value": 1.0
      },
      "minecraft:pushable": {
        "is_pushable": true,
        "is_pushable_by_piston": false
      },
      "minecraft:fire_immune": true,
      "minecraft:behavior.owner_hurt_by_target": {
        "priority": 1
      },
      "minecraft:behavior.owner_hurt_target": {
        "priority": 2
      },
      "minecraft:annotation.break_door": {
        "break_time": 10.0,
        "min_difficulty": "easy"
      },
      "minecraft:on_death": {
        "event": "on:death",
        "target": "self"
      },
      "minecraft:on_hurt": {
        "event": "on:hurt",
        "target": "self"
      },
      "minecraft:on_hurt_by_player": {
        "event": "on:hurt_by_player",
        "target": "self"
      },
      "minecraft:on_ignite": {
        "event": "on:ignite",
        "target": "self"
      },
      "minecraft:on_target_acquired": {
        "event": "on:target_acquired",
        "target": "self"
      },
      "minecraft:on_target_escape": {
        "event": "on:target_escape",
        "target": "self"
      },
      "minecraft:on_wake_with_owner": {
        "event": "on:wake_with_owner",
        "target": "self"
    }
    },
    "events": {
    "ic:dupe_jumpscare": {
        "run_command": {
          "command": ["event entity @s ic:activate"]
        }
      },
    "ic:activate": {
        "add": {
          "component_groups": ["jumpscare_dupe"]
        },
        "remove": {
          "component_groups": ["jumpscare_dupe_stop"]
        }
      },
      "ic:deactivate": {
        "add": {
          "component_groups": ["jumpscare_dupe_stop"]
        },
        "remove": {
          "component_groups": ["jumpscare_dupe"]
        } 
      },
    "minecraft:entity_spawned": {
				"run_command": {
          "command": ["effect @s slowness 5 100 true"]
        }
			},
	"ic:jumpscare_standby": {
				"remove": {
					"component_groups": ["jumpscare_rest_dupe"]
				},
				"add": {
					"component_groups": ["jumpscare_dupe"]
				}
			},
			"ic:jumpscare_stop": {
				"add": {
					"component_groups": ["jumpscare_rest_dupe"]
				},
				"remove": {
					"component_groups": ["jumpscare_dupe"]
				}
			},
      "on:death": {
        "run_command": {
          "command": []
        }
      },
      "on:hurt": {
        "run_command": {
          "command": []
        }
      },
      "on:hurt_by_player": {
        "run_command": {
          "command": []
        }
      },
      "on:ignite": {
        "run_command": {
          "command": []
        }
      },
      "on:target_acquired": {
        "run_command": {
          "command": []
        }
      },
      "on:target_escape": {
        "run_command": {
          "command": []
        }
      },
      "on:wake_with_owner": {
        "run_command": {
          "command": []
      }
    }
  }
 }
}