{
  "format_version": "1.12.0",
  "minecraft:entity": {
    "description": {
      "identifier": "ic:seek_eyes",
      "is_spawnable": true,
      "is_summonable": true,
      "is_experimental": false,
      "scripts": {
				"animate": [
		  "position"
		]
			},
			"animations": {
				"position": "animation.door_position"
			}  
    },
    "component_groups": {
      "ic:small": {
        "minecraft:scale": {
        "value": 0.8
          },
          "minecraft:variant": {
        "value": 0
          } 
      },
      "ic:medium": {
        "minecraft:scale": {
        "value": 1.0
          },
          "minecraft:variant": {
        "value": 1
          }  
        },
        "ic:large": {
        "minecraft:scale": {
        "value": 1.2
          },
          "minecraft:variant": {
        "value": 2
          } 
        } 
   },
    "components": {
    "minecraft:damage_sensor": {
      "damage_conditions": [
          {
            "filters": { "test": "in_lava", "subject": "self", "operator": "==", "value": true },
            "cause": "lava",
            "damage_per_tick": 4
          }
        ],
        "triggers": {
          "cause": "all",
          "deals_damage": false
        }
      },
      "minecraft:fire_immune":{},
      "minecraft:is_stackable": {
      },
      "minecraft:type_family": {
        "family": [ "doors", "bob" ]
      },
      "minecraft:collision_box": {
        "width": 0.1,
        "height": 0.1
      },
      "minecraft:physics": {
      "has_gravity" : false,
      "has_collision" : false 
      },
      "minecraft:health": {
        "value": 200
      },
      "minecraft:pushable": {
        "is_pushable": false,
        "is_pushable_by_piston": false
      }
    },
    "events": {
        "minecraft:entity_spawned": {
        "randomize": [
          {
            "weight": 30,
            "add": {
              "component_groups": [
                "ic:small"
              ]
            }
          },
          {
            "weight": 30,
            "add": {
              "component_groups": [
                "ic:medium"
              ]
            }
          },
          {
            "weight": 30,
            "add": {
              "component_groups": [
                "ic:large"
              ]
            }
          }  
          ]
        }
     }
  }
}
