{
	"format_version": "1.8.0",
	"animations": {
	"animation.crucifix.default": {
			"loop": true,
			"bones": {
				"main": {
					"scale": [0, 1, 0]
					}
				}
			},
		"animation.crucifix.activate_success": {
			"animation_length": 7,
			"bones": {
				"main": {
					"scale": {
						"0.0": {
							"post": [0, 1, 0],
							"lerp_mode": "catmullrom"
						},
						"0.25": [1, 1, 1],
						"6.0": [1, 1, 1],
						"6.25": [0, 1, 0],
						"7.0": [0, 1, 0]
					}
				},
				"chains": {
					"rotation": {
						"0.0": {
							"post": [0, 0, 0],
							"lerp_mode": "catmullrom"
						},
						"7.0": {
							"post": [0, 1440, 0],
							"lerp_mode": "catmullrom"
						}
					}
				},
				"main2": {
					"scale": [0, 0, 0]
				},
				"cross": {
					"rotation": {
						"0.0": {
							"post": [0, 0, 0],
							"lerp_mode": "catmullrom"
						},
						"1.0": {
							"post": [0, 360, 0],
							"lerp_mode": "catmullrom"
						},
						"3.0": {
							"post": [0, 1720, 0],
							"lerp_mode": "catmullrom"
						},
						"5.0": [0, 5760, 0],
						"6.5": [0, 6120, 0],
						"7.0": [0, 6120, 0]
					},
					"position": {
						"0.0": {
							"post": [0, -6, -12],
							"lerp_mode": "catmullrom"
						},
						"0.25": {
							"post": [0, -2, -4],
							"lerp_mode": "catmullrom"
						},
						"1.0": {
							"post": [0, 0, 0],
							"lerp_mode": "catmullrom"
						}
					},
					"scale": {
						"0.0": {
							"post": [0, 0, 0],
							"lerp_mode": "catmullrom"
						},
						"0.25": [1, 1, 1],
						"6.5": [1, 1, 1],
						"6.625": {
							"pre": [1.5, 1.5, 1.5],
							"post": [1.5, 1.5, 1.5],
							"lerp_mode": "catmullrom"
						},
						"6.8333": {
							"post": [1.5, 1.5, 1.5],
							"lerp_mode": "catmullrom"
						},
						"7.0": [0, 0, 0]
					}
				},
				"chains_1": {
					"rotation": {
						"0.0": [0, 0, 0],
						"2.75": {
							"pre": [0, 0, 0],
							"post": [0, 0, 0],
							"lerp_mode": "catmullrom"
						},
						"3.25": [2.5, 0, 0],
						"4.0": {
							"pre": [2.5, 0, 0],
							"post": [2.5, 0, 0],
							"lerp_mode": "catmullrom"
						},
						"4.7917": {
							"post": [145, 0, 0],
							"lerp_mode": "catmullrom"
						},
						"7.0": {
							"post": [145, 0, 0],
							"lerp_mode": "catmullrom"
						}
					},
					"scale": {
						"0.0": {
							"post": [1, 1, 1],
							"lerp_mode": "catmullrom"
						},
						"2.75": {
							"post": [1, 1, 1],
							"lerp_mode": "catmullrom"
						},
						"3.25": [1, 1.2, 1],
						"4.0": {
							"pre": [1, 1.2, 1],
							"post": [1, 1.2, 1],
							"lerp_mode": "catmullrom"
						},
						"4.4167": {
							"post": [1, 0.4, 1],
							"lerp_mode": "catmullrom"
						},
						"4.7917": {
							"post": [1, 1, 1],
							"lerp_mode": "catmullrom"
						},
						"7.0": {
							"post": [1, 1, 1],
							"lerp_mode": "catmullrom"
						}
					}
				},
				"chains_2": {
					"rotation": {
						"0.0": [0, 0, 0],
						"2.75": {
							"pre": [0, 0, 0],
							"post": [0, 0, 0],
							"lerp_mode": "catmullrom"
						},
						"3.25": [2.5, 0, 0],
						"4.0": {
							"pre": [2.5, 0, 0],
							"post": [2.5, 0, 0],
							"lerp_mode": "catmullrom"
						},
						"4.7917": {
							"post": [145, 0, 0],
							"lerp_mode": "catmullrom"
						},
						"7.0": {
							"post": [145, 0, 0],
							"lerp_mode": "catmullrom"
						}
					},
					"scale": {
						"0.0": {
							"post": [1, 1, 1],
							"lerp_mode": "catmullrom"
						},
						"2.75": {
							"post": [1, 1, 1],
							"lerp_mode": "catmullrom"
						},
						"3.25": [1, 1.2, 1],
						"4.0": {
							"pre": [1, 1.2, 1],
							"post": [1, 1.2, 1],
							"lerp_mode": "catmullrom"
						},
						"4.4167": {
							"post": [1, 0.4, 1],
							"lerp_mode": "catmullrom"
						},
						"4.7917": {
							"post": [1, 1, 1],
							"lerp_mode": "catmullrom"
						},
						"7.0": {
							"post": [1, 1, 1],
							"lerp_mode": "catmullrom"
						}
					}
				},
				"chains_3": {
					"rotation": {
						"0.0": [0, 0, 0],
						"2.75": {
							"pre": [0, 0, 0],
							"post": [0, 0, 0],
							"lerp_mode": "catmullrom"
						},
						"3.25": [-2.5, 0, 0],
						"4.0": {
							"pre": [-2.5, 0, 0],
							"post": [-2.5, 0, 0],
							"lerp_mode": "catmullrom"
						},
						"4.7917": {
							"post": [-145, 0, 0],
							"lerp_mode": "catmullrom"
						},
						"7.0": {
							"post": [-145, 0, 0],
							"lerp_mode": "catmullrom"
						}
					},
					"scale": {
						"0.0": {
							"post": [1, 1, 1],
							"lerp_mode": "catmullrom"
						},
						"2.75": {
							"post": [1, 1, 1],
							"lerp_mode": "catmullrom"
						},
						"3.25": [1, 1.2, 1],
						"4.0": {
							"pre": [1, 1.2, 1],
							"post": [1, 1.2, 1],
							"lerp_mode": "catmullrom"
						},
						"4.4167": {
							"post": [1, 0.4, 1],
							"lerp_mode": "catmullrom"
						},
						"4.7917": {
							"post": [1, 1, 1],
							"lerp_mode": "catmullrom"
						},
						"7.0": {
							"post": [1, 1, 1],
							"lerp_mode": "catmullrom"
						}
					}
				},
				"chains_4": {
					"rotation": {
						"0.0": [0, 0, 0],
						"2.75": {
							"pre": [0, 0, 0],
							"post": [0, 0, 0],
							"lerp_mode": "catmullrom"
						},
						"3.25": [-2.5, 0, 0],
						"4.0": {
							"pre": [-2.5, 0, 0],
							"post": [-2.5, 0, 0],
							"lerp_mode": "catmullrom"
						},
						"4.7917": {
							"post": [-145, 0, 0],
							"lerp_mode": "catmullrom"
						},
						"7.0": {
							"post": [-145, 0, 0],
							"lerp_mode": "catmullrom"
						}
					},
					"scale": {
						"0.0": {
							"post": [1, 1, 1],
							"lerp_mode": "catmullrom"
						},
						"2.75": {
							"post": [1, 1, 1],
							"lerp_mode": "catmullrom"
						},
						"3.25": [1, 1.2, 1],
						"4.0": {
							"pre": [1, 1.2, 1],
							"post": [1, 1.2, 1],
							"lerp_mode": "catmullrom"
						},
						"4.4167": {
							"post": [1, 0.4, 1],
							"lerp_mode": "catmullrom"
						},
						"4.7917": {
							"post": [1, 1, 1],
							"lerp_mode": "catmullrom"
						},
						"7.0": {
							"post": [1, 1, 1],
							"lerp_mode": "catmullrom"
						}
					}
				},
				"chains_5": {
					"rotation": {
						"0.0": [0, 0, 0],
						"2.75": {
							"pre": [0, 0, 0],
							"post": [0, 0, 0],
							"lerp_mode": "catmullrom"
						},
						"3.25": [-2.5, 0, 0],
						"4.0": {
							"pre": [-2.5, 0, 0],
							"post": [-2.5, 0, 0],
							"lerp_mode": "catmullrom"
						},
						"4.7917": {
							"post": [-145, 0, 0],
							"lerp_mode": "catmullrom"
						},
						"7.0": {
							"post": [-145, 0, 0],
							"lerp_mode": "catmullrom"
						}
					},
					"scale": {
						"0.0": {
							"post": [1, 1, 1],
							"lerp_mode": "catmullrom"
						},
						"2.75": {
							"post": [1, 1, 1],
							"lerp_mode": "catmullrom"
						},
						"3.25": [1, 1.2, 1],
						"4.0": {
							"pre": [1, 1.2, 1],
							"post": [1, 1.2, 1],
							"lerp_mode": "catmullrom"
						},
						"4.4167": {
							"post": [1, 0.4, 1],
							"lerp_mode": "catmullrom"
						},
						"4.7917": {
							"post": [1, 1, 1],
							"lerp_mode": "catmullrom"
						},
						"7.0": {
							"post": [1, 1, 1],
							"lerp_mode": "catmullrom"
						}
					}
				},
				"chains_6": {
					"rotation": {
						"0.0": [0, 0, 0],
						"2.75": {
							"pre": [0, 0, 0],
							"post": [0, 0, 0],
							"lerp_mode": "catmullrom"
						},
						"3.25": [-2.5, 0, 0],
						"4.0": {
							"pre": [-2.5, 0, 0],
							"post": [-2.5, 0, 0],
							"lerp_mode": "catmullrom"
						},
						"4.7917": {
							"post": [-145, 0, 0],
							"lerp_mode": "catmullrom"
						},
						"7.0": {
							"post": [-145, 0, 0],
							"lerp_mode": "catmullrom"
						}
					},
					"scale": {
						"0.0": {
							"post": [1, 1, 1],
							"lerp_mode": "catmullrom"
						},
						"2.75": {
							"post": [1, 1, 1],
							"lerp_mode": "catmullrom"
						},
						"3.25": [1, 1.2, 1],
						"4.0": {
							"pre": [1, 1.2, 1],
							"post": [1, 1.2, 1],
							"lerp_mode": "catmullrom"
						},
						"4.4167": {
							"post": [1, 0.4, 1],
							"lerp_mode": "catmullrom"
						},
						"4.7917": {
							"post": [1, 1, 1],
							"lerp_mode": "catmullrom"
						},
						"7.0": {
							"post": [1, 1, 1],
							"lerp_mode": "catmullrom"
						}
					}
				}
			},
			"sound_effects": {
				"1.0": {
					"effect": "success"
				}
			},
			"particle_effects": {
				"0.2917": {
					"effect": "crucifix_blue",
					"locator": "particle_blue"
				},
				"5.5": {
					"effect": "light",
					"locator": "light_particle"
				}
			}
		},
		"animation.crucifix.activate_fail": {
			"animation_length": 9,
			"bones": {
				"main": {
					"scale": {
						"0.0": {
							"post": [0, 1, 0],
							"lerp_mode": "catmullrom"
						},
						"0.25": [1, 1, 1],
						"5.0": [1, 1, 1],
						"5.0417": {
							"pre": [1, 1, 1],
							"post": [0, 1, 0]
						},
						"5.1667": {
							"pre": [0, 1, 0],
							"post": [1, 1, 1]
						},
						"5.2917": {
							"pre": [1, 1, 1],
							"post": [0, 1, 0]
						},
						"7.0": [0, 1, 0],
						"9.0": [0, 1, 0]
					}
				},
				"chains": {
					"rotation": {
						"0.0": {
							"post": [0, 0, 0],
							"lerp_mode": "catmullrom"
						},
						"7.0": {
							"post": [0, 1440, 0],
							"lerp_mode": "catmullrom"
						},
						"9.0": {
							"post": [0, 1440, 0],
							"lerp_mode": "catmullrom"
						}
					}
				},
				"main2": {
					"scale": {
						"0.0": [0, 0, 0],
						"5.0": [0, 0, 0],
						"5.0417": [1, 1, 1],
						"5.1667": {
							"pre": [1, 1, 1],
							"post": [0, 1, 0]
						},
						"5.2917": {
							"pre": [0, 1, 0],
							"post": [1, 1, 1]
						},
						"8.0": [1, 1, 1],
						"8.5": [0, 1, 0],
						"9.0": [0, 1, 0]
					}
				},
				"chains2": {
					"rotation": {
						"0.0": {
							"post": [0, 0, 0],
							"lerp_mode": "catmullrom"
						},
						"7.0": [0, 1720, 0],
						"9.0": [0, 1810, 0]
					}
				},
				"cross": {
					"rotation": {
						"0.0": {
							"post": [0, 0, 0],
							"lerp_mode": "catmullrom"
						},
						"1.0": {
							"post": [0, 360, 0],
							"lerp_mode": "catmullrom"
						},
						"3.0": {
							"post": [0, 1720, 0],
							"lerp_mode": "catmullrom"
						},
						"5.0": [0, 5760, 0],
						"6.5": [0, 6120, 0],
						"7.0": [0, 6120, 0]
					},
					"position": {
						"0.0": {
							"post": [0, -6, -12],
							"lerp_mode": "catmullrom"
						},
						"0.25": {
							"post": [0, -2, -4],
							"lerp_mode": "catmullrom"
						},
						"1.0": {
							"post": [0, 0, 0],
							"lerp_mode": "catmullrom"
						}
					},
					"scale": {
						"0.0": {
							"post": [0, 0, 0],
							"lerp_mode": "catmullrom"
						},
						"0.25": [1, 1, 1],
						"6.5": [1, 1, 1],
						"6.625": {
							"pre": [1.5, 1.5, 1.5],
							"post": [1.5, 1.5, 1.5],
							"lerp_mode": "catmullrom"
						},
						"6.8333": {
							"post": [1.5, 1.5, 1.5],
							"lerp_mode": "catmullrom"
						},
						"7.0": [0, 0, 0],
						"9.0": [0, 0, 0]
					}
				}
			},
			"sound_effects": {
				"0.0833": {
					"effect": "fail"
				}
			},
			"particle_effects": {
				"0.2917": {
					"effect": "crucifix_blue",
					"locator": "particle_blue"
				},
				"5.2917": {
					"effect": "crucifix_red",
					"locator": "particle_red"
				}
			}
		}
	}
}