{
	"format_version": "1.8.0",
	"animations": {
	"animation.ic_jeff.idle_sound": {
			"loop": true,
			"animation_length": 120,
			"anim_time_update" : "query.anim_time + query.delta_time * 1.0",
			"sound_effects": {
				"0.01": {
					"effect": "jeff"
				}
			}
		},
		"animation.ic_jeff.idle": {
			"loop": true,
			"animation_length": 4,
			"bones": {
				"right_tentacle": {
					"rotation": {
						"0.0": {
							"post": [-13.27463, 19.50645, -4.50432],
							"lerp_mode": "catmullrom"
						},
						"1.0": {
							"post": [7.04773, 0.20801, 4.30577],
							"lerp_mode": "catmullrom"
						},
						"2.0": {
							"post": [12.39695, 17.57331, 6.5287],
							"lerp_mode": "catmullrom"
						},
						"3.0": {
							"post": [-5.39348, -5.35278, -18.26658],
							"lerp_mode": "catmullrom"
						},
						"4.0": {
							"post": [-13.27463, 19.50645, -4.50432],
							"lerp_mode": "catmullrom"
						}
					}
				},
				"tentacle_2": {
					"rotation": {
						"0.0": {
							"post": [0, -17.5, 0],
							"lerp_mode": "catmullrom"
						},
						"1.0": {
							"post": [0, 0, 0],
							"lerp_mode": "catmullrom"
						},
						"2.0": {
							"post": [0, -10, 0],
							"lerp_mode": "catmullrom"
						},
						"3.0": {
							"post": [0, -27.5, 0],
							"lerp_mode": "catmullrom"
						},
						"4.0": {
							"post": [0, -17.5, 0],
							"lerp_mode": "catmullrom"
						}
					}
				},
				"tentacle_3": {
					"rotation": {
						"0.0": {
							"post": [0, -20, 0],
							"lerp_mode": "catmullrom"
						},
						"1.0": {
							"post": [0, 10, 0],
							"lerp_mode": "catmullrom"
						},
						"2.0": {
							"post": [0, -7.5, 0],
							"lerp_mode": "catmullrom"
						},
						"3.0": {
							"post": [0, -15, 0],
							"lerp_mode": "catmullrom"
						},
						"4.0": {
							"post": [0, -20, 0],
							"lerp_mode": "catmullrom"
						}
					}
				},
				"left_tentacle": {
					"rotation": {
						"0.0": {
							"post": [-5.39348, 5.35278, 18.26658],
							"lerp_mode": "catmullrom"
						},
						"1.0": {
							"post": [-13.27463, -19.50645, 4.50432],
							"lerp_mode": "catmullrom"
						},
						"2.0": {
							"post": [7.04773, -0.20801, -4.30577],
							"lerp_mode": "catmullrom"
						},
						"3.0": {
							"post": [12.39695, -17.57331, -6.5287],
							"lerp_mode": "catmullrom"
						},
						"4.0": {
							"post": [-5.39348, 5.35278, 18.26658],
							"lerp_mode": "catmullrom"
						}
					}
				},
				"tentacle_5": {
					"rotation": {
						"0.0": {
							"post": [0, 27.5, 0],
							"lerp_mode": "catmullrom"
						},
						"1.0": {
							"post": [0, 17.5, 0],
							"lerp_mode": "catmullrom"
						},
						"2.0": {
							"post": [0, 0, 0],
							"lerp_mode": "catmullrom"
						},
						"3.0": {
							"post": [0, 10, 0],
							"lerp_mode": "catmullrom"
						},
						"4.0": {
							"post": [0, 27.5, 0],
							"lerp_mode": "catmullrom"
						}
					}
				},
				"tentacle_6": {
					"rotation": {
						"0.0": {
							"post": [0, 15, 0],
							"lerp_mode": "catmullrom"
						},
						"1.0": {
							"post": [0, 20, 0],
							"lerp_mode": "catmullrom"
						},
						"2.0": {
							"post": [0, -10, 0],
							"lerp_mode": "catmullrom"
						},
						"3.0": {
							"post": [0, 7.5, 0],
							"lerp_mode": "catmullrom"
						},
						"4.0": {
							"post": [0, 15, 0],
							"lerp_mode": "catmullrom"
						}
					}
				},
				"eyes": {
					"position": {
						"0.0": {
							"post": [0, 0, 0],
							"lerp_mode": "catmullrom"
						},
						"2.0": {
							"post": [0, 1, 0],
							"lerp_mode": "catmullrom"
						},
						"4.0": {
							"post": [0, 0, 0],
							"lerp_mode": "catmullrom"
						}
					}
				}
			}
		},
		"animation.ic_jeff.idle2": {
			"loop": true,
			"animation_length": 10,
			"bones": {
				"eyes": {
					"scale": {
						"5.4167": [1, 1, 1],
						"5.5": {"pre": [1, 1, 1], "post": [1, 0, 1]},
						"5.5833": {"pre": [1, 0, 1], "post": [1, 1, 1]},
						"6.25": {"pre": [1, 1, 1], "post": [1, 1, 1]},
						"6.3333": {"pre": [1, 1, 1], "post": [1, 0, 1]},
						"6.4167": {"pre": [1, 0, 1], "post": [1, 1, 1]}
					}
				}
			}
		}
	}
}