{
	"format_version": "1.8.0",
	"animations": {
	"animation.ic_seek_eyes.small": {
			"loop": true,
			"bones": {
				"root": {
					"position": [0, 0, 1.8]
				}
			}
		},
		"animation.ic_seek_eyes.medium": {
			"loop": true,
			"bones": {
				"root": {
					"position": [0, 0, 0]
				}
			}
		},
		"animation.ic_seek_eyes.large": {
			"loop": true,
			"bones": {
				"root": {
					"position": [0,0, -1.75]
				}
			}
		},
		"animation.ic_seek_eyes.default": {
			"loop": true,
			"animation_length": 10,
			"bones": {
				"root": {
					"scale": [1, 1, 1]
				},
				"eyelid": {
					"position": {
						"4.0": [0, 0, 0],
						"4.0833": {"pre": [0, 0, 0], "post": [0, 0, -0.6]},
						"4.1667": {"pre": [0, 0, -0.6], "post": [0, 0, 0]}
					}
				},
				"pupil": {
					"position": ["query.target_y_rotation * 0.1", "query.target_x_rotation * 0.1", 0]
				}
			}
		}
	}
}