{
	"format_version": "1.8.0",
	"animations": {
		"animation.ic_timothy.move": {
			"loop": true,
			"animation_length": 1,
			"anim_time_update" : "query.anim_time + query.delta_time * (query.ground_speed / 1)",
			"bones": {
				"body1": {
					"rotation": {
						"0.0": {
							"post": [-5, 0, 0],
							"lerp_mode": "catmullrom"
						},
						"0.25": {
							"post": [5, 0, 0],
							"lerp_mode": "catmullrom"
						},
						"0.5": {
							"post": [-5, 0, 0],
							"lerp_mode": "catmullrom"
						},
						"0.75": {
							"post": [5, 0, 0],
							"lerp_mode": "catmullrom"
						},
						"1.0": {
							"post": [-5, 0, 0],
							"lerp_mode": "catmullrom"
						}
					},
					"position": {
						"0.0": {
							"post": [0, -0.25, 0],
							"lerp_mode": "catmullrom"
						},
						"0.25": {
							"post": [0, 0.25, 0],
							"lerp_mode": "catmullrom"
						},
						"0.5": {
							"post": [0, -0.25, 0],
							"lerp_mode": "catmullrom"
						},
						"0.75": {
							"post": [0, 0.25, 0],
							"lerp_mode": "catmullrom"
						},
						"1.0": {
							"post": [0, -0.25, 0],
							"lerp_mode": "catmullrom"
						}
					}
				},
				"leg0": {
					"rotation": {
						"0.0": {
							"post": [6.8933, -5.72612, 12.11906],
							"lerp_mode": "catmullrom"
						},
						"0.25": {
							"post": [-0.00226, -5.00437, 0.0015],
							"lerp_mode": "catmullrom"
						},
						"0.5": {
							"post": [-2.28478, 2.48066, -3.38659],
							"lerp_mode": "catmullrom"
						},
						"0.75": {
							"post": [-8.3929, 9.56164, -11.41724],
							"lerp_mode": "catmullrom"
						},
						"1.0": {
							"post": [6.8933, -5.72612, 12.11906],
							"lerp_mode": "catmullrom"
						}
					}
				},
				"leg1": {
					"rotation": {
						"0.0": {
							"post": [0, -7.5, 0],
							"lerp_mode": "catmullrom"
						},
						"0.25": {
							"post": [0, 0, 0],
							"lerp_mode": "catmullrom"
						},
						"0.5": {
							"post": [0, 7.5, 0],
							"lerp_mode": "catmullrom"
						},
						"0.75": {
							"post": [-1.01314, -12.75791, 10.08969],
							"lerp_mode": "catmullrom"
						},
						"1.0": {
							"post": [0, -7.5, 0],
							"lerp_mode": "catmullrom"
						}
					}
				},
				"leg2": {
					"rotation": {
						"0.0": {
							"post": [-12.34601, 11.34346, 1.56944],
							"lerp_mode": "catmullrom"
						},
						"0.25": {
							"post": [6.8933, -5.72612, 12.11906],
							"lerp_mode": "catmullrom"
						},
						"0.5": {
							"post": [-0.00226, -5.00437, 0.0015],
							"lerp_mode": "catmullrom"
						},
						"0.75": {
							"post": [-2.28478, 2.48066, -3.38659],
							"lerp_mode": "catmullrom"
						},
						"1.0": {
							"post": [-12.34601, 11.34346, 1.56944],
							"lerp_mode": "catmullrom"
						}
					}
				},
				"leg3": {
					"rotation": {
						"0.0": {
							"post": [-1.01314, -12.75791, 10.08969],
							"lerp_mode": "catmullrom"
						},
						"0.25": {
							"post": [0, -7.5, 0],
							"lerp_mode": "catmullrom"
						},
						"0.5": {
							"post": [0, 0, 0],
							"lerp_mode": "catmullrom"
						},
						"0.75": {
							"post": [0, 7.5, 0],
							"lerp_mode": "catmullrom"
						},
						"1.0": {
							"post": [-1.01314, -12.75791, 10.08969],
							"lerp_mode": "catmullrom"
						}
					}
				},
				"leg4": {
					"rotation": {
						"0.0": {
							"post": [6.8933, 5.72612, -12.11906],
							"lerp_mode": "catmullrom"
						},
						"0.25": {
							"post": [-0.00226, 5.00437, -0.0015],
							"lerp_mode": "catmullrom"
						},
						"0.5": {
							"post": [-2.28478, -2.48066, 3.38659],
							"lerp_mode": "catmullrom"
						},
						"0.75": {
							"post": [-8.3929, -9.56164, 11.41724],
							"lerp_mode": "catmullrom"
						},
						"1.0": {
							"post": [6.8933, 5.72612, -12.11906],
							"lerp_mode": "catmullrom"
						}
					}
				},
				"leg5": {
					"rotation": {
						"0.0": {
							"post": [0, 7.5, 0],
							"lerp_mode": "catmullrom"
						},
						"0.25": {
							"post": [0, 0, 0],
							"lerp_mode": "catmullrom"
						},
						"0.5": {
							"post": [0, -7.5, 0],
							"lerp_mode": "catmullrom"
						},
						"0.75": {
							"post": [-1.01314, 12.75791, -10.08969],
							"lerp_mode": "catmullrom"
						},
						"1.0": {
							"post": [0, 7.5, 0],
							"lerp_mode": "catmullrom"
						}
					}
				},
				"leg6": {
					"rotation": {
						"0.0": {
							"post": [-12.34601, -11.34346, -1.56944],
							"lerp_mode": "catmullrom"
						},
						"0.25": {
							"post": [6.8933, 5.72612, -12.11906],
							"lerp_mode": "catmullrom"
						},
						"0.5": {
							"post": [-0.00226, 5.00437, -0.0015],
							"lerp_mode": "catmullrom"
						},
						"0.75": {
							"post": [-2.28478, -2.48066, 3.38659],
							"lerp_mode": "catmullrom"
						},
						"1.0": {
							"post": [-12.34601, -11.34346, -1.56944],
							"lerp_mode": "catmullrom"
						}
					}
				},
				"leg7": {
					"rotation": {
						"0.0": {
							"post": [-1.01314, 12.75791, -10.08969],
							"lerp_mode": "catmullrom"
						},
						"0.25": {
							"post": [0, 7.5, 0],
							"lerp_mode": "catmullrom"
						},
						"0.5": {
							"post": [0, 0, 0],
							"lerp_mode": "catmullrom"
						},
						"0.75": {
							"post": [0, -7.5, 0],
							"lerp_mode": "catmullrom"
						},
						"1.0": {
							"post": [-1.01314, 12.75791, -10.08969],
							"lerp_mode": "catmullrom"
						}
					}
				}
			}
		},
		"animation.ic_timothy.jumpscare": {
			"animation_length": 1,
			"bones": {
				"body0": {
					"rotation": {
						"0.0": {
							"post": [0, 0, 0],
							"lerp_mode": "catmullrom"
						},
						"0.25": {
							"post": [-85.56255, 2.30644, -27.41063],
							"lerp_mode": "catmullrom"
						},
						"0.5": {
							"post": [-85.56255, 2.30644, -27.41063],
							"lerp_mode": "catmullrom"
						},
						"1.0": {
							"post": [-85.56, 2.31, -27.41],
							"lerp_mode": "catmullrom"
						}
					},
					"position": {
						"0.0": {
							"post": [0, 0, 0],
							"lerp_mode": "catmullrom"
						},
						"0.25": {
							"post": [0, 16.5, 15],
							"lerp_mode": "catmullrom"
						},
						"0.5": {
							"post": [0, 16.5, 15],
							"lerp_mode": "catmullrom"
						},
						"1.0": {
							"post": [0, 16.5, 0],
							"lerp_mode": "catmullrom"
						}
					}
				}
			}
		}
	}
}