{
   "format_version": "1.10.0",
   "animation_controllers": {
      "controller.animation.figure.general": {
         "initial_state": "moving",
         "states": {
            "moving": {
               "variables": {
                  "move_speed": {
                     "input": "query.modified_move_speed",
                     "remap_curve": {
                        "0": 0,
                        "1": 1
                     }
                  },
                  "is_idling": {
                     "input": "query.modified_move_speed",
                     "remap_curve": {
                        "0": 1,
                        "1": 0
                     }
                  }
               },
               "blend_transition": 0.1,
               "animations": [
                  {
                     "moving": "variable.move_speed"
                  },
                  {
                     "figure_general": "variable.is_idling"
                  }
               ],
               "transitions": [
                  {
                     "jumpscare": "query.is_casting"
                  },
                  {
                     "running": "query.ground_speed >= 4.5"
                  }
               ],
               "particle_effects": [
                  {
                     "effect": "spell",
                     "locator": "bright"
                  }
               ]
            },
            "running": {
               "animations": [
                  "running"
               ],
               "transitions": [
                  {
                     "moving": "query.ground_speed <= 3.5"
                  }
               ],
               "blend_transition": 0.5,
               "particle_effects": [
                  {
                     "effect": "spell",
                     "locator": "bright"
                  }
               ]
            }
         }
      },
      "controller.animation.figure.looking_at": {
         "states": {
            "default": {
               "animations": [
                  "look_at"
               ]
            }
         }
      },
      "controller.animation.figure.attack": {
         "states": {
            "default": {
               "transitions": [
                  {
                     "attack": "variable.attack_time > 0 && variable.random == 0"
                  },
                  {
                     "attack": "variable.attack_time > 0 && variable.random == 1"
                  }
               ],
               "blend_transition": 0.2
            },
            "attack": {
               "animations": [
                  "attack"
               ],
               "transitions": [
                  {
                     "default": "query.all_animations_finished"
                  }
               ],
               "blend_transition": 0.1
            }
         }
      }
   }
}