{
   "format_version": "1.13.0",
   "minecraft:entity": {
      "description": {
         "identifier": "r:jack_spawn",
         "is_spawnable": false,
         "is_summonable": true,
         "is_experimental": false
      },
      "component_groups": {
         "minecraft:despawndead": {
            "minecraft:type_family": {
               "family": [
                  "despawn_"
               ]
            }
         }
      },
      "components": {
         "minecraft:nameable": {},
         "minecraft:type_family": {
            "family": [
               "inanimate"
            ]
         },
         "minecraft:fall_damage": {
            "value": 0
         },
         "minecraft:movement": {
            "value": 0
         },
         "minecraft:underwater_movement": {
            "value": 0.3
         },
         "minecraft:collision_box": {
            "width": 0.6,
            "height": 1.85
         },
         "minecraft:movement.basic": {},
         "minecraft:navigation.climb": {
            "can_path_over_water": true,
            "can_pass_doors": true,
            "can_open_doors": true,
            "can_path_from_air": true
         },
         "minecraft:jump.static": {},
         "minecraft:annotation.open_door": {},
         "minecraft:knockback_resistance": {
            "value": 10
         },
         "minecraft:fire_immune": true,
         "minecraft:can_climb": {},
         "minecraft:behavior.float": {
            "priority": 0
         },
         "minecraft:behavior.avoid_mob_type": {
            "priority": -1,
            "entity_types": [
               {
                  "filters": {
                     "any_of": [
                        {
                           "test": "is_family",
                           "subject": "other",
                           "value": "cartoon_dog"
                        }
                     ]
                  },
                  "walk_speed_multiplier": 2.2,
                  "sprint_speed_multiplier": 2.2
               }
            ]
         },
         "minecraft:health": {
            "value": 100,
            "max": 100
         },
         "minecraft:attack": {
            "damage": 0
         },
         "minecraft:loot": {
            "table": "loot_tables/entities/noloot.json"
         },
         "minecraft:behavior.move_towards_restriction": {
            "priority": 5,
            "speed_multiplier": 1
         },
         "minecraft:behavior.random_stroll": {
            "priority": 6,
            "speed_multiplier": 1
         },
         "minecraft:behavior.look_at_player": {
            "priority": 7,
            "look_distance": 6,
            "probability": 0.02
         },
         "minecraft:floats_in_liquid": {},
         "minecraft:behavior.random_look_around": {
            "priority": 7
         },
         "minecraft:behavior.lay_down": {
            "priority": 7,
            "random_interval": 230,
            "random_stop_interval": 2300
         },
         "minecraft:follow_range": {
            "value": 200
         },
         "minecraft:pushable": {
            "is_pushable": false,
            "is_pushable_by_piston": false
         },
         "minecraft:physics": {},
         "minecraft:despawn": {
            "filters": {
               "all_of": [
                  {
                     "test": "is_family",
                     "subject": "self",
                     "value": "despawn_"
                  }
               ]
            }
         },
         "minecraft:timer": {
            "looping": false,
            "randomInterval": false,
            "time": 20,
            "time_down_event": {
               "event": "minecraft:event_dead"
            }
         },
         "minecraft:spawn_entity": [
            {
               "min_wait_time": 19,
               "max_wait_time": 19,
               "spawn_entity": "r:jack",
               "spawn_sound": "as",
               "num_to_spawn": 1
            }
         ]
      },
      "events": {
         "minecraft:event_dead": {
            "add": {
               "component_groups": [
                  "minecraft:despawndead"
               ]
            }
         }
      }
   }
}