{
   "entity_sounds": {
      "entities": {
         "doors:figure": {
            "events": {
               "agitated": {
                  "pitch": [
                     1,
                     1
                  ],
                  "sound": "mob.figure.agitated",
                  "volume": 13
               },
               "ambient": "mob.figure.idle",
               "angry": {
                  "pitch": [
                     1,
                     1
                  ],
                  "sound": "mob.figure.angry",
                  "volume": 13
               },
               "attack": {
                  "pitch": 1,
                  "sound": "mob.figure.attack",
                  "volume": 13
               },
               "death": {
                  "1": [
                     1,
                     1
                  ],
                  "sound": "mob.figure.death",
                  "volume": 13
               },
               "heartbeat": {
                  "pitch": 1,
                  "sound": "mob.figure.ambient",
                  "volume": 13
               },
               "hurt": {
                  "pitch": [
                     1,
                     1
                  ],
                  "sound": "mob.figure.ambient",
                  "volume": 10
               },
               "idle": {
                  "pitch": 1,
                  "sound": "mob.figure.ambient",
                  "volume": 23
               },
               "listening": {
                  "pitch": [
                     0.2,
                     1
                  ],
                  "sound": "mob.figure.ambient",
                  "volume": 23
               },
               "listening_angry": {
                  "pitch": [
                     0.2,
                     1
                  ],
                  "sound": "mob.warden.listening_angry",
                  "volume": 13
               },
               "roar": {
                  "pitch": 0.2,
                  "sound": "mob.figure.roar",
                  "volume": 23
               },
               "step": {
                  "pitch": 0.4,
                  "sound": "mob.figure.step",
                  "volume": 23
               }
            },
            "pitch": [
               0.2,
               1
            ],
            "volume": 1
         },
         "doors:rush": {
            "events": {
               "incoming": {
                  "pitch": 0.2,
                  "sound": "mob.rush.incoming",
                  "volume": 23
               },
               "incoming2": {
                  "pitch": 0.2,
                  "sound": "mob.rush.incoming2",
                  "volume": 23
               }
            },
            "pitch": [
               0.8,
               1.2
            ],
            "volume": 1
         },
         "doors:glitch": {
            "events": {
               "error": {
                  "pitch": 0.2,
                  "sound": "mob.glitch.error",
                  "volume": 23
               }
            },
            "pitch": [
               0.8,
               1.2
            ],
            "volume": 1
         },
         "doors:ambush": {
            "events": {
               "speed": {
                  "pitch": 0.2,
                  "sound": "mob.ambush.speed",
                  "volume": 23
               },
               "incoming3": {
                  "pitch": 0.2,
                  "sound": "mob.ambush.incoming3",
                  "volume": 23
               }
            },
            "pitch": [
               0.8,
               1.2
            ],
            "volume": 1
         },
         "doors:closet": {
            "events": {
               "hide ": {
                  "pitch": 0.2,
                  "sound": "mob.closet.hide",
                  "volume": 23
               },
               "expose": {
                  "pitch": 0.2,
                  "sound": "mob.closet.expose",
                  "volume": 23
               }
            },
            "pitch": [
               0.8,
               1.2
            ],
            "volume": 1
         },
         "doors:seek": {
            "events": {
               "chase": {
                  "pitch": 0.2,
                  "sound": "mob.seek.chase",
                  "volume": 23
               },
               "attack": {
                  "pitch": 0.2,
                  "sound": "mob.seek.attack",
                  "volume": 23
               },
               "scream_far": {
                  "pitch": 0.2,
                  "sound": "mob.seek.scream_far",
                  "volume": 23
               }
            },
            "pitch": [
               0.8,
               1.2
            ],
            "volume": 1
         },
         "doors:depth": {
            "events": {
               "chased": {
                  "pitch": 0.2,
                  "sound": "mob.depth.chased",
                  "volume": 23
               },
               "scare": {
                  "pitch": 0.2,
                  "sound": "mob.depth.scare",
                  "volume": 23
               },
               "spawn": {
                  "pitch": 0.2,
                  "sound": "mob.depth.spawn",
                  "volume": 23
               }
            },
            "pitch": [
               0.8,
               1.2
            ],
            "volume": 1
         },
         "doors:greed": {
            "events": {
               "damage": {
                  "pitch": 0.2,
                  "sound": "mob.greed.damage",
                  "volume": 23
               }
            },
            "pitch": [
               0.8,
               1.2
            ],
            "volume": 1
         },
         "doors:silence": {
            "events": {
               "idle": {
                  "pitch": 0.2,
                  "sound": "mob.silence.idle",
                  "volume": 23
               },
               "kill": {
                  "pitch": 0.2,
                  "sound": "mob.silence.kill",
                  "volume": 23
               },
               "spawn2": {
                  "pitch": 0.2,
                  "sound": "mob.silence.spawn2",
                  "volume": 23
               }
            },
            "pitch": [
               0.8,
               1.2
            ],
            "volume": 1
         },
         "doors:timothy ": {
            "events": {
               "jump": {
                  "pitch": 0.2,
                  "sound": "mob.timothy.jump",
                  "volume": 23
               }
            },
            "pitch": [
               0.8,
               1.2
            ],
            "volume": 1
         },
         "doors:jack": {
            "events": {
               "loud": {
                  "pitch": 0.2,
                  "sound": "mob.jack.loud",
                  "volume": 23
               }
            },
            "pitch": [
               0.8,
               1.2
            ],
            "volume": 1
         },
         "doors:eyes": {
            "events": {
               "idle": {
                  "pitch": 0.2,
                  "sound": "mob.eyes.idle",
                  "volume": 23
               }
            },
            "pitch": [
               0.8,
               1.2
            ],
            "volume": 1
         },
         "doors:halt": {
            "events": {
               "coming ": {
                  "pitch": 0.2,
                  "sound": "mob.halt.coming",
                  "volume": 23
               }
            },
            "pitch": [
               0.8,
               1.2
            ],
            "volume": 1
         },
         "doors:screech": {
            "events": {
               "scream": {
                  "pitch": 0.2,
                  "sound": "mob.screech.scream",
                  "volume": 23
               },
               "psst": {
                  "pitch": 0.2,
                  "sound": "mob.screech.psst",
                  "volume": 23
               },
               "attack": {
                  "pitch": 0.2,
                  "sound": "mob.screech.attack",
                  "volume": 23
               }
            },
            "pitch": [
               0.8,
               1.2
            ],
            "volume": 1
         }
      }
   }
}