  {
    "format_version": "1.16.100",
    "minecraft:block": {
        "description": {
            "identifier": "ic:wall_patterned_blue", 
            "category": "construction" 
        },
        "components": {
            "minecraft:loot": "loot_tables/blocks/ic_wall_patterned",
            "minecraft:destroy_time": 1000.0,
            "minecraft:block_light_absorption": 0.0,
            "minecraft:block_light_filter": 15,
      "minecraft:block_light_emission": 0.0,
      "minecraft:creative_category": {
        "category": "construction"
      },
      "minecraft:material_instances": {
        "*": {
          "texture": "ic_wall_patterned_blue",
          "render_method": "opaque"
        }
      },
            "minecraft:unit_cube": {}
        }
    }
}