{
	"format_version": "1.12.0",
	"minecraft:geometry": [
		{
			"description": {
				"identifier": "geometry.ic_door_skeleton_open",
				"texture_width": 128,
				"texture_height": 128,
				"visible_bounds_width": 2,
				"visible_bounds_height": 3.5,
				"visible_bounds_offset": [0, 1.25, 0]
			},
			"bones": [
				{
					"name": "main",
					"pivot": [0, 0, 0],
					"locators": {
						"effect": [0, 16, 0]
					} 
				},
				{
					"name": "door",
					"parent": "main",
					"pivot": [8, 16, 0],
					"cubes": [
						{"origin": [-8, 0, -1], "size": [16, 32, 2], "uv": [0, 0]}
					]
				},
				{
					"name": "skeleton",
					"parent": "door",
					"pivot": [8, 17, 0],
					"cubes": [
						{"origin": [-4, 15, -2], "size": [8, 6, 1], "uv": [0, 57]},
						{"origin": [-3, 13.13192, -1.79541], "size": [6, 2, 1], "pivot": [-1, 14.13192, -1.29541], "rotation": [12.5, 0, 0], "uv": [0, 39]}
					]
				}
			]
		}
	]
}