{
	"format_version": "1.12.0",
	"minecraft:geometry": [
		{
			"description": {
				"identifier": "geometry.ic_table",
				"texture_width": 128,
				"texture_height": 128,
				"visible_bounds_width": 4,
				"visible_bounds_height": 2.5,
				"visible_bounds_offset": [0, 0.75, 0]
			},
			"bones": [
				{
					"name": "main",
					"pivot": [0, 0, 0],
					"cubes": [
						{"origin": [5.5, 0, -7.5], "size": [15, 15, 15], "uv": [0, 17]},
						{"origin": [7, 0.5, -8.5], "size": [12, 4, 15], "uv": [45, 32]},
						{"origin": [7, 5.5, -8.5], "size": [12, 4, 15], "uv": [45, 32]},
						{"origin": [7, 10.5, -8.5], "size": [12, 4, 15], "uv": [45, 32]},
						{"origin": [-17.5, 15, -8.5], "size": [39, 1, 17], "uv": [0, 70]},
						{"origin": [5, 0, -8], "size": [2, 15, 2], "uv": [0, 66]},
						{"origin": [19, 0, -8], "size": [2, 15, 2], "uv": [0, 66]},
						{"origin": [5, 0, 6], "size": [2, 15, 2], "uv": [0, 66]},
						{"origin": [-17, 0, 6], "size": [2, 15, 2], "uv": [0, 66]},
						{"origin": [-17, 0, -8], "size": [2, 15, 2], "uv": [0, 66]},
						{"origin": [19, 0, 6], "size": [2, 15, 2], "uv": [0, 66]}
					]
				}
			]
		}
	]
}