{
   "format_version": "1.10.0",
   "minecraft:client_entity": {
      "description": {
         "identifier": "doors:figure4",
         "materials": {
            "default": "spider"
         },
         "textures": {
            "default": "textures/entity/figure_new2"
         },
         "animations": {
            "moving": "animation.figure.moving",
            "figure_general": "animation.figure.general",
            "attack": "animation.figure.attack",
            "dead": "animation.figure.dead",
            "sniff": "animation.figure.sniff",
            "roar": "animation.figure.roar",
            "falling": "animation.figure.falling",
            "jumpscare": "animation.figure.jumpscare",
            "look_at_target": "animation.common.look_at_target",
            "move": "controller.animation.figure.move",
            "general": "controller.animation.figure.general",
            "attack": "controller.animation.figure.attack",
            "sniff_controller": "controller.animation.warden.sniff",
            "roar_controller": "controller.animation.warden.roar",
            "attack": "controller.animation.figure.attack",
            "running": "animation.figure.running"
         },
         "scripts": {
            "animate": [
               "move",
               "general",
               "attack",
               "sniff_controller",
               "roar_controller"
            ],
            "pre_animation": [
               "variable.attack = Math.sin(variable.attack_time * 30.0);",
               "variable.random = math.round(math.random(0,2));",
               "variable.random1 = math.round(math.random(0,1));"
            ]
         },
         "geometry": {
            "default": "geometry.figure3"
         },
         "render_controllers": [
            "controller.render.default"
         ],
         "sound_effects": {
            "sniff": "mob.figure.ambient",
            "roar": "mob.figure.roar",
            "clicking": "mob.figure.ambient"
         },
         "particle_effects": {
            "spell": "r:light"
         },
         "spawn_egg": {
            "texture": "figure4",
            "texture_index": 0
         }
      }
   }
}