{
	"format_version": "1.12.0",
	"minecraft:geometry": [
		{
			"description": {
				"identifier": "geometry.among_wall_candle",
				"texture_width": 32,
				"texture_height": 32,
				"visible_bounds_width": 2,
				"visible_bounds_height": 2.5,
				"visible_bounds_offset": [0, 0.75, 0]
			},
			"bones": [
				{
					"name": "bb_main",
					"pivot": [0, 0, -7],
					"rotation": [0, 177.5, 0],
					"cubes": [
						{"origin": [-3, 0, -7], "size": [7, 4, 1], "uv": [0, 0]},
						{"origin": [-3, 16.93696, 7.08796], "size": [7, 3, 0], "pivot": [0, -2.06304, 12.08796], "rotation": [60, 0, 0], "uv": [0, 13]},
						{"origin": [-3, 38.30094, 16.13595], "size": [2, 2, 4], "pivot": [-2, 10.30094, 19.13595], "rotation": [97.5, 0, 0], "uv": [8, 7]},
						{"origin": [2, 38.3009, 16.13595], "size": [2, 2, 4], "pivot": [2, 10.30094, 19.13595], "rotation": [97.5, 0, 0], "uv": [0, 5]},
						{"origin": [3, 39.3009, 20.13595], "size": [0, 1, 1], "pivot": [2, 10.30094, 19.13595], "rotation": [97.5, 0, 0], "uv": [7, -1]},
						{"origin": [-2, 39.3009, 20.13595], "size": [0, 1, 1], "pivot": [2, 10.30094, 19.13595], "rotation": [97.5, 0, 0], "uv": [4, -1]}
					]
				}
			]
		}
	]
}