{
	"format_version": "1.12.0",
	"minecraft:geometry": [
		{
			"description": {
				"identifier": "geometry.boohshelf",
				"texture_width": 128,
				"texture_height": 128,
				"visible_bounds_width": 11,
				"visible_bounds_height": 11.5,
				"visible_bounds_offset": [0, 5.25, 0]
			},
			"bones": [
				{
					"name": "root",
					"pivot": [-48, 29, 0]
				},
				{
					"name": "base",
					"parent": "root",
					"pivot": [0, 13, 0],
					"cubes": [
						{"origin": [-24, 13, 1], "size": [48, 15, 7], "uv": [0, 17]},
						{"origin": [-24, 13, -8], "size": [1, 15, 9], "uv": [84, 73]},
						{"origin": [23, 13, -8], "size": [1, 15, 9], "uv": [84, 49]},
						{"origin": [-72, 13, -8], "size": [1, 15, 9], "uv": [84, 49]},
						{"origin": [-23, 13, -8], "size": [46, 1, 9], "uv": [0, 39]},
						{"origin": [-24, 28, -8], "size": [48, 1, 16], "uv": [0, 0]},
						{"origin": [-23, 14, -8], "size": [5, 14, 9], "uv": [56, 72]},
						{"origin": [9, 14, -8], "size": [5, 14, 9], "uv": [28, 72]},
						{"origin": [-9, 14, -8], "size": [5, 14, 9], "uv": [0, 72]},
						{"origin": [-14, 14, -8], "size": [5, 14, 9], "uv": [0, 49]},
						{"origin": [17, 14, -8], "size": [5, 14, 9], "uv": [28, 49]}
					]
				},
				{
					"name": "base2",
					"parent": "root",
					"pivot": [0, 13, 0],
					"cubes": [
						{"origin": [-72, 13, 1], "size": [48, 15, 7], "uv": [0, 17]},
						{"origin": [-25, 13, -8], "size": [1, 15, 9], "uv": [84, 49]},
						{"origin": [-71, 13, -8], "size": [46, 1, 9], "uv": [0, 39]},
						{"origin": [-72, 28, -8], "size": [48, 1, 16], "uv": [0, 0]},
						{"origin": [-71, 14, -8], "size": [5, 14, 9], "uv": [56, 72]},
						{"origin": [-51, 14, -8], "size": [5, 14, 9], "uv": [28, 72]},
						{"origin": [-39, 14, -8], "size": [5, 14, 9], "uv": [28, 72]},
						{"origin": [-31, 14, -8], "size": [5, 14, 9], "uv": [28, 49]}
					]
				},
				{
					"name": "base5",
					"parent": "root",
					"pivot": [0, 12, 0],
					"cubes": [
						{"origin": [-24, 45, 1], "size": [48, 15, 7], "uv": [0, 17]},
						{"origin": [-24, 45, -8], "size": [1, 15, 9], "uv": [84, 73]},
						{"origin": [23, 45, -8], "size": [1, 15, 9], "uv": [84, 49]},
						{"origin": [-23, 45, -8], "size": [46, 1, 9], "uv": [0, 39]},
						{"origin": [-24, 60, -8], "size": [48, 1, 16], "uv": [0, 0]},
						{"origin": [-23, 46, -8], "size": [5, 14, 9], "uv": [56, 72]},
						{"origin": [9, 46, -8], "size": [5, 14, 9], "uv": [28, 72]},
						{"origin": [-9, 46, -8], "size": [5, 14, 9], "uv": [0, 72]},
						{"origin": [-14, 46, -8], "size": [5, 14, 9], "uv": [0, 49]},
						{"origin": [-4, 46, -8], "size": [5, 14, 9], "uv": [56, 49]},
						{"origin": [17, 46, -8], "size": [5, 14, 9], "uv": [28, 49]},
						{"origin": [17, 62, -8], "size": [5, 14, 9], "uv": [28, 49]}
					]
				},
				{
					"name": "base6",
					"parent": "base5",
					"pivot": [0, 12, 0],
					"cubes": [
						{"origin": [-72, 45, 1], "size": [48, 15, 7], "uv": [0, 17]},
						{"origin": [-72, 45, -8], "size": [1, 15, 9], "uv": [84, 73]},
						{"origin": [-25, 45, -8], "size": [1, 15, 9], "uv": [84, 49]},
						{"origin": [-71, 45, -8], "size": [46, 1, 9], "uv": [0, 39]},
						{"origin": [-72, 60, -8], "size": [48, 1, 16], "uv": [0, 0]},
						{"origin": [-71, 46, -8], "size": [5, 14, 9], "uv": [56, 72]},
						{"origin": [-39, 46, -8], "size": [5, 14, 9], "uv": [28, 72]},
						{"origin": [-49, 46, -8], "size": [5, 14, 9], "uv": [56, 49]},
						{"origin": [-31, 46, -8], "size": [5, 14, 9], "uv": [28, 49]}
					]
				},
				{
					"name": "base7",
					"parent": "base5",
					"pivot": [0, 12, 0],
					"cubes": [
						{"origin": [-24, 61, 1], "size": [48, 15, 7], "uv": [0, 17]},
						{"origin": [-24, 61, -8], "size": [1, 15, 9], "uv": [84, 73]},
						{"origin": [23, 61, -8], "size": [1, 15, 9], "uv": [84, 49]},
						{"origin": [-23, 61, -8], "size": [46, 1, 9], "uv": [0, 39]},
						{"origin": [-24, 76, -8], "size": [48, 1, 16], "uv": [0, 0]},
						{"origin": [-24, 77, -8], "size": [48, 1, 16], "uv": [0, 0]},
						{"origin": [-72, 77, -8], "size": [48, 1, 16], "uv": [0, 0]}
					]
				},
				{
					"name": "base8",
					"parent": "base7",
					"pivot": [0, 12, 0],
					"cubes": [
						{"origin": [-72, 61, 1], "size": [48, 15, 7], "uv": [0, 17]},
						{"origin": [-72, 61, -8], "size": [1, 15, 9], "uv": [84, 73]},
						{"origin": [-25, 61, -8], "size": [1, 15, 9], "uv": [84, 49]},
						{"origin": [-71, 61, -8], "size": [46, 1, 9], "uv": [0, 39]},
						{"origin": [-72, 76, -8], "size": [48, 1, 16], "uv": [0, 0]},
						{"origin": [-39, 62, -8], "size": [5, 14, 9], "uv": [28, 72]},
						{"origin": [1, 47, -8], "size": [5, 14, 9], "uv": [28, 72]},
						{"origin": [-57, 62, -8], "size": [5, 14, 9], "uv": [0, 72]},
						{"origin": [-62, 62, -8], "size": [5, 14, 9], "uv": [0, 49]},
						{"origin": [-49, 62, -8], "size": [5, 14, 9], "uv": [56, 49]}
					]
				},
				{
					"name": "base3",
					"parent": "root",
					"pivot": [0, 13, 0],
					"cubes": [
						{"origin": [-24, 29, 1], "size": [48, 15, 7], "uv": [0, 17]},
						{"origin": [-24, 29, -8], "size": [1, 15, 9], "uv": [84, 73]},
						{"origin": [23, 29, -8], "size": [1, 15, 9], "uv": [84, 49]},
						{"origin": [-23, 29, -8], "size": [46, 1, 9], "uv": [0, 39]},
						{"origin": [-24, 44, -8], "size": [48, 1, 16], "uv": [0, 0]},
						{"origin": [-23, 30, -8], "size": [5, 14, 9], "uv": [56, 72]}
					]
				},
				{
					"name": "down",
					"parent": "root",
					"pivot": [0, 0, 0],
					"cubes": [
						{"origin": [-72, 0, -7], "size": [96, 13, 15], "uv": [13, 110]},
						{"origin": [-72, 0, -8], "size": [96, 2, 1], "uv": [51, 105]},
						{"origin": [-72, 11, -8], "size": [96, 2, 1], "uv": [51, 105]},
						{"origin": [-72, 0, -8], "size": [2, 13, 1], "uv": [51, 105]},
						{"origin": [22, 0, -8], "size": [2, 13, 1], "uv": [51, 105]}
					]
				},
				{
					"name": "base4",
					"parent": "root",
					"pivot": [0, 13, 0],
					"cubes": [
						{"origin": [-72, 29, 1], "size": [48, 15, 7], "uv": [0, 17]},
						{"origin": [-72, 29, -8], "size": [1, 15, 9], "uv": [84, 73]},
						{"origin": [-25, 29, -8], "size": [1, 15, 9], "uv": [84, 49]},
						{"origin": [-71, 29, -8], "size": [46, 1, 9], "uv": [0, 39]},
						{"origin": [-72, 44, -8], "size": [48, 1, 16], "uv": [0, 0]},
						{"origin": [-57, 30, -8], "size": [5, 14, 9], "uv": [0, 72]},
						{"origin": [-62, 30, -8], "size": [5, 14, 9], "uv": [0, 49]},
						{"origin": [-49, 30, -8], "size": [5, 14, 9], "uv": [56, 49]},
						{"origin": [6, 30, -8], "size": [5, 14, 9], "uv": [56, 49]},
						{"origin": [-31, 30, -8], "size": [5, 14, 9], "uv": [28, 49]},
						{"origin": [-4, 62, -8], "size": [5, 14, 9], "uv": [28, 49]},
						{"origin": [-8, 30, -8], "size": [5, 14, 9], "uv": [28, 49]}
					]
				},
				{
					"name": "thing",
					"parent": "root",
					"pivot": [0, 13, 0],
					"cubes": [
						{"origin": [23, 43, -3], "size": [2, 6, 6], "uv": [0, 0]},
						{"origin": [25, 0, -8], "size": [2, 78, 16], "uv": [92, 37]},
						{"origin": [23, 62, -3], "size": [2, 6, 6], "uv": [0, 0]},
						{"origin": [23, 13, -3], "size": [2, 6, 6], "uv": [0, 0]}
					]
				},
				{
					"name": "thing2",
					"parent": "root",
					"pivot": [0, 13, 0],
					"cubes": [
						{"origin": [-73, 43, -3], "size": [2, 6, 6], "uv": [0, 0]},
						{"origin": [-75, 0, -8], "size": [2, 78, 16], "uv": [92, 37]},
						{"origin": [-73, 62, -3], "size": [2, 6, 6], "uv": [0, 0]},
						{"origin": [-73, 13, -3], "size": [2, 6, 6], "uv": [0, 0]}
					]
				},
				{
					"name": "root2",
					"pivot": [-48, 31, 0]
				},
				{
					"name": "base9",
					"parent": "root2",
					"pivot": [0, 15, 0],
					"cubes": [
						{"origin": [-24, 91, 1], "size": [48, 15, 7], "uv": [0, 17]},
						{"origin": [-24, 91, -8], "size": [1, 15, 9], "uv": [84, 73]},
						{"origin": [23, 91, -8], "size": [1, 15, 9], "uv": [84, 49]},
						{"origin": [-72, 91, -8], "size": [1, 15, 9], "uv": [84, 49]},
						{"origin": [-23, 91, -8], "size": [46, 1, 9], "uv": [0, 39]},
						{"origin": [-24, 106, -8], "size": [48, 1, 16], "uv": [0, 0]},
						{"origin": [-23, 92, -8], "size": [5, 14, 9], "uv": [56, 72]},
						{"origin": [9, 92, -8], "size": [5, 14, 9], "uv": [28, 72]},
						{"origin": [-9, 92, -8], "size": [5, 14, 9], "uv": [0, 72]},
						{"origin": [-14, 92, -8], "size": [5, 14, 9], "uv": [0, 49]},
						{"origin": [17, 92, -8], "size": [5, 14, 9], "uv": [28, 49]}
					]
				},
				{
					"name": "base10",
					"parent": "root2",
					"pivot": [0, 15, 0],
					"cubes": [
						{"origin": [-72, 91, 1], "size": [48, 15, 7], "uv": [0, 17]},
						{"origin": [-25, 91, -8], "size": [1, 15, 9], "uv": [84, 49]},
						{"origin": [-71, 91, -8], "size": [46, 1, 9], "uv": [0, 39]},
						{"origin": [-72, 106, -8], "size": [48, 1, 16], "uv": [0, 0]},
						{"origin": [-71, 92, -8], "size": [5, 14, 9], "uv": [56, 72]},
						{"origin": [-51, 92, -8], "size": [5, 14, 9], "uv": [28, 72]},
						{"origin": [-39, 92, -8], "size": [5, 14, 9], "uv": [28, 72]},
						{"origin": [-31, 92, -8], "size": [5, 14, 9], "uv": [28, 49]}
					]
				},
				{
					"name": "base11",
					"parent": "root2",
					"pivot": [0, 14, 0],
					"cubes": [
						{"origin": [-24, 123, 1], "size": [48, 15, 7], "uv": [0, 17]},
						{"origin": [-24, 123, -8], "size": [1, 15, 9], "uv": [84, 73]},
						{"origin": [23, 123, -8], "size": [1, 15, 9], "uv": [84, 49]},
						{"origin": [-23, 123, -8], "size": [46, 1, 9], "uv": [0, 39]},
						{"origin": [-24, 138, -8], "size": [48, 1, 16], "uv": [0, 0]},
						{"origin": [-23, 124, -8], "size": [5, 14, 9], "uv": [56, 72]},
						{"origin": [9, 124, -8], "size": [5, 14, 9], "uv": [28, 72]},
						{"origin": [-9, 124, -8], "size": [5, 14, 9], "uv": [0, 72]},
						{"origin": [-14, 124, -8], "size": [5, 14, 9], "uv": [0, 49]},
						{"origin": [-4, 124, -8], "size": [5, 14, 9], "uv": [56, 49]},
						{"origin": [17, 124, -8], "size": [5, 14, 9], "uv": [28, 49]},
						{"origin": [17, 140, -8], "size": [5, 14, 9], "uv": [28, 49]}
					]
				},
				{
					"name": "base12",
					"parent": "base11",
					"pivot": [0, 14, 0],
					"cubes": [
						{"origin": [-72, 123, 1], "size": [48, 15, 7], "uv": [0, 17]},
						{"origin": [-72, 123, -8], "size": [1, 15, 9], "uv": [84, 73]},
						{"origin": [-25, 123, -8], "size": [1, 15, 9], "uv": [84, 49]},
						{"origin": [-71, 123, -8], "size": [46, 1, 9], "uv": [0, 39]},
						{"origin": [-72, 138, -8], "size": [48, 1, 16], "uv": [0, 0]},
						{"origin": [-71, 124, -8], "size": [5, 14, 9], "uv": [56, 72]},
						{"origin": [-39, 124, -8], "size": [5, 14, 9], "uv": [28, 72]},
						{"origin": [-49, 124, -8], "size": [5, 14, 9], "uv": [56, 49]},
						{"origin": [-31, 124, -8], "size": [5, 14, 9], "uv": [28, 49]}
					]
				},
				{
					"name": "base13",
					"parent": "base11",
					"pivot": [0, 14, 0],
					"cubes": [
						{"origin": [-24, 139, 1], "size": [48, 15, 7], "uv": [0, 17]},
						{"origin": [-24, 139, -8], "size": [1, 15, 9], "uv": [84, 73]},
						{"origin": [23, 139, -8], "size": [1, 15, 9], "uv": [84, 49]},
						{"origin": [-23, 139, -8], "size": [46, 1, 9], "uv": [0, 39]},
						{"origin": [-24, 154, -8], "size": [48, 1, 16], "uv": [0, 0]}
					]
				},
				{
					"name": "base14",
					"parent": "base13",
					"pivot": [0, 14, 0],
					"cubes": [
						{"origin": [-72, 139, 1], "size": [48, 15, 7], "uv": [0, 17]},
						{"origin": [-72, 139, -8], "size": [1, 15, 9], "uv": [84, 73]},
						{"origin": [-25, 139, -8], "size": [1, 15, 9], "uv": [84, 49]},
						{"origin": [-71, 139, -8], "size": [46, 1, 9], "uv": [0, 39]},
						{"origin": [-72, 154, -8], "size": [48, 1, 16], "uv": [0, 0]},
						{"origin": [-39, 140, -8], "size": [5, 14, 9], "uv": [28, 72]},
						{"origin": [1, 125, -8], "size": [5, 14, 9], "uv": [28, 72]},
						{"origin": [-57, 140, -8], "size": [5, 14, 9], "uv": [0, 72]},
						{"origin": [-62, 140, -8], "size": [5, 14, 9], "uv": [0, 49]},
						{"origin": [-49, 140, -8], "size": [5, 14, 9], "uv": [56, 49]}
					]
				},
				{
					"name": "base15",
					"parent": "root2",
					"pivot": [0, 15, 0],
					"cubes": [
						{"origin": [-24, 107, 1], "size": [48, 15, 7], "uv": [0, 17]},
						{"origin": [-24, 107, -8], "size": [1, 15, 9], "uv": [84, 73]},
						{"origin": [23, 107, -8], "size": [1, 15, 9], "uv": [84, 49]},
						{"origin": [-23, 107, -8], "size": [46, 1, 9], "uv": [0, 39]},
						{"origin": [-24, 122, -8], "size": [48, 1, 16], "uv": [0, 0]},
						{"origin": [-23, 108, -8], "size": [5, 14, 9], "uv": [56, 72]}
					]
				},
				{
					"name": "down2",
					"parent": "root2",
					"pivot": [0, 2, 0],
					"cubes": [
						{"origin": [-72, 78, -7], "size": [96, 13, 15], "uv": [13, 110]},
						{"origin": [-72, 78, -8], "size": [96, 2, 1], "uv": [51, 105]},
						{"origin": [-72, 89, -8], "size": [96, 2, 1], "uv": [51, 105]},
						{"origin": [-72, 78, -8], "size": [2, 13, 1], "uv": [51, 105]},
						{"origin": [22, 78, -8], "size": [2, 13, 1], "uv": [51, 105]}
					]
				},
				{
					"name": "base16",
					"parent": "root2",
					"pivot": [0, 15, 0],
					"cubes": [
						{"origin": [-72, 107, 1], "size": [48, 15, 7], "uv": [0, 17]},
						{"origin": [-72, 107, -8], "size": [1, 15, 9], "uv": [84, 73]},
						{"origin": [-25, 107, -8], "size": [1, 15, 9], "uv": [84, 49]},
						{"origin": [-71, 107, -8], "size": [46, 1, 9], "uv": [0, 39]},
						{"origin": [-72, 122, -8], "size": [48, 1, 16], "uv": [0, 0]},
						{"origin": [-57, 108, -8], "size": [5, 14, 9], "uv": [0, 72]},
						{"origin": [-62, 108, -8], "size": [5, 14, 9], "uv": [0, 49]},
						{"origin": [-49, 108, -8], "size": [5, 14, 9], "uv": [56, 49]},
						{"origin": [6, 108, -8], "size": [5, 14, 9], "uv": [56, 49]},
						{"origin": [-31, 108, -8], "size": [5, 14, 9], "uv": [28, 49]},
						{"origin": [-4, 140, -8], "size": [5, 14, 9], "uv": [28, 49]},
						{"origin": [-8, 108, -8], "size": [5, 14, 9], "uv": [28, 49]}
					]
				},
				{
					"name": "thing3",
					"parent": "root2",
					"pivot": [0, 15, 0],
					"cubes": [
						{"origin": [23, 121, -3], "size": [2, 6, 6], "uv": [0, 0]},
						{"origin": [25, 78, -8], "size": [2, 76, 16], "uv": [92, 37]},
						{"origin": [23, 140, -3], "size": [2, 6, 6], "uv": [0, 0]},
						{"origin": [23, 91, -3], "size": [2, 6, 6], "uv": [0, 0]}
					]
				},
				{
					"name": "thing4",
					"parent": "root2",
					"pivot": [0, 15, 0],
					"cubes": [
						{"origin": [-73, 121, -3], "size": [2, 6, 6], "uv": [0, 0]},
						{"origin": [-75, 78, -8], "size": [2, 76, 16], "uv": [92, 37]},
						{"origin": [-73, 140, -3], "size": [2, 6, 6], "uv": [0, 0]},
						{"origin": [-73, 91, -3], "size": [2, 6, 6], "uv": [0, 0]}
					]
				}
			]
		}
	]
}