{
	"format_version": "1.12.0",
	"minecraft:geometry": [
		{
			"description": {
				"identifier": "geometry.elevator",
				"texture_width": 256,
				"texture_height": 256,
				"visible_bounds_width": 5,
				"visible_bounds_height": 5,
				"visible_bounds_offset": [0, 1.5, 0]
			},
			"bones": [
				{
					"name": "bone5",
					"pivot": [0, 0, 0],
					"cubes": [
						{
							"origin": [-22, 0, -23],
							"size": [43, 1, 46],
							"uv": {
								"north": {"uv": [46, 97], "uv_size": [42, 1]},
								"east": {"uv": [0, 97], "uv_size": [46, 1]},
								"south": {"uv": [134, 97], "uv_size": [42, 1]},
								"west": {"uv": [88, 97], "uv_size": [46, 1]},
								"up": {"uv": [46, 51], "uv_size": [42, 46]},
								"down": {"uv": [88, 97], "uv_size": [42, -46]}
							}
						},
						{
							"origin": [-24, 48, -24],
							"size": [48, 1, 50],
							"uv": {
								"north": {"uv": [100, 113], "uv_size": [48, 3]},
								"east": {"uv": [0, 129], "uv_size": [50, 0]},
								"south": {"uv": [115, 132], "uv_size": [38, 2]},
								"west": {"uv": [100, 123], "uv_size": [48, -3]},
								"up": {"uv": [0, 118], "uv_size": [38, 47]},
								"down": {"uv": [0, 165], "uv_size": [39, -46]}
							}
						}
					]
				},
				{
					"name": "wall4",
					"parent": "bone5",
					"pivot": [0, 0, 2],
					"rotation": [0, -90, 0],
					"cubes": [
						{
							"origin": [6, 0, -22],
							"size": [16, 48, 2],
							"uv": {
								"north": {"uv": [2, 117], "uv_size": [16, 48]},
								"east": {"uv": [0, 117], "uv_size": [2, 48]},
								"south": {"uv": [20, 117], "uv_size": [16, 51]},
								"west": {"uv": [18, 117], "uv_size": [2, 48]},
								"up": {"uv": [2, 115], "uv_size": [16, 2]},
								"down": {"uv": [18, 117], "uv_size": [16, -2]}
							}
						},
						{
							"origin": [-10, 0, -22],
							"size": [16, 48, 2],
							"uv": {
								"north": {"uv": [96, 100], "uv_size": [16, 48]},
								"east": {"uv": [94, 100], "uv_size": [2, 48]},
								"south": {"uv": [114, 100], "uv_size": [16, 48]},
								"west": {"uv": [112, 100], "uv_size": [2, 48]},
								"up": {"uv": [96, 98], "uv_size": [16, 2]},
								"down": {"uv": [112, 100], "uv_size": [16, -2]}
							}
						},
						{
							"origin": [-24, 0, -22],
							"size": [14, 48, 2],
							"uv": {
								"north": {"uv": [132, 100], "uv_size": [14, 48]},
								"east": {"uv": [130, 100], "uv_size": [2, 48]},
								"south": {"uv": [148, 100], "uv_size": [14, 48]},
								"west": {"uv": [146, 100], "uv_size": [2, 48]},
								"up": {"uv": [132, 98], "uv_size": [14, 2]},
								"down": {"uv": [146, 100], "uv_size": [14, -2]}
							}
						},
						{
							"origin": [-24, 0, -20],
							"size": [46, 16, 1],
							"uv": {
								"north": {"uv": [1, 99], "uv_size": [46, 16]},
								"east": {"uv": [0, 99], "uv_size": [1, 16]},
								"south": {"uv": [48, 99], "uv_size": [46, 16]},
								"west": {"uv": [47, 99], "uv_size": [1, 16]},
								"up": {"uv": [1, 98], "uv_size": [46, 1]},
								"down": {"uv": [47, 99], "uv_size": [46, -1]}
							}
						}
					]
				},
				{
					"name": "wall2",
					"parent": "bone5",
					"pivot": [0, 0, 2],
					"rotation": [0, 90, 0],
					"cubes": [
						{
							"origin": [6, 0, -22],
							"size": [19, 48, 2],
							"uv": {
								"north": {"uv": [2, 117], "uv_size": [16, 48]},
								"east": {"uv": [0, 117], "uv_size": [2, 48]},
								"south": {"uv": [20, 117], "uv_size": [16, 48]},
								"west": {"uv": [18, 117], "uv_size": [2, 48]},
								"up": {"uv": [2, 115], "uv_size": [16, 2]},
								"down": {"uv": [18, 117], "uv_size": [16, -2]}
							}
						},
						{
							"origin": [-10, 0, -22],
							"size": [16, 48, 2],
							"uv": {
								"north": {"uv": [96, 100], "uv_size": [16, 48]},
								"east": {"uv": [94, 100], "uv_size": [2, 48]},
								"south": {"uv": [114, 100], "uv_size": [16, 48]},
								"west": {"uv": [112, 100], "uv_size": [2, 48]},
								"up": {"uv": [96, 98], "uv_size": [16, 2]},
								"down": {"uv": [112, 100], "uv_size": [16, -2]}
							}
						},
						{
							"origin": [-24, 0, -22],
							"size": [14, 48, 2],
							"uv": {
								"north": {"uv": [132, 100], "uv_size": [14, 48]},
								"east": {"uv": [130, 100], "uv_size": [2, 48]},
								"south": {"uv": [148, 100], "uv_size": [14, 48]},
								"west": {"uv": [146, 100], "uv_size": [2, 48]},
								"up": {"uv": [132, 98], "uv_size": [14, 2]},
								"down": {"uv": [146, 100], "uv_size": [14, -2]}
							}
						},
						{
							"origin": [-24, 0, -20],
							"size": [46, 16, 1],
							"uv": {
								"north": {"uv": [1, 99], "uv_size": [46, 16]},
								"east": {"uv": [0, 99], "uv_size": [1, 16]},
								"south": {"uv": [48, 99], "uv_size": [46, 16]},
								"west": {"uv": [47, 99], "uv_size": [1, 16]},
								"up": {"uv": [1, 98], "uv_size": [46, 1]},
								"down": {"uv": [47, 99], "uv_size": [46, -1]}
							}
						}
					]
				},
				{
					"name": "wall3",
					"parent": "bone5",
					"pivot": [-1, 0, 2],
					"rotation": [0, 180, 0],
					"cubes": [
						{
							"origin": [5, 0, -22],
							"size": [16, 48, 2],
							"uv": {
								"north": {"uv": [2, 117], "uv_size": [16, 48]},
								"east": {"uv": [0, 117], "uv_size": [2, 48]},
								"south": {"uv": [20, 117], "uv_size": [16, 48]},
								"west": {"uv": [18, 117], "uv_size": [2, 48]},
								"up": {"uv": [2, 115], "uv_size": [16, 2]},
								"down": {"uv": [18, 117], "uv_size": [16, -2]}
							}
						},
						{
							"origin": [-11, 0, -22],
							"size": [16, 48, 2],
							"uv": {
								"north": {"uv": [96, 100], "uv_size": [16, 48]},
								"east": {"uv": [94, 100], "uv_size": [2, 48]},
								"south": {"uv": [114, 100], "uv_size": [16, 48]},
								"west": {"uv": [112, 100], "uv_size": [2, 48]},
								"up": {"uv": [96, 98], "uv_size": [16, 2]},
								"down": {"uv": [112, 100], "uv_size": [16, -2]}
							}
						},
						{
							"origin": [-25, 0, -22],
							"size": [14, 48, 2],
							"uv": {
								"north": {"uv": [132, 100], "uv_size": [14, 48]},
								"east": {"uv": [130, 100], "uv_size": [2, 48]},
								"south": {"uv": [148, 100], "uv_size": [14, 48]},
								"west": {"uv": [146, 100], "uv_size": [2, 48]},
								"up": {"uv": [132, 98], "uv_size": [14, 2]},
								"down": {"uv": [146, 100], "uv_size": [14, -2]}
							}
						},
						{
							"origin": [-25, 0, -20],
							"size": [46, 16, 1],
							"uv": {
								"north": {"uv": [1, 99], "uv_size": [46, 16]},
								"east": {"uv": [0, 99], "uv_size": [1, 16]},
								"south": {"uv": [48, 99], "uv_size": [46, 16]},
								"west": {"uv": [47, 99], "uv_size": [1, 16]},
								"up": {"uv": [1, 98], "uv_size": [46, 1]},
								"down": {"uv": [47, 99], "uv_size": [46, -1]}
							}
						}
					]
				},
				{
					"name": "wall",
					"parent": "bone5",
					"pivot": [0, 0, 0],
					"cubes": [
						{
							"origin": [-24, 0, -24],
							"size": [16, 48, 2],
							"uv": {
								"north": {"uv": [22, 117], "uv_size": [15, 47]},
								"east": {"uv": [36, 117], "uv_size": [2, 48]},
								"south": {"uv": [20, 2], "uv_size": [16, 48]},
								"west": {"uv": [54, 117], "uv_size": [2, 48]},
								"up": {"uv": [38, 115], "uv_size": [16, 2]},
								"down": {"uv": [54, 117], "uv_size": [16, -2]}
							}
						},
						{
							"origin": [-21, 17, -22],
							"size": [10, 13, 1],
							"uv": {
								"north": {"uv": [38, 117], "uv_size": [16, 48]},
								"east": {"uv": [122, 19], "uv_size": [17, 9]},
								"south": {"uv": [110, 0], "uv_size": [13, 13]},
								"west": {"uv": [54, 117], "uv_size": [2, 48]},
								"up": {"uv": [38, 115], "uv_size": [16, 2]},
								"down": {"uv": [54, 117], "uv_size": [16, -2]}
							}
						},
						{
							"origin": [-23, 0, -23.99],
							"size": [16, 16, 2.99],
							"uv": {
								"north": {"uv": [131, 70], "uv_size": [16, 16]},
								"east": {"uv": [130, 70], "uv_size": [1, 16]},
								"south": {"uv": [148, 70], "uv_size": [16, 16]},
								"west": {"uv": [147, 70], "uv_size": [1, 16]},
								"up": {"uv": [131, 69], "uv_size": [16, 1]},
								"down": {"uv": [147, 70], "uv_size": [16, -1]}
							}
						},
						{
							"origin": [7, 0, -23.99],
							"size": [16, 16, 2.99],
							"uv": {
								"north": {"uv": [131, 70], "uv_size": [16, 16]},
								"east": {"uv": [130, 70], "uv_size": [1, 16]},
								"south": {"uv": [148, 70], "uv_size": [16, 16]},
								"west": {"uv": [147, 70], "uv_size": [1, 16]},
								"up": {"uv": [131, 69], "uv_size": [16, 1]},
								"down": {"uv": [147, 70], "uv_size": [16, -1]}
							}
						},
						{
							"origin": [-8, 32, -24],
							"size": [16, 16, 2],
							"uv": {
								"north": {"uv": [132, 53], "uv_size": [16, 16]},
								"east": {"uv": [130, 53], "uv_size": [2, 16]},
								"south": {"uv": [150, 53], "uv_size": [16, 16]},
								"west": {"uv": [148, 53], "uv_size": [2, 16]},
								"up": {"uv": [132, 51], "uv_size": [16, 2]},
								"down": {"uv": [148, 53], "uv_size": [16, -2]}
							}
						},
						{
							"origin": [8, 0, -24],
							"size": [16, 48, 2],
							"uv": {
								"north": {"uv": [2, 2], "uv_size": [16, 48]},
								"east": {"uv": [0, 2], "uv_size": [2, 48]},
								"south": {"uv": [20, 2], "uv_size": [16, 48]},
								"west": {"uv": [18, 2], "uv_size": [2, 48]},
								"up": {"uv": [2, 0], "uv_size": [16, 2]},
								"down": {"uv": [18, 2], "uv_size": [16, -2]}
							}
						}
					]
				},
				{
					"name": "door",
					"parent": "wall",
					"pivot": [-8, 16, -23],
					"cubes": [
						{
							"origin": [-8, 1, -23],
							"size": [16, 31, 1],
							"uv": {
								"north": {"uv": [1, 52], "uv_size": [16, 31]},
								"east": {"uv": [0, 52], "uv_size": [1, 31]},
								"south": {"uv": [18, 52], "uv_size": [16, 31]},
								"west": {"uv": [17, 52], "uv_size": [1, 31]},
								"up": {"uv": [1, 51], "uv_size": [16, 1]},
								"down": {"uv": [17, 52], "uv_size": [16, -1]}
							}
						}
					]
				}
			]
		}
	]
}