{
	"format_version": "1.12.0",
	"minecraft:geometry": [
		{
			"description": {
				"identifier": "geometry.figure3",
				"texture_width": 128,
				"texture_height": 128,
				"visible_bounds_width": 4,
				"visible_bounds_height": 4.5,
				"visible_bounds_offset": [0, 1.75, 0]
			},
			"bones": [
				{
					"name": "bone",
					"pivot": [0, 0, 0]
				},
				{
					"name": "Leg2",
					"parent": "bone",
					"pivot": [2, 23, 0],
					"cubes": [
						{"origin": [0, 13, -2], "size": [4, 10, 4], "uv": [48, 16]}
					]
				},
				{
					"name": "Shin2",
					"parent": "Leg2",
					"pivot": [2, 13, 0],
					"cubes": [
						{"origin": [0, 2, -2], "size": [4, 11, 4], "uv": [48, 15]},
						{"origin": [0, 0, -4], "size": [4, 2, 6], "uv": [62, 47], "mirror": true}
					]
				},
				{
					"name": "Leg1",
					"parent": "bone",
					"pivot": [-2, 23, 0],
					"cubes": [
						{"origin": [-4, 13, -2], "size": [4, 10, 4], "uv": [48, 16]}
					]
				},
				{
					"name": "Shin1",
					"parent": "Leg1",
					"pivot": [-2, 13, 0],
					"cubes": [
						{"origin": [-4, 2, -2], "size": [4, 11, 4], "uv": [48, 15]},
						{"origin": [-4, 0, -4], "size": [4, 2, 6], "uv": [62, 47], "mirror": true}
					]
				},
				{
					"name": "Body",
					"parent": "bone",
					"pivot": [0, 23, 0],
					"cubes": [
						{"origin": [-4, 23, -2.5], "size": [8, 9, 5], "uv": [27, 27]}
					]
				},
				{
					"name": "body2",
					"parent": "Body",
					"pivot": [0, 31, 0],
					"cubes": [
						{"origin": [-5, 32, -4], "size": [10, 9, 7], "uv": [0, 0]}
					]
				},
				{
					"name": "Ribs",
					"parent": "body2",
					"pivot": [-5, 40, -4],
					"cubes": [
						{"origin": [-5, 39, -4], "size": [4, 2, 0], "pivot": [-5, 40, -4], "rotation": [0, 25, 0], "uv": [34, 25]},
						{"origin": [-5, 36, -4], "size": [4, 2, 0], "pivot": [-5, 37, -4], "rotation": [0, 25, 0], "uv": [31, 25]},
						{"origin": [-5, 33, -4], "size": [4, 2, 0], "pivot": [-5, 34, -4], "rotation": [0, 25, 0], "uv": [27, 5]},
						{"origin": [1, 39, -4], "size": [4, 2, 0], "pivot": [5, 40, -4], "rotation": [0, -25, 0], "uv": [33, 5]},
						{"origin": [1, 36, -4], "size": [4, 2, 0], "pivot": [5, 37, -4], "rotation": [0, -25, 0], "uv": [25, 25]},
						{"origin": [1, 33, -4], "size": [4, 2, 0], "pivot": [5, 34, -4], "rotation": [0, -25, 0], "uv": [25, 25]}
					]
				},
				{
					"name": "Arm1",
					"parent": "body2",
					"pivot": [-5, 40, 0],
					"cubes": [
						{"origin": [-8, 30, -2], "size": [3, 11, 4], "uv": [0, 55]}
					]
				},
				{
					"name": "Midarm1",
					"parent": "Arm1",
					"pivot": [-6.5, 30, 0],
					"cubes": [
						{"origin": [-8, 19, -2], "size": [3, 11, 4], "uv": [14, 56]}
					]
				},
				{
					"name": "Forearm1",
					"parent": "Midarm1",
					"pivot": [-6.5, 19, 0],
					"cubes": [
						{"origin": [-8, 8, -2], "size": [3, 11, 4], "uv": [57, 0]}
					]
				},
				{
					"name": "Hand1",
					"parent": "Forearm1",
					"pivot": [-6.5, 8, 0],
					"cubes": [
						{"origin": [-6, 7, -2], "size": [1, 1, 4], "uv": [68, 55]}
					]
				},
				{
					"name": "Finger1",
					"parent": "Hand1",
					"pivot": [-6.5, 8, 0],
					"cubes": [
						{"origin": [-8, 6, -2], "size": [1, 2, 4], "uv": [41, 33]},
						{"origin": [-8, 5, -2], "size": [3, 1, 4], "uv": [16, 65]}
					]
				},
				{
					"name": "Arm2",
					"parent": "body2",
					"pivot": [5, 40, 0],
					"cubes": [
						{"origin": [5, 30, -2], "size": [3, 11, 4], "uv": [14, 56]}
					]
				},
				{
					"name": "Midarm2",
					"parent": "Arm2",
					"pivot": [6.5, 30, 0],
					"cubes": [
						{"origin": [5, 19, -2], "size": [3, 11, 4], "uv": [62, 62]}
					]
				},
				{
					"name": "Forearm2",
					"parent": "Midarm2",
					"pivot": [6.5, 19, 0],
					"cubes": [
						{"origin": [5, 8, -2], "size": [3, 11, 4], "uv": [57, 0]}
					]
				},
				{
					"name": "Hand2",
					"parent": "Forearm2",
					"pivot": [6.5, 8, 0],
					"cubes": [
						{"origin": [5, 7, -2], "size": [1, 1, 4], "uv": [69, 0]}
					]
				},
				{
					"name": "Finger2",
					"parent": "Hand2",
					"pivot": [7.5, 8, 0],
					"cubes": [
						{"origin": [7, 6, -2], "size": [1, 2, 4], "uv": [37, 34]},
						{"origin": [5, 5, -2], "size": [3, 1, 4], "uv": [33, 15]}
					]
				},
				{
					"name": "Head",
					"parent": "body2",
					"pivot": [0, 41, 0],
					"cubes": [
						{"origin": [-5, 41, 2], "size": [10, 10, 3], "uv": [0, 32]},
						{"origin": [-5, 41, -5], "size": [9, 1, 7], "uv": [0, 24]},
						{"origin": [4, 41, -5], "size": [1, 9, 7], "uv": [23, 39]},
						{"origin": [-5, 42, -5], "size": [1, 9, 7], "uv": [41, 0]},
						{"origin": [-4, 50, -5], "size": [9, 1, 7], "uv": [0, 16]},
						{"origin": [-3, 41.5, -2], "size": [6, 1, 4], "uv": [7, 0]}
					]
				},
				{
					"name": "mouth",
					"parent": "Head",
					"pivot": [0, 42, 0],
					"cubes": [
						{"origin": [-5, 41, -3.5], "size": [10, 10, 0], "inflate": -0.5, "uv": [0, 45]}
					],
					"locators": {
						"bright": [0, 45, -1]
					}
				}
			]
		}
	]
}