{
  "format_version": "1.12.0",
  "minecraft:geometry": [
    {
      "description": {
        "identifier": "geometry.r_lighter2",
        "texture_width": 64,
        "texture_height": 64,
        "visible_bounds_width": 3,
        "visible_bounds_height": 4.5,
        "visible_bounds_offset": [
          0,
          1.75,
          0
        ]
      },
      "bones": [
        {
          "name": "head",
          "pivot": [
            0,
            24,
            0
          ],
          "mirror": true
        },
        {
          "name": "body",
          "pivot": [
            0,
            24,
            0
          ],
          "mirror": true
        },
        {
          "name": "leftArm",
          "pivot": [
            -5,
            22,
            0
          ],
          "mirror": true
        },
        {
          "name": "rightitem",
          "pivot": [
            -5,
            11,
            1
          ],
          "parent": "leftArm"
        },
        {
          "name": "lighter",
          "pivot": [
            -6,
            15,
            -1
          ],
          "cubes": [
            {
              "origin": [
                -7.0,
                13.0,
                -3.0
              ],
              "size": [
                2.0,
                3.0,
                3.0
              ],
              "uv": [
                24,
                0
              ],
              "inflate": 0
            }
          ],
          "parent": "rightitem"
        },
        {
          "name": "bone",
          "cubes": [
            {
              "origin": [
                -6.75,
                14.0,
                -4.0
              ],
              "size": [
                1.5,
                1.5,
                1.0
              ],
              "uv": [
                0,
                5
              ],
              "inflate": 0
            }
          ],
          "parent": "lighter"
        },
        {
          "name": "bone3",
          "cubes": [
            {
              "origin": [
                -6.25,
                14.0,
                -2.0
              ],
              "size": [
                1.0,
                1.5,
                1.0
              ],
              "uv": [
                43,
                21
              ],
              "inflate": 0
            }
          ],
          "parent": "bone"
        },
        {
          "name": "bone2",
          "parent": "bone"
        },
        {
          "name": "fire",
          "pivot": [
            -6,
            14.5,
            -4
          ],
          "parent": "bone",
          "locators": {}
        },
        {
          "name": "cap",
          "pivot": [
            -6,
            16,
            -3
          ],
          "cubes": [
            {
              "origin": [
                -7.0,
                13.0,
                -5.0
              ],
              "size": [
                2.0,
                3.0,
                2.0
              ],
              "uv": [
                0,
                0
              ],
              "inflate": 0
            }
          ],
          "parent": "lighter"
        },
        {
          "name": "circle",
          "pivot": [
            -6,
            13.5,
            -3.5
          ],
          "cubes": [
            {
              "origin": [
                -6.0,
                13.0,
                -4.0
              ],
              "size": [
                0.0,
                1.0,
                1.0
              ],
              "uv": [
                0,
                0
              ],
              "inflate": 0
            }
          ],
          "parent": "lighter"
        },
        {
          "name": "rightArm",
          "pivot": [
            5,
            22,
            0
          ],
          "mirror": true
        }
      ]
    }
  ]
}