{
	"format_version": "1.12.0",
	"minecraft:geometry": [
		{
			"description": {
				"identifier": "geometry.r_vitamin",
				"texture_width": 64,
				"texture_height": 64,
				"visible_bounds_width": 2,
				"visible_bounds_height": 2.5,
				"visible_bounds_offset": [0, 0.75, 0]
			},
			"bones": [
				{
					"name": "bb_main",
					"pivot": [0, 0, 0]
				},
				{
					"name": "base",
					"parent": "bb_main",
					"pivot": [0, 0, 0],
					"cubes": [
						{"origin": [-4, 0, -4], "size": [8, 12, 8], "uv": [0, 0]},
						{"origin": [-4, 13, -4], "size": [8, 3, 8], "uv": [0, 20]},
						{"origin": [-3, 12, -3], "size": [6, 1, 6], "uv": [24, 0]}
					]
				}
			]
		}
	]
}