{
	"format_version": "1.12.0",
	"minecraft:geometry": [
		{
			"description": {
				"identifier": "geometry.seek_hand",
				"texture_width": 93,
				"texture_height": 64,
				"visible_bounds_width": 4,
				"visible_bounds_height": 4,
				"visible_bounds_offset": [0, 1, 0]
			},
			"bones": [
				{
					"name": "bone",
					"pivot": [1, 0, 0]
				},
				{
					"name": "Arm1",
					"parent": "bone",
					"pivot": [-1, 18, 0],
					"cubes": [
						{"origin": [-2, 10, -1], "size": [3, 10, 3], "uv": [0, 27]}
					]
				},
				{
					"name": "bone2",
					"parent": "Arm1",
					"pivot": [-1, 20, 1],
					"cubes": [
						{"origin": [-2, 20, -1], "size": [3, 10, 3], "uv": [0, 27]}
					]
				},
				{
					"name": "bone4",
					"parent": "bone2",
					"pivot": [0, 30, 0],
					"cubes": [
						{"origin": [-1, 30, 0], "size": [1, 5, 1], "uv": [0, 27]}
					]
				},
				{
					"name": "bone5",
					"parent": "bone2",
					"pivot": [0, 30, 0],
					"cubes": [
						{"origin": [0, 30, 0], "size": [1, 5, 1], "uv": [0, 27]}
					]
				},
				{
					"name": "bone3",
					"parent": "bone2",
					"pivot": [-1, 30, 1],
					"cubes": [
						{"origin": [-2, 30, 0], "size": [1, 5, 1], "uv": [0, 27]}
					]
				},
				{
					"name": "Forearm1",
					"parent": "Arm1",
					"pivot": [0.5, 10, 0],
					"cubes": [
						{"origin": [-2, 0, -1], "size": [3, 10, 3], "uv": [0, 38]}
					]
				}
			]
		}
	]
}