{
	"format_version": "1.12.0",
	"minecraft:geometry": [
		{
			"description": {
				"identifier": "geometry.ic_crucifix",
				"texture_width": 32,
				"texture_height": 32,
				"visible_bounds_width": 2,
				"visible_bounds_height": 2.5,
				"visible_bounds_offset": [0, 0.75, 0]
			},
			"bones": [
				{
					"name": "rightitem",
					"pivot": [0, 7, 0],
					"cubes": [
						{
							"origin": [-1, 1, -0.55],
							"size": [2, 12, 0.9],
							"uv": {
								"north": {"uv": [1, 1], "uv_size": [2, 12]},
								"east": {"uv": [0, 1], "uv_size": [1, 12]},
								"south": {"uv": [4, 1], "uv_size": [2, 12]},
								"west": {"uv": [3, 1], "uv_size": [1, 12]},
								"up": {"uv": [1, 0], "uv_size": [2, 1]},
								"down": {"uv": [3, 1], "uv_size": [2, -1]}
							}
						},
						{
							"origin": [-3.5, 3, -0.5],
							"size": [2, 8, 0.8],
							"pivot": [0, 7, 0],
							"rotation": [0, 0, 90],
							"uv": {
								"north": {"uv": [7, 1], "uv_size": [2, 8]},
								"east": {"uv": [6, 1], "uv_size": [1, 8]},
								"south": {"uv": [10, 1], "uv_size": [2, 8]},
								"west": {"uv": [9, 1], "uv_size": [1, 8]},
								"up": {"uv": [7, 0], "uv_size": [2, 1]},
								"down": {"uv": [9, 1], "uv_size": [2, -1]}
							}
						},
						{"origin": [2.2, 9.4, -0.6], "size": [2, 1, 1], "pivot": [3.7, 9.4, 0], "rotation": [0, 0, 57.5], "uv": [12, 6]},
						{"origin": [2.85305, 8.44086, -0.625], "size": [2, 1, 1], "pivot": [3.85305, 8.94086, -0.1], "rotation": [0, 0, 122.5], "uv": [12, 4]},
						{"origin": [-4.2, 9.4, -0.6], "size": [2, 1, 1], "pivot": [-3.7, 9.4, 0], "rotation": [0, 0, -57.5], "uv": [12, 0]},
						{"origin": [-4.85305, 8.44086, -0.575], "size": [2, 1, 1], "pivot": [-3.85305, 8.94086, -0.1], "rotation": [0, 0, -122.5], "uv": [12, 2]}
					]
				},
				{
					"name": "bone",
					"parent": "rightitem",
					"pivot": [-0.60305, 12.94086, -0.1],
					"rotation": [0, 0, 90],
					"cubes": [
						{"origin": [-0.95, 13.4, -0.625], "size": [2, 1, 1], "pivot": [-0.45, 13.4, 0], "rotation": [0, 0, -57.5], "uv": [11, 8]},
						{"origin": [-1.60305, 12.44086, -0.6], "size": [2, 1, 1], "pivot": [-0.60305, 12.94086, -0.1], "rotation": [0, 0, -122.5], "uv": [11, 10]}
					]
				},
				{
					"name": "bone2",
					"parent": "rightitem",
					"pivot": [-0.60305, 1.05914, -0.1],
					"rotation": [0, 0, -90],
					"cubes": [
						{"origin": [-0.95, -0.4, -0.6], "size": [2, 1, 1], "pivot": [-0.45, 0.6, 0], "rotation": [0, 0, 57.5], "uv": [6, 11]},
						{"origin": [-1.60305, 0.55914, -0.575], "size": [2, 1, 1], "pivot": [-0.60305, 1.05914, -0.1], "rotation": [0, 0, 122.5], "uv": [6, 9]}
					]
				}
			]
		}
	]
}