{
   "format_version": "1.8.0",
   "minecraft:entity": {
      "description": {
         "identifier": "doors:seek",
         "is_spawnable": true,
         "is_summonable": true,
         "is_experimental": false,
         "scripts": {
            "animate": [
               "jumpscare",
               "see"
            ]
         },
         "animations": {
            "jumpscare": "controller.animation.jumpscare",
            "see": "controller.animation.seek_see"
         }
      },
      "component_groups": {
         "minecraft:is_dead": {
            "minecraft:transformation": {
               "into": "doors:seek_d"
            }
         }
      },
      "components": {
         "minecraft:type_family": {
            "family": [
               "doors_creature"
            ]
         },
         "minecraft:health": {
            "value": 155,
            "max": 155
         },
         "minecraft:attack": {
            "damage": 26
         },
         "minecraft:collision_box": {
            "height": 2,
            "width": 0.8
         },
         "minecraft:movement": {
            "value": 0.45
         },
         "minecraft:nameable": {},
         "minecraft:navigation.float": {
            "can_path_over_water": true
         },
         "minecraft:movement.fly": {},
         "minecraft:jump.static": {},
         "minecraft:knockback_resistance": {
            "value": 10
         },
         "minecraft:navigation.walk": {
            "can_path_over_water": true
         },
         "minecraft:annotation.break_door": {
            "break_time": 0,
            "min_difficulty": "normal"
         },
         "minecraft:movement.basic": {},
         "minecraft:jump.static": {},
         "minecraft:can_climb": {},
         "minecraft:fire_immune": true,
         "minecraft:behavior.float": {
            "priority": 2
         },
         "minecraft:navigation.walk": {
            "can_float": true,
            "is_amphibious": true,
            "can_path_over_water": true,
            "avoid_sun": false,
            "avoid_water": false,
            "avoid_damage_blocks": true
         },
         "minecraft:fall_damage": {
            "value": 0
         },
         "minecraft:damage_sensor": {
            "triggers": [
               {
                  "on_damage": {
                     "filters": {
                        "test": "has_damage",
                        "subject": "self",
                        "value": "suffocation"
                     }
                  },
                  "deals_damage": false
               }
            ]
         },
         "minecraft:behavior.look_at_player": {
            "priority": 9,
            "look_distance": 6,
            "probability": 0.02
         },
         "minecraft:behavior.look_at_entity": {
            "priority": 9,
            "look_distance": 6,
            "probability": 0.02,
            "filters": {
               "test": "is_family",
               "subject": "other",
               "value": "mob"
            }
         },
         "minecraft:can_climb": {},
         "minecraft:follow_range": {
            "value": 50
         },
         "minecraft:behavior.hurt_by_target": {
            "priority": 3
         },
         "minecraft:physics": {
            "has_gravity": true,
            "has_collision": true
         },
         "minecraft:experience_reward": {
            "on_death": "query.last_hit_by_player ? 10 : 0"
         },
         "minecraft:underwater_movement": {
            "value": 0.02
         },
         "minecraft:scale": {
            "value": 1
         },
         "minecraft:behavior.melee_attack": {
            "priority": 2,
            "speed_multiplier": 1,
            "target_dist": 30,
            "max_dist": 3,
            "random_stop_interval": 100,
            "track_target": true,
            "reach_multiplier": 0
         },
         "minecraft:behavior.owner_hurt_by_target": {
            "priority": 1
         },
         "minecraft:behavior.owner_hurt_target": {
            "priority": 2
         },
         "minecraft:follow_range": {
            "value": 200
         },
         "minecraft:timer": {
            "looping": false,
            "randomInterval": false,
            "time": 6,
            "time_down_event": {
               "event": "minecraft:event_dead"
            }
         },
         "minecraft:behavior.summon_entity": {
            "priority": 1,
            "summon_choices": [
               {
                  "min_activation_range": 1,
                  "max_activation_range": 2,
                  "cooldown_time": 5,
                  "weight": 30,
                  "cast_duration": 2.3,
                  "particle_color": "#FF664D59",
                  "start_sound_event": "plop",
                  "sequence": [
                     {
                        "shape": "circle",
                        "target": "target",
                        "base_delay": 0.1,
                        "delay_per_summon": 0,
                        "num_entities_spawned": 1,
                        "entity_type": "r:hand_grab2",
                        "size": 0.1,
                        "entity_lifespan": 10,
                        "sound_event": "prepare.attack"
                     }
                  ]
               }
            ]
         },
         "minecraft:on_death": {
            "event": "on:death",
            "target": "self"
         },
         "minecraft:behavior.nearest_attackable_target": {
            "priority": 2,
            "reselect_targets": true,
            "must_see": true,
            "within_radius": 1000,
            "must_see_forget_duration": 1000,
            "persist_time": 0.5,
            "entity_types": [
               {
                  "filters": {
                     "any_of": [
                        {
                           "test": "is_family",
                           "subject": "other",
                           "value": "zombie"
                        },
                        {
                           "test": "is_family",
                           "subject": "other",
                           "value": "spider"
                        },
                        {
                           "test": "is_family",
                           "subject": "other",
                           "value": "creeper"
                        },
                        {
                           "test": "is_family",
                           "subject": "other",
                           "value": "villager"
                        },
                        {
                           "test": "is_family",
                           "subject": "other",
                           "value": "illager"
                        }
                     ]
                  },
                  "max_dist": 1000,
                  "must_see": false
               },
               {
                  "filters": {
                     "any_of": [
                        {
                           "test": "is_family",
                           "subject": "other",
                           "value": "skeleton"
                        },
                        {
                           "test": "is_family",
                           "subject": "other",
                           "value": "wither_skeketon"
                        },
                        {
                           "test": "is_family",
                           "subject": "other",
                           "value": "iron_golem"
                        },
                        {
                           "test": "is_family",
                           "subject": "other",
                           "value": "warden"
                        }
                     ]
                  },
                  "max_dist": 1000,
                  "must_see": false
               },
               {
                  "filters": {
                     "all_of": [
                        {
                           "test": "is_family",
                           "subject": "other",
                           "value": "player"
                        },
                        {
                           "test": "in_water",
                           "subject": "other",
                           "operator": "!=",
                           "value": true
                        }
                     ]
                  },
                  "max_dist": 1000
               }
            ]
         }
      },
      "events": {
         "on:death": {
            "add": {
               "component_groups": [
                  "minecraft:is_dead"
               ]
            }
         }
      }
   }
}