{
   "mob.figure.ambient": {
      "category": " neutral",
      "sounds": [
         "sounds/mob/figure/ambient"
      ]
   },
   "mob.screech.psst": {
      "category": " neutral",
      "sounds": [
         "sounds/mob/screech/psst"
      ]
   },
   "mob.glitch.error": {
      "category": " neutral",
      "sounds": [
         "sounds/mob/glitch/error"
      ]
   },
   "mob.timothy.jump": {
      "category": " neutral",
      "sounds": [
         "sounds/mob/timothy/jump"
      ]
   },
   "mob.screech.scream": {
      "category": " neutral",
      "sounds": [
         "sounds/mob/screech/scream"
      ]
   },
   "mob.screech.attack": {
      "category": " neutral",
      "sounds": [
         "sounds/mob/screech/attack"
      ]
   },
   "mob.figure.roar": {
      "category": " neutral",
      "sounds": [
         "sounds/mob/figure/roar"
      ]
   },
   "mob.figure.step": {
      "category": " neutral",
      "sounds": [
         "sounds/mob/figure/step"
      ]
   },
   "mob.seek.chase": {
      "category": " neutral",
      "sounds": [
         "sounds/mob/seek/chase"
      ]
   },
   "mob.seek.attack": {
      "category": " neutral",
      "sounds": [
         "sounds/mob/seek/attack"
      ]
   },
   "mob.seek.scream_far": {
      "category": " neutral",
      "sounds": [
         "sounds/mob/seek/scream_far"
      ]
   },
   "mob.rush.incoming": {
      "category": " neutral",
      "sounds": [
         "sounds/mob/rush/incoming"
      ]
   },
   "mob.depth.scare": {
      "category": " neutral",
      "sounds": [
         "sounds/mob/depth/scare"
      ]
   },
   "mob.depth.chased": {
      "category": " neutral",
      "sounds": [
         "sounds/mob/depth/chased"
      ]
   },
   "mob.depth.spawn": {
      "category": " neutral",
      "sounds": [
         "sounds/mob/depth/spawn"
      ]
   },
   "mob.silence.spawn2": {
      "category": " neutral",
      "sounds": [
         "sounds/mob/silence/spawn2"
      ]
   },
   "mob.silence.idle": {
      "category": " neutral",
      "sounds": [
         "sounds/mob/silence/idle"
      ]
   },
   "mob.silence.kill": {
      "category": " neutral",
      "sounds": [
         "sounds/mob/silence/kill"
      ]
   },
   "mob.greed.damage": {
      "category": " neutral",
      "sounds": [
         "sounds/mob/greed/damage"
      ]
   },
   "mob.rush.incoming2": {
      "category": " neutral",
      "sounds": [
         "sounds/mob/rush/incoming2"
      ]
   },
   "mob.ambush.incoming3": {
      "category": " neutral",
      "sounds": [
         "sounds/mob/ambush/incoming3"
      ]
   },
   "mob.ambush.speed": {
      "category": " neutral",
      "sounds": [
         "sounds/mob/ambush/speed"
      ]
   },
   "mob.jack.loud": {
      "category": " neutral",
      "sounds": [
         "sounds/mob/jack/loud"
      ]
   },
   "mob.eyes.idle": {
      "category": " neutral",
      "sounds": [
         "sounds/mob/eyes/idle"
      ]
   },
   "mob.halt.coming": {
      "category": " neutral",
      "sounds": [
         "sounds/mob/halt/coming"
      ]
   },
   "mob.closet.hide": {
      "category": "neutral",
      "max_distance": 8,
      "sounds": [
         "sounds/mob/closet/hide"
      ]
   },
   "mob.closet.expose": {
      "category": "neutral",
      "max_distance": 8,
      "sounds": [
         "sounds/mob/closet/hide"
      ]
   }
}