{
  "format_version": "1.10.0",
  "minecraft:client_entity": {
    "description": {
      "identifier": "ic:chair",
      "textures": {
        "default": "textures/entity/ic_bob"
      },
      "materials": {
        "default": "entity_alphatest"
      },
      "spawn_egg": {
        "texture": "ic:chair",
        "texture_index": 0
      },
      "render_controllers": [
        "controller.render.default"
      ],
      "geometry": {
        "default": "geometry.ic_chair"
      }
    }
  }
}