{
  "format_version": "1.10.0",
  "minecraft:client_entity": {
    "description": {
      "identifier": "ic:door_open",
      "textures": {
        "default": "textures/entity/furnitures/ic_door"
      },
      "animations": {
        "door_anim": "animation.ic_door.open"
      },
      "scripts": {
        "animate": [
            "door_anim"
        ]
      }, 
      "sound_effects": {
        "open": "door.interact.open",
        "close": "door.interact.close" 
      },
      "materials": {
        "default": "entity_alphatest"
      },
      "render_controllers": [
        "controller.render.default"
      ],
      "geometry": {
        "default": "geometry.ic_door_open"
      }
    }
  }
}