{
  "format_version": "1.10.0",
  "minecraft:client_entity": {
    "description": {
      "identifier": "ic:grand_door",
      "textures": {
        "default": "textures/entity/furnitures/ic_grand_door"
      },
      "animations": {
        "grand_door_anim": "animation.ic_grand_door.close"
      },
      "scripts": {
        "animate": [
            "grand_door_anim"
        ]
      }, 
      "sound_effects": {
        "interact": "furniture.grand_door.interact"
      },
      "materials": {
        "default": "entity_alphatest"
      },
      "spawn_egg": {
        "texture": "ic:grand_door",
        "texture_index": 0
      },
      "render_controllers": [
        "controller.render.default"
      ],
      "geometry": {
        "default": "geometry.ic_grand_door"
      }
    }
  }
}