{
  "format_version": "1.16.100",
  "minecraft:item": {
    "description": {
      "identifier": "ic:crucifix", 
      "category": "Equipment" 
    },
    "components": {
      "minecraft:display_name": {
        "value": "§lCrucifix"
      },
		"minecraft:durability": {
			"max_durability": 1
		},
		"minecraft:creative_category": {
        "parent": "itemGroup.name.tools"
      },
		"minecraft:on_use": {
			"on_use": {
				"event":"banish"
			}		
		},
      "minecraft:stacked_by_data": false,
      "minecraft:cooldown": {
        "category": "fix",
        "duration": 1.0
      },
      "minecraft:allow_off_hand": false,
      "minecraft:hand_equipped": true,
      "minecraft:use_duration": 17,
      "minecraft:max_stack_size": 1,
      "minecraft:icon": {
        "texture": "ic:crucifix"
      }
     }, 
     "events": {
		"banish": {
			"sequence": [
				{
					"damage": {
						"type": "none",
						"amount": 2,
						"target": "self"
					}, 
					"run_command": {
							"command": [
								"summon ic:crucifix_activate ~ ~ ~"
							]
						}
				}
			]
		}
	} 
  }
}