{
  "format_version": "1.17.0",
  "minecraft:item": {
    "description": {
      "identifier": "ic:gummy_flashlight", 
      "category": "Equipment" 
    },
    "components": {
      "minecraft:display_name": {
        "value": "§lShakelight§r§7\n\nRight click to Turn on\nCrouch and right click to Recharge\nUnequip to turn off"
      },
		"minecraft:durability": {
			"max_durability": 10
		},
		"minecraft:creative_category": {
        "parent": "itemGroup.name.tools"
      },
		"minecraft:on_use": {
			"on_use":
           {
              "target":"self",
              "event":"shine"
            }
		},
      "minecraft:stacked_by_data": false,
      "minecraft:cooldown": {
        "category": "cooldown",
        "duration": 1.0
      },
      "minecraft:allow_off_hand": false,
      "minecraft:hand_equipped": true,
      "minecraft:use_duration": 17,
      "minecraft:max_stack_size": 1,
      "minecraft:icon": {
        "texture": "ic:gummy_flashlight"
      },
      "minecraft:render_offsets": {
        "main_hand": {
          "first_person": {
            "scale": [
              0.0,
              0.0,
              0.0
            ]
          },
          "third_person": {
            "scale": [
              0.0,
              0.0,
              0.0
            ]
          }
        }, 
        "off_hand": {
          "first_person": {
            "scale": [
              0.0,
              0.0,
              0.0
            ]
          },
          "third_person": {
            "scale": [
              0.0,
              0.0,
              0.0
            ]
          }
        }
       } 
     }, 
     "events": {
		"shine": {
			"sequence": [
			{
					"damage": {
						"type": "none",
						"amount": 1,
						"target": "self"
					}
				},
				{
					"condition" : "query.remaining_durability == 2",
					"run_command": {
							"command": [
								"title @s actionbar your flashlight level is too low! you must recharge or you will lose it"
							]
						}
					},
					{
					"condition" : "query.remaining_durability == 0",
					"run_command": {
							"command": [
								"title @s actionbar your flashlight had ran out of energy"
							]
						}
					},
					{
					"condition" : "!query.is_sneaking",
					"run_command": {
							"command": [
								"tag @s add ignited",
								"playsound item.flashlight.equip @s",
								"replaceitem entity @s slot.armor.head 0 minecraft:cobblestone"
							]
						}
					},
					{
						"condition" : "query.is_sneaking",
					"run_command": {
							"command": [
								"playsound item.shakelight.equip @s",
								"function gummy_light"
							]
						}
					}
			]
		},
		"ic:durability_lighter": {
			"sequence": [
				{
					"damage": {
						"type": "none",
						"amount": 1,
						"target": "self"
					}
				}
			]
		} 
	} 
  }
}