{
  "format_version": "1.17.0",
  "minecraft:item": {
    "description": {
      "identifier": "ic:lighter", 
      "category": "Equipment" 
    },
    "components": {
      "minecraft:display_name": {
        "value": "§lLighter§r§7\n\nRight click to ignite\nCrouch and right click to turn off"
      },
		"minecraft:durability": {
			"max_durability": 15
		},
		"minecraft:creative_category": {
        "parent": "itemGroup.name.tools"
      },
		"minecraft:on_use": {
			"on_use":
           {
              "target":"self",
              "event":"ignite"
            }
		},
      "minecraft:stacked_by_data": false,
      "minecraft:cooldown": {
        "category": "cooldown",
        "duration": 1.0
      },
      "minecraft:allow_off_hand": false,
      "minecraft:hand_equipped": true,
      "minecraft:use_duration": 17,
      "minecraft:max_stack_size": 1,
      "minecraft:icon": {
        "texture": "ic:lighter"
      } 
     }, 
     "events": {
		"ignite": {
			"sequence": [
			{
					"damage": {
						"type": "none",
						"amount": 1,
						"target": "self"
					}
				},
				{
					"condition" : "query.remaining_durability == 0",
					"run_command": {
							"command": [
								"title @s actionbar your lighter has run out of fuel"
							]
						}
					},
					{
					"condition" : "!query.is_sneaking",
					"run_command": {
							"command": [
								"tag @s add ignited",
								"playsound item.lighter.equip @s",
								"replaceitem entity @s slot.armor.head 0 minecraft:glass"
							]
						}
					},
					{
						"condition" : "query.is_sneaking",
					"run_command": {
							"command": [
								"tag @s remove ignited",
								"playsound item.lighter.equip @s",
								"replaceitem entity @s slot.armor.head 0 minecraft:air"
							]
						}
					}
			]
		},
		"ic:durability_lighter": {
			"sequence": [
				{
					"damage": {
						"type": "none",
						"amount": 1,
						"target": "self"
					}
				}
			]
		} 
	} 
  }
}