{
  "format_version": "1.13.0",
  "minecraft:entity": {
    "description": {
      "identifier": "ic:bob",
      "is_spawnable": true,
      "is_summonable": true,
      "is_experimental": false
    },
    "component_groups": {
    "open_standby": {
                "minecraft:interact": {
          "interactions": [
            {
              "on_interact": {
                "filters": {
                  "all_of": [
                    {
                      "test": "is_family",
                      "subject": "other",
                      "value": "player"
                    }
                    ],
                    "any_of": [
                    {
                      "test": "has_equipment",
                      "domain": "hand",
                      "subject": "other",
                      "value": "minecraft:bone"
                    }
                  ]
                },
                "event": "bob_secret_anim",
              "target": "self"
              },
              "swing": true, 
              "interact_text": "Interact?"
             },
              {
              "on_interact": {
                "filters": {
                  "all_of": [
                    {
                      "test": "is_family",
                      "subject": "other",
                      "value": "player"
                    },
                    {
                      "test": "has_equipment",
                      "domain": "hand",
                      "subject": "other",
                      "operator" : "!=",
                      "value": "minecraft:bone"
                    }
                  ]
                },
                "event": "hint_bob",
              "target": "self"
              },
             "swing": true, 
              "interact_text": "Interact"
            }
          ]
        }
			}
		}, 
    "components": {
      "minecraft:type_family": {
        "family": [ "inanimate","doors"]
      },
      "minecraft:damage_sensor": {
        "triggers": {
          "cause": "all",
          "deals_damage": false
        }
      },
      "minecraft:knockback_resistance": {
        "value": 1.0,
        "max": 1.0
      },
      "minecraft:collision_box": {
        "width": 0.8,
        "height": 1.5
      },
      "minecraft:health": {
        "value": 100,
        "max": 100
      },
      "minecraft:loot": {
        "table": "loot_tables/entities/boat.json"
      },
      "minecraft:physics": {
      "has_gravity" : false,
      "has_collision" : false 
      },
      "minecraft:timer": {
				"looping": false,
				"randomInterval": false,
				"time": 1,
				"time_down_event": {
					"event": "bob_start"
				}
			},
      "minecraft:on_hurt": {
        "event": "on:hurt",
        "target": "self"
      }
    }, 
    "events": { 
    "minecraft:entity_transformed": {
				"add": {
					"component_groups": ["test"]
				}
			},
			"bob_start": {
        "add": {
          "component_groups": ["open_standby"] 
        }
      },
      "hint_bob": {
				"run_command": {
					"command": ["title @a[r=6] actionbar §oNothing happens. maybe try holding something related to bob?"]
				}
			},
			"bob_secret_anim": {
				"run_command": {
					"command": ["playanimation @s animation.ic_bob.secret_anim"]
				}
			}
    }  
  }
}