{
  "format_version": "1.16.100",
  "minecraft:entity": {
    "description": {
      "identifier": "ic:figure",
      "is_spawnable": true,
      "is_summonable": true,
      "is_experimental": false,
      "scripts": {
				"animate": [
		  "jumpscare_figure",
		"figure_anim" 
		]
			},
			"animations": {
				"jumpscare_figure": "controller.animation.jumpscare_figure",
				"figure_anim": "controller.animation.figure_anim",
				"shake": "animation.figure.shake",
				"anim": "animation.figure.anim",
				"anim2": "animation.figure.anim2"
			} 
    },
    "component_groups": {
    "transform": {
			"minecraft:transformation": {
                    "into": "ic:figure_dead"
                }
		},
		"jumpscare_figure": {
			"minecraft:attack": {
				"damage": 0
			  }
		},
		"anim_on": {
			"minecraft:variant": {
				"value": 1
			  }
		},
		"anim_on2": {
			"minecraft:variant": {
				"value": 2
			  }
		},
		"anim_off": {
			"minecraft:variant": {
				"value": 0
			  }
		},
		"jumpscare_rest_figure": {
			"minecraft:is_stunned": {},
			"minecraft:attack": {
				"damage": 15
			  },
			  "minecraft:timer": {
				"looping": false,
				"randomInterval": false,
				"time": 1,
				"time_down_event": {
					"event": "ic:jumpscare_standby"
				}
			}
		}
					},
    "components": {
      "minecraft:type_family": {
        "family": [
        "doors_monster",
        "doors_invulnerable",
        "doors",
          "figure"
        ]
      },
			"minecraft:variant": {
				"value": 0
			  },
      "minecraft:nameable": {
        "alwaysShow": false,
        "allowNameTagRenaming": false
      },
      "minecraft:rideable": {
					"seat_count": 1,
					"rider_can_interact": false,
					"seats": [
						{
							"position": [0, 2.1, 1.15], 
                             "rotate_rider_by": 180,
							 "lock_rider_rotation": 45
						}
					]
				},
      "minecraft:collision_box": {
        "height": 3.0,
        "width": 0.8
      },
      "minecraft:loot": {
        "table": "loot_tables/entities/robot.json"
      },
      "minecraft:health": {
        "value": 300,
        "max": 300
      },
      "minecraft:movement": {
        "value": 0.3
      },
        "minecraft:damage_sensor": {
        "triggers": {
          "cause": "fall",
          "deals_damage": false
        }
      },
      "minecraft:navigation.walk": {
        "avoid_damage_blocks": false
      },
      "minecraft:movement.basic": {},
      "minecraft:fire_immune": {},
      "minecraft:jump.static": {},
      "minecraft:can_climb": {},
      "minecraft:attack": {
        "damage": 12
      },
      "minecraft:fall_damage": {
        "value": 0.0
      },
      "minecraft:knockback_resistance": {
        "value": 1.0,
        "max": 1.0
      },
        "minecraft:behavior.float": {
        "priority": 0
      },
      "minecraft:leashable": {
        "soft_distance": 4.0,
        "hard_distance": 6.0,
        "max_distance": 10.0
      },
      "minecraft:behavior.roar": {
        "priority": 2,
        "duration": 4.2
      },
      "minecraft:balloonable": {},
      "minecraft:behavior.melee_attack": {
				"priority": 0,
				"speed_multiplier": 1.25,
				"track_target": true,
				"reach_multiplier": 1.6,
				"melee_fov": 360
			  },
      "minecraft:behavior.move_towards_target": {
        "priority": 1,
        "speed_multiplier": 1.2,
        "within_radius": 2.0
      },
      "minecraft:behavior.random_stroll": {
        "priority": 3,
        "speed_multiplier": 0.9
      },
      "minecraft:behavior.look_at_player": {
        "priority": 7,
        "look_distance": 6.0,
        "probability": 0.02
      },
      "minecraft:behavior.nearest_attackable_target": {
			"priority": 2,
			"within_radius": 128.0,
			"reselect_targets": true,
			"persist_time": 0.7,
			"entity_types": [{
				"filters": {
				  "all_of": [
					{
					  "test": "is_moving",
					  "subject": "other",
					  "value": true
					},
					{
						"test": "is_sneaking",
						"subject": "other",
						"value": false
					} 
				  ],
				"any_of": [
					{
					  "test": "is_family",
					  "subject": "other",
					  "value": "player"
					},
					{
						"test": "is_family",
						"subject": "other",
						"operator": "!=",
						"value": "doors"
					} 
				  ]
				},
				"max_dist": 128
			  }
			],
			"must_see": false,
			"must_see_forget_duration": 1000.0
		  },
      "minecraft:behavior.hurt_by_target": {
        "priority": 3
      },
      "minecraft:physics": {},
      "minecraft:follow_range": {
        "value": 64
      },
      "minecraft:experience_reward": {
        "on_death": "query.last_hit_by_player ? 10 : 0"
      },
      "minecraft:underwater_movement": {
        "value": 0.02
      },
      "minecraft:scale": {
        "value": 1.0
      },
      "minecraft:pushable": {
        "is_pushable": true,
        "is_pushable_by_piston": false
      },
      "minecraft:fire_immune": true,
      "minecraft:behavior.owner_hurt_by_target": {
        "priority": 1
      },
      "minecraft:behavior.owner_hurt_target": {
        "priority": 2
      },
      "minecraft:annotation.break_door": {
        "break_time": 10.0,
        "min_difficulty": "easy"
      },
      "minecraft:on_death": {
        "event": "on:death",
        "target": "self"
      },
      "minecraft:on_hurt": {
        "event": "on:hurt",
        "target": "self"
      },
      "minecraft:on_hurt_by_player": {
        "event": "on:hurt_by_player",
        "target": "self"
      },
      "minecraft:on_ignite": {
        "event": "on:ignite",
        "target": "self"
      },
      "minecraft:on_target_acquired": {
        "event": "on:target_acquired",
        "target": "self"
      },
      "minecraft:on_target_escape": {
        "event": "on:target_escape",
        "target": "self"
      },
      "minecraft:on_wake_with_owner": {
        "event": "on:wake_with_owner",
        "target": "self"
    }
    },
    "events": {
    "minecraft:entity_spawned": {
				"add": {
					"component_groups": ["jumpscare_figure"]
				},
				"run_command": {
          "command": ["effect @s slowness 5 100 true"]
        }
			},
			"ic:anim_on": {
				"remove": {
					"component_groups": ["anim_off"]
				},
				"add": {
					"component_groups": ["anim_on"]
				}
			},
			"ic:anim_on2": {
				"remove": {
					"component_groups": ["anim_off"]
				},
				"add": {
					"component_groups": ["anim_on2"]
				}
			},
			"ic:anim_off": {
				"remove": {
					"component_groups": ["anim_on"]
				},
				"add": {
					"component_groups": ["anim_off"]
				}
			},
	"ic:jumpscare_standby": {
				"remove": {
					"component_groups": ["jumpscare_rest_figure"]
				},
				"add": {
					"component_groups": ["jumpscare_figure"]
				}
			},
			"ic:jumpscare_stop": {
				"add": {
					"component_groups": ["jumpscare_rest_figure"]
				},
				"remove": {
					"component_groups": ["jumpscare_figure"]
				}
			},
      "on:death": {
        "add": {
          "component_groups": ["transform"]
        }
      },
      "on:hurt": {
        "run_command": {
          "command": []
        }
      },
      "on:hurt_by_player": {
        "run_command": {
          "command": []
        }
      },
      "on:ignite": {
        "run_command": {
          "command": []
        }
      },
      "on:target_acquired": {
        "run_command": {
          "command": []
        }
      },
      "on:target_escape": {
        "run_command": {
          "command": []
        }
      },
      "on:wake_with_owner": {
        "run_command": {
          "command": []
      }
    }
  }
 }
}