{
   "namespace": "death",
   "a_button_panel": {
      "type": "panel",
      "anchor_from": "bottom_middle",
      "anchor_to": "bottom_middle",
      "size": [
         "100%c",
         26
      ],
      "offset": [
         0,
         "-17.75%"
      ],
      "controls": [
         {
            "gamepad_helper_a@common.gamepad_helper_a": {
               "$icon_text_color": "$gamepad_button_generic_text_color",
               "$icon_description_bind": "controller.buttonTip.select",
               "$icon_description_bind_type": "none"
            }
         }
      ]
   },
   "death_screen@common.base_screen": {
      "$screen_content": "death.death_screen_content",
      "$screen_bg_content": "death.background_gradient",
      "load_screen_immediately": true
   },
   "death_screen_content": {
      "type": "panel",
      "controls": [
         {
            "you_died_label": {
               "type": "label",
               "color": "$death_text_color",
               "anchor_from": "top_middle",
               "anchor_to": "top_middle",
               "offset": [
                  0,
                  "25%"
               ],
               "text": "§l§bYou Died",
               "shadow": true,
               "font_size": "large"
            }
         },
         {
            "respawn_button@common_buttons.light_text_button": {
               "size": [
                  "25%",
                  26
               ],
               "$button_text": "§bRespawn",
               "anchor_from": "center",
               "anchor_to": "right_middle",
               "offset": [
                  -10,
                  13
               ],
               "$pressed_button_name": "button.respawn_button"
            }
         },
         {
            "main_menu_button@common_buttons.light_text_button": {
               "size": [
                  "25%",
                  26
               ],
               "$button_text": "§cEXIT",
               "anchor_from": "center",
               "anchor_to": "left_middle",
               "offset": [
                  10,
                  13
               ],
               "$pressed_button_name": "button.main_menu_button",
               "variables": [
                  {
                     "requires": "$is_secondary_client",
                     "$button_text": "deathScreen.quit.secondaryClient"
                  }
               ]
            }
         },
         {
            "select_button@death.a_button_panel": {}
         }
      ]
   },
   "background_gradient": {
      "type": "custom",
      "renderer": "gradient_renderer",
      "color1": [
         0.313,
         0,
         0,
         0.37
      ],
      "color2": [
         0.5,
         0.188,
         0.188,
         0.627
      ],
      "ignored": "$is_holographic"
   }
}