{
	"format_version": "1.8.0",
	"animations": {
	  "animation.entity.shake": {
	"loop": true,
		"animation_length": 0.1,
		"anim_time_update": "query.anim_time + query.delta_time * 1.0",
		"timeline" :{
		"0.05" : "/execute @s ~ ~ ~ camerashake add @a[r=6] 0.05 1 positional"
		}
	  },
	"animation.figure.shake": {
	"loop": true,
		"animation_length": 2.0,
		"anim_time_update": "query.anim_time + query.delta_time * (query.ground_speed / 1.75)",
		"timeline" :{
		"0.6" : "/execute @s ~ ~ ~ camerashake add @a[r=10] 0.5 1 positional",
		"0.8" : "/execute @s ~ ~ ~ camerashake stop @a[r=12]",
		"1.6" : "/execute @s ~ ~ ~ camerashake add @a[r=10] 0.5 1 positional",
		"1.8" : "/execute @s ~ ~ ~ camerashake stop @a[r=12]"
		}
	  }
  }
}