{
	"format_version": "1.8.0",
	"animations": {
	"animation.crucifix_extended.return": {
		"animation_length": 0.3,
		"anim_time_update" : "query.anim_time + query.delta_time * 1.0",
		"loop" : false, 
		"timeline" :{
		"0.15" : "/event entity @s despawn_crucifix"  
		}
	  },
	"animation.crucifix.extended_success": {
		"animation_length": 7,
		"anim_time_update" : "query.anim_time + query.delta_time * 1.0",
		"loop" : false, 
		"timeline" :{
		"1.5" : "/execute @s ~ ~ ~ camerashake add @a[r=10] 0.2 3 positional", 
		"3.0" : "/execute @s ~ ~ ~ camerashake add @a[r=10] 0.4 2 positional",
		"4.9" : "/effect @e[r=1,family=!crucifix] invisibility 2 2 true",
		"5.0" : "/execute @s ~ ~ ~ camerashake add @a[r=10] 0.2 1 positional", 
		"5.2" : "/kill @e[family=!crucifix,r=1]",
		"5.1" : "/title @a[r=15] actionbar Monster successfully banished" ,
		"6.8" : "/event entity @s despawn_crucifix"  
		}
	  },
	"animation.crucifix.return": {
		"animation_length": 0.3,
		"anim_time_update" : "query.anim_time + query.delta_time * 1.0",
		"loop" : false, 
		"timeline" :{
		"0.03" : "/give @a[r=1] ic:crucifix 1",
		"0.02" : "/title @a[r=1] actionbar This item could only be used on monsters nearby",
		"0.1" : "/event entity @s despawn_crucifix"  
		}
	  },
	  "animation.crucifix.success": {
		"animation_length": 7,
		"anim_time_update" : "query.anim_time + query.delta_time * 1.0",
		"loop" : false, 
		"timeline" :{
		"1.5" : "/execute @s ~ ~ ~ camerashake add @a[r=10] 0.2 3 positional", 
		"3.0" : "/execute @s ~ ~ ~ camerashake add @a[r=10] 0.4 2 positional",
		"4.9" : "/effect @e[r=1,family=!crucifix] invisibility 2 2 true",
		"5.0" : "/execute @s ~ ~ ~ camerashake add @a[r=10] 0.2 1 positional", 
		"5.2" : "/kill @e[family=doors_monster, r=1]",
		"5.1" : "/title @a[r=15] actionbar Monster successfully banished" ,
		"6.8" : "/event entity @s despawn_crucifix"  
		}
	  },
	"animation.crucifix.fail": {
		"animation_length": 9,
		"anim_time_update" : "query.anim_time + query.delta_time * 1.0",
		"loop" : false, 
		"timeline" :{
		"1.5" : "/execute @s ~ ~ ~ camerashake add @a[r=10] 0.2 2 positional", 
		"3.0" : "/execute @s ~ ~ ~ camerashake add @a[r=10] 0.4 3 positional", 
		"6.0" : "/execute @s ~ ~ ~ camerashake add @a[r=10] 0.2 2 positional", 
		"8.5" : "/title @a[r=15] actionbar Monster banishing failed",
		"8.6" : "/event entity @s despawn_crucifix"  
		}
	  } 
  }
}