{
	"format_version": "1.8.0",
	"animations": {
	  "animation.dupe_deactivate": {
		"animation_length": 2.0,
		"anim_time_update" : "query.anim_time + query.delta_time * 1.0",
		"loop" : false, 
		"timeline" :{
		"0.05" : "/gamerule sendcommandfeedback false",
		"0.1" : "/execute @s ~ ~ ~ tp @e[tag=dupe,r=5] ^ ^ ^2.3 facing @s",
		"0.11" : "/execute @s ~ ~ ~ tp @e[tag=dupe,r=5] ^ ^ ^2.3 facing @s",
		"0.12" : "/execute @s ~ ~ ~ tp @e[tag=dupe,r=5] ^ ^ ^2.3 facing @s",
		"0.13" : "/execute @s ~ ~ ~ tp @e[tag=dupe,r=5] ^ ^ ^2.3 facing @s",
		"0.14" : "/execute @s ~ ~ ~ tp @e[tag=dupe,r=5] ^ ^ ^2.3 facing @s",
		"0.15" : "/execute @s ~ ~ ~ tp @e[tag=dupe,r=5] ^ ^ ^2.3 facing @s",
		"0.16" : "/execute @s ~ ~ ~ tp @e[tag=dupe,r=5] ^ ^ ^2.3 facing @s",
		"0.17" : "/execute @s ~ ~ ~ tp @e[tag=dupe,r=5] ^ ^ ^2.3 facing @s",
		"0.2" : "/effect @e[tag=dupe,r=5] slowness 2 6 true",
		"0.15" : "/playsound mob.dupe.jumpscare @a[r=15] ~ ~ ~",
		"0.7" : "/damage @e[tag=dupe, r=5] 9 contact entity @s",
		"1.6" : "/tag @e[tag=dupe,r=5] remove dupe",
		"1.62" : "/gamerule sendcommandfeedback true",
		"1.55" : "/event entity @s ic:deactivate"
		}
	  }
  }
}