{
	"format_version": "1.8.0",
	"animations": {
	"animation.shakelight.recharge": {
		"animation_length": 0.5,
		"anim_time_update" : "query.anim_time + query.delta_time * 0.9",
		"loop" : true, 
		"timeline" :{
		"0.3" : "/replaceitem entity @s slot.weapon.mainhand 0 ic:gummy_flashlight",
		"0.48" : "/replaceitem entity @s slot.armor.feet 0 minecraft:air"
		}
	  },
	  "animation.flashlight.on": {
		"animation_length": 0.02,
		"anim_time_update" : "query.anim_time + query.delta_time * 2.0",
		"loop" : true, 
		"timeline" :{
		"0.0" : "/function flashlight",
		"0.01" : "/function flashlight",
		"0.02" : "/function flashlight"
		}
	  },
	"animation.flashlight.off": {
		"animation_length": 0.6,
		"anim_time_update" : "query.anim_time + query.delta_time * 2.0",
		"loop" : false, 
		"timeline" :{
		"0.05" : "/replaceitem entity @s slot.armor.head 0 minecraft:air",
		"0.1" : "/execute @s ~ ~ ~ fill ~1 ~1 ~1 ~-1 ~-1 ~-1  air 0 replace light_block 12"
		}
	  } 
  }
}