{
	"format_version": "1.8.0",
	"animations": {
	"animation.jack.appear": {
		"animation_length": 2.0,
		"anim_time_update" : "query.anim_time + query.delta_time * 0.8",
		"loop" : false, 
		"timeline" :{
		"0.1" : "/effect @a[r=1] slowness 1 4 true",
		"0.15" : "/execute @s ~ ~ ~ tp @a[r=1] ^ ^ ^3 facing @s",
		"0.16" : "/event entity @s ic:jack_appear",
		"0.17" : "/playsound mob.jack.jumpscare @a[r=10]",
		"0.9" : "/execute @e[type=ic:jack, r=2] ~ ~ ~ event entity @s ic:despawn"
		}
	  },
	"animation.jack.offset": {
		"animation_length": 0.5,
		"anim_time_update" : "query.anim_time + query.delta_time * 0.8",
		"loop" : false, 
		"timeline" :{
		"0.3" : "/tag @s add weewoo",
		"0.31" : "/tag @s remove weewoo" 
		}
	  },
	  "animation.wardrobe.hide": {
		"animation_length": 12.0,
		"anim_time_update" : "query.anim_time + query.delta_time * 0.8",
		"loop" : false, 
		"timeline" :{
		"7.0" : "/title @a[r=1] actionbar Get out",
		"8.0" : "/title @a[r=1] actionbar §4Get out",
		"9.0" : "/title @a[r=1] actionbar Get out",
		"9.5" : "/title @a[r=1] actionbar §kjj§r§4§lGet out§r§kjj",
		"10.0" : "/title @a[r=1] actionbar §kjjj§r§4§lGet out§r§kjjj",
		"10.25" : "/title @a[r=1] actionbar §kjjjj§r§4Get out§r§kjjjj",
		"10.5" : "/title @a[r=1] actionbar §kjjjjj§r§4§lGet out§r§kjjjjj",
		"10.675" : "/title @a[r=1] title §kjjjjj§r§4Get out§r§kjjjjj",
		"10.75" : "/title @a[r=1] title §kjjjjj§r§4§lGeT ouT§r§kjjjjj",
		"10.875" : "/title @a[r=1] title §kjjjjj§r§4GET OuT§r§kjjjjj",
		"11" : "/title @a[r=1] title §kjjjjjj§r§4GET OUT§r§kjjjjjj",
		"11.1" : "/title @a[r=1] title §kjjjjjj§r§4§lGET OUT§r§kjjjjjj",
		"11.2" : "/title @a[r=1] title §kjjjjjjj§r§4GET OUT§r§kjjjjjjj",
		"11.3" : "/title @a[r=1] title §kjjjjjjjj§r§4§lGET OUT§r§kjjjjjjjj",
		"11.4" : "/title @a[r=1] title §kjjjjjjjjj§r§4§lGET OUT§r§kjjjjjjjjj",
		"11.5" : "/title @a[r=1] title §kjjjjjjjjjj§r§4GET OUT!!§r§kjjjjjjjjjj",
		"11.55" : "/damage @a[r=1] 9 contact entity @s",
		"11.45" : "/playsound mob.hide.jumpscare @a[r=1]",
		"11.575" : "/effect @a[r=1] blindness 3 1 true",
		"11.6" : "/event entity @s ic:force_exit"
		}
	  },
	"animation.cupboard.hide": {
		"animation_length": 12.0,
		"anim_time_update" : "query.anim_time + query.delta_time * 1.05",
		"loop" : false, 
		"timeline" :{
		"7.0" : "/title @a[r=1] actionbar Get out",
		"8.0" : "/title @a[r=1] actionbar §4Get out",
		"9.0" : "/title @a[r=1] actionbar Get out",
		"9.5" : "/title @a[r=1] actionbar §kjj§r§4§lGet out§r§kjj",
		"10.0" : "/title @a[r=1] actionbar §kjjj§r§4§lGet out§r§kjjj",
		"10.25" : "/title @a[r=1] actionbar §kjjjj§r§4Get out§r§kjjjj",
		"10.5" : "/title @a[r=1] actionbar §kjjjjj§r§4§lGet out§r§kjjjjj",
		"10.675" : "/title @a[r=1] title §kjjjjj§r§4Get out§r§kjjjjj",
		"10.75" : "/title @a[r=1] title §kjjjjj§r§4§lGeT ouT§r§kjjjjj",
		"10.875" : "/title @a[r=1] title §kjjjjj§r§4GET OuT§r§kjjjjj",
		"11" : "/title @a[r=1] title §kjjjjjj§r§4GET OUT§r§kjjjjjj",
		"11.1" : "/title @a[r=1] title §kjjjjjj§r§4§lGET OUT§r§kjjjjjj",
		"11.2" : "/title @a[r=1] title §kjjjjjjj§r§4GET OUT§r§kjjjjjjj",
		"11.3" : "/title @a[r=1] title §kjjjjjjjj§r§4§lGET OUT§r§kjjjjjjjj",
		"11.4" : "/title @a[r=1] title §kjjjjjjjjj§r§4§lGET OUT§r§kjjjjjjjjj",
		"11.5" : "/title @a[r=1] title §kjjjjjjjjjj§r§4GET OUT!!§r§kjjjjjjjjjj",
		"11.55" : "/damage @a[r=1] 9 contact entity @s",
		"11.25" : "/playsound mob.hide.jumpscare @a[r=1]",
		"11.575" : "/effect @a[r=1] blindness 3 1 true",
		"11.6" : "/event entity @s ic:force_exit"
		}
	  } 
  }
}