{
   "format_version": "1.13.0",
   "minecraft:entity": {
      "description": {
         "identifier": "doors:rush",
         "is_spawnable": true,
         "is_summonable": true,
         "is_experimental": false,
         "scripts": {
            "animate": [
               "lights",
               "see2",
               "attack",
               "off"
            ]
         },
         "animations": {
            "lights": "animation.rush.lights",
            "off": "animation.rush.lights_off",
            "see2": "controller.animation.rush_see2",
            "attack": "controller.animation.hide_attack"
         }
      },
      "component_groups": {
         "minecraft:remove": {
            "minecraft:despawn": {}
         }
      },
      "components": {
         "minecraft:attack": {
            "damage": 0
         },
         "minecraft:type_family": {
            "family": [
               "doors_creature"
            ]
         },
         "minecraft:collision_box": {
            "height": 2,
            "width": 0.4
         },
         "minecraft:underwater_movement": {
            "value": 0.06
         },
         "minecraft:movement.generic": {},
         "minecraft:jump.static": {},
         "minecraft:can_climb": {},
         "minecraft:health": {
            "value": 300,
            "max": 300
         },
         "minecraft:movement": {
            "value": 0.05
         },
         "minecraft:navigation.generic": {
            "is_amphibious": true,
            "can_path_over_water": false,
            "can_break_doors": true,
            "can_swim": false,
            "can_walk": true,
            "avoid_sun": false
         },
         "minecraft:behavior.move_towards_restriction": {
            "priority": 5,
            "speed_multiplier": 1
         },
         "minecraft:behavior.random_stroll": {
            "priority": 6,
            "speed_multiplier": 1
         },
         "minecraft:behavior.look_at_player": {
            "priority": 7,
            "look_distance": 6,
            "probability": 0.02
         },
         "minecraft:behavior.random_look_around": {
            "priority": 7
         },
         "minecraft:behavior.hurt_by_target": {
            "priority": 3
         },
         "minecraft:behavior.nearest_attackable_target": {
            "priority": 2,
            "reselect_targets": true,
            "must_see": true,
            "within_radius": 1000,
            "must_see_forget_duration": 1000,
            "persist_time": 0.5,
            "entity_types": [
               {
                  "filters": {
                     "any_of": [
                        {
                           "test": "is_family",
                           "subject": "other",
                           "value": "zombie"
                        },
                        {
                           "test": "is_family",
                           "subject": "other",
                           "value": "spider"
                        },
                        {
                           "test": "is_family",
                           "subject": "other",
                           "value": "creeper"
                        },
                        {
                           "test": "is_family",
                           "subject": "other",
                           "value": "villager"
                        },
                        {
                           "test": "is_family",
                           "subject": "other",
                           "value": "illager"
                        }
                     ]
                  },
                  "max_dist": 1000,
                  "must_see": false
               },
               {
                  "filters": {
                     "any_of": [
                        {
                           "test": "is_family",
                           "subject": "other",
                           "value": "skeleton"
                        },
                        {
                           "test": "is_family",
                           "subject": "other",
                           "value": "wither_skeketon"
                        },
                        {
                           "test": "is_family",
                           "subject": "other",
                           "value": "iron_golem"
                        },
                        {
                           "test": "is_family",
                           "subject": "other",
                           "value": "warden"
                        }
                     ]
                  },
                  "max_dist": 1000,
                  "must_see": false
               },
               {
                  "filters": {
                     "all_of": [
                        {
                           "test": "is_family",
                           "subject": "other",
                           "value": "player"
                        },
                        {
                           "test": "in_water",
                           "subject": "other",
                           "operator": "!=",
                           "value": true
                        }
                     ]
                  },
                  "max_dist": 1000
               }
            ]
         },
         "minecraft:physics": {},
         "minecraft:experience_reward": {
            "on_death": "query.last_hit_by_player ? 10 : 0"
         },
         "minecraft:scale": {
            "value": 2
         },
         "minecraft:behavior.melee_attack": {
            "priority": 2,
            "speed_multiplier": 13,
            "target_dist": 0,
            "max_dist": 3,
            "random_stop_interval": 100,
            "track_target": true,
            "reach_multiplier": 1
         },
         "minecraft:behavior.owner_hurt_by_target": {
            "priority": 1
         },
         "minecraft:behavior.owner_hurt_target": {
            "priority": 2
         },
         "minecraft:behavior.float": {
            "priority": 2,
            "speed_multiplier": 1
         },
         "minecraft:area_attack": {
            "cause": "contact",
            "damage_per_tick": 1200,
            "damage_range": 5,
            "entity_filter": {
               "all_of": [
                  {
                     "operator": "!=",
                     "subject": "other",
                     "test": "is_family",
                     "value": "inanimate"
                  },
                  {
                     "operator": "!=",
                     "subject": "other",
                     "test": "is_family",
                     "value": "player"
                  },
                  {
                     "operator": "!=",
                     "subject": "other",
                     "test": "is_family",
                     "value": "doors_creature"
                  }
               ]
            }
         },
         "minecraft:follow_range": {
            "value": 200
         },
         "minecraft:behavior.summon_entity": {
            "priority": 1,
            "summon_choices": [
               {
                  "min_activation_range": 2,
                  "max_activation_range": 3,
                  "cooldown_time": 1,
                  "weight": 30,
                  "cast_duration": 2.3,
                  "particle_color": "#FF664D59",
                  "start_sound_event": "plop",
                  "sequence": [
                     {
                        "shape": "circle",
                        "target": "target",
                        "base_delay": 0.1,
                        "delay_per_summon": 0,
                        "num_entities_spawned": 1,
                        "entity_type": "r:rush_jumpscare",
                        "size": 0.1,
                        "entity_lifespan": 10,
                        "sound_event": "prepare.attack"
                     }
                  ]
               }
            ]
         },
         "minecraft:knockback_resistance": {
            "value": 200
         }
      },
      "events": {
         "minecraft:remove": {
            "add": {
               "component_groups": [
                  "minecraft:remove"
               ]
            }
         }
      }
   }
}