{
   "format_version": "1.8.0",
   "minecraft:entity": {
      "description": {
         "identifier": "r:red_fog",
         "is_spawnable": false,
         "is_summonable": true,
         "is_experimental": false
      },
      "component_groups": {},
      "components": {
         "minecraft:type_family": {
            "family": [
               "inanimate"
            ]
         },
         "minecraft:pushable": {
            "is_pushable": true,
            "is_pushable_by_piston": true
         },
         "minecraft:fire_immune": true,
         "minecraft:health": {
            "value": {
               "range_min": 10,
               "range_max": 10
            }
         },
         "minecraft:damage_sensor": [
            {
               "deals_damage": false
            }
         ],
         "minecraft:physics": {}
      },
      "events": {}
   }
}