{
	"format_version": "1.12.0",
	"minecraft:geometry": [
		{
			"description": {
				"identifier": "geometry.depth",
				"texture_width": 128,
				"texture_height": 128,
				"visible_bounds_width": 3,
				"visible_bounds_height": 3.5,
				"visible_bounds_offset": [0, 1.25, 0]
			},
			"bones": [
				{
					"name": "Depth",
					"pivot": [0, 18, 0],
					"rotation": [0, 0, -5],
					"cubes": [
						{"origin": [-8, 18, -4], "size": [16, 18, 8], "uv": [0, 0]},
						{"origin": [-7, 36, -3], "size": [14, 1, 6], "uv": [35, 26]}
					],
					"locators": {
						"fog_light": [0, 25, 12]
					}
				},
				{
					"name": "Eyes",
					"parent": "Depth",
					"pivot": [0, -4, 0],
					"cubes": [
						{"origin": [-6, 30, -4.01], "size": [12, 3, 0], "uv": [64, 0]}
					]
				},
				{
					"name": "Mouth",
					"parent": "Depth",
					"pivot": [0, 19, 0],
					"rotation": [0, 0, 7.5],
					"cubes": [
						{"origin": [-7, 9, -4], "size": [14, 10.2, 7], "uv": [0, 26]},
						{"origin": [-6, 6, -4], "size": [12, 3.2, 6], "uv": [36, 37]},
						{"origin": [-5, 4, -4], "size": [10, 2.2, 5], "uv": [0, 43]},
						{"origin": [-3, 3, -4], "size": [6, 1.2, 4], "uv": [48, 0]}
					]
				},
				{
					"name": "DepthInvisible",
					"pivot": [0, 18, 0],
					"rotation": [0, 0, -5],
					"cubes": [
						{"origin": [-8, 18, -4], "size": [16, 18, 8], "uv": [0, 0]},
						{"origin": [-7, 36, -3], "size": [14, 1, 6], "uv": [35, 26]}
					]
				},
				{
					"name": "Eyes2",
					"parent": "DepthInvisible",
					"pivot": [0, -4, 0],
					"cubes": [
						{"origin": [-6, 30, -4.01], "size": [12, 3, 0], "uv": [64, 0]}
					]
				},
				{
					"name": "Mouth2",
					"parent": "DepthInvisible",
					"pivot": [0, 19, 0],
					"rotation": [0, 0, 7.5],
					"cubes": [
						{"origin": [-7, 9, -4], "size": [14, 10.2, 7], "uv": [0, 26]},
						{"origin": [-6, 6, -4], "size": [12, 3.2, 6], "uv": [36, 37]},
						{"origin": [-5, 4, -4], "size": [10, 2.2, 5], "uv": [0, 43]},
						{"origin": [-3, 3, -4], "size": [6, 1.2, 4], "uv": [48, 0]}
					]
				}
			]
		}
	]
}