{
	"format_version": "1.12.0",
	"minecraft:geometry": [
		{
			"description": {
				"identifier": "geometry.greed",
				"texture_width": 64,
				"texture_height": 64,
				"visible_bounds_width": 2,
				"visible_bounds_height": 2.5,
				"visible_bounds_offset": [0, 0.75, 0]
			},
			"bones": [
				{
					"name": "Greed",
					"pivot": [0, 20, 0],
					"cubes": [
						{"origin": [-4, 11, -6], "size": [9, 13, 6], "pivot": [0, 0, 0], "rotation": [0, -35, 0], "uv": [0, 19]},
						{"origin": [-5, 11, -6], "size": [9, 13, 6], "pivot": [0, 0, 0], "rotation": [0, 32.5, 0], "uv": [0, 19], "mirror": true}
					]
				},
				{
					"name": "Greedinvisible",
					"pivot": [0, 20, 0],
					"cubes": [
						{"origin": [-4, 11, -6], "size": [9, 13, 6], "pivot": [0, 0, 0], "rotation": [0, -35, 0], "uv": [0, 19]},
						{"origin": [-5, 11, -6], "size": [9, 13, 6], "pivot": [0, 0, 0], "rotation": [0, 32.5, 0], "uv": [0, 19], "mirror": true}
					]
				}
			]
		}
	]
}