{
	"format_version": "1.8.0",
	"animations": {
		"animation.ic_closet.interact": {
			"animation_length": 1,
			"sound_effects": {
				"0.1": {
					"effect": "interact"
				}
			},
			"bones": {
				"door1": {
					"rotation": {
						"0.0": [0, 0, 0],
						"0.25": [0, 62.5, 0],
						"0.3333": [0, 60, 0],
						"0.4167": [0, 62.5, 0],
						"0.5833": [0, 62.5, 0],
						"0.8333": [0, 0, 0],
						"0.9167": [0, 12.5, 0],
						"1.0": [0, 0, 0]
					}
				},
				"door2": {
					"rotation": {
						"0.0": [0, 0, 0],
						"0.25": [0, -62.5, 0],
						"0.3333": [0, -60, 0],
						"0.4167": [0, -62.5, 0],
						"0.5833": [0, -62.5, 0],
						"0.8333": [0, 0, 0],
						"0.9167": [0, -12.5, 0],
						"1.0": [0, 0, 0]
					}
				}
			}
		}
	}
}