{
   "format_version": "1.13.0",
   "minecraft:entity": {
      "description": {
         "identifier": "doors:halt",
         "is_spawnable": true,
         "is_summonable": true,
         "is_experimental": false,
         "scripts": {
            "animate": [
               "tp"
            ]
         },
         "animations": {
            "tp": "controller.animation.halt_tp"
         }
      },
      "component_groups": {
         "minecraft:physics": {}
      },
      "components": {
         "minecraft:attack": {
            "damage": 0
         },
         "minecraft:type_family": {
            "family": [
               "doors_creature",
               "halt"
            ]
         },
         "minecraft:collision_box": {
            "height": 2,
            "width": 0.4
         },
         "minecraft:underwater_movement": {
            "value": 0.06
         },
         "minecraft:movement.generic": {},
         "minecraft:jump.static": {},
         "minecraft:can_climb": {},
         "minecraft:health": {
            "value": 600,
            "max": 600
         },
         "minecraft:movement": {
            "value": 0.05
         },
         "minecraft:navigation.generic": {
            "is_amphibious": true,
            "can_path_over_water": false,
            "can_break_doors": true,
            "can_swim": false,
            "can_walk": true,
            "avoid_sun": false
         },
         "minecraft:behavior.move_towards_restriction": {
            "priority": 5,
            "speed_multiplier": 1
         },
         "minecraft:behavior.random_stroll": {
            "priority": 6,
            "speed_multiplier": 1
         },
         "minecraft:behavior.look_at_player": {
            "priority": 7,
            "look_distance": 6,
            "probability": 0.02
         },
         "minecraft:behavior.random_look_around": {
            "priority": 7
         },
         "minecraft:behavior.hurt_by_target": {
            "priority": 3
         },
         "minecraft:behavior.nearest_attackable_target": {
            "priority": 2,
            "reselect_targets": true,
            "must_see": true,
            "within_radius": 12,
            "must_see_forget_duration": 17,
            "persist_time": 0.5,
            "entity_types": [
               {
                  "filters": {
                     "any_of": [
                        {
                           "test": "is_family",
                           "subject": "other",
                           "value": "zombie"
                        },
                        {
                           "test": "is_family",
                           "subject": "other",
                           "value": "spider"
                        },
                        {
                           "test": "is_family",
                           "subject": "other",
                           "value": "creeper"
                        },
                        {
                           "test": "is_family",
                           "subject": "other",
                           "value": "villager"
                        },
                        {
                           "test": "is_family",
                           "subject": "other",
                           "value": "illager"
                        }
                     ]
                  },
                  "max_dist": 20,
                  "must_see": false
               },
               {
                  "filters": {
                     "any_of": [
                        {
                           "test": "is_family",
                           "subject": "other",
                           "value": "skeleton"
                        },
                        {
                           "test": "is_family",
                           "subject": "other",
                           "value": "wither_skeketon"
                        },
                        {
                           "test": "is_family",
                           "subject": "other",
                           "value": "iron_golem"
                        }
                     ]
                  },
                  "max_dist": 35,
                  "must_see": false
               },
               {
                  "filters": {
                     "all_of": [
                        {
                           "test": "is_family",
                           "subject": "other",
                           "value": "player"
                        },
                        {
                           "test": "in_water",
                           "subject": "other",
                           "operator": "!=",
                           "value": true
                        }
                     ]
                  },
                  "max_dist": 35
               }
            ]
         },
         "minecraft:physics": {},
         "minecraft:on_target_acquired": {
            "event": "on:target_acquired",
            "target": "self"
         },
         "minecraft:on_target_escape": {
            "event": "on:target_escape",
            "target": "self"
         },
         "minecraft:experience_reward": {
            "on_death": "query.last_hit_by_player ? 10 : 0"
         },
         "minecraft:scale": {
            "value": 2
         },
         "minecraft:behavior.melee_attack": {
            "priority": 2,
            "speed_multiplier": 13,
            "target_dist": 0,
            "max_dist": 3,
            "random_stop_interval": 100,
            "track_target": true,
            "reach_multiplier": 1
         },
         "minecraft:behavior.owner_hurt_by_target": {
            "priority": 1
         },
         "minecraft:behavior.owner_hurt_target": {
            "priority": 2
         },
         "minecraft:behavior.float": {
            "priority": 2,
            "speed_multiplier": 1
         },
         "minecraft:on_death": {
            "event": "on:death",
            "target": "self"
         },
         "minecraft:on_hurt": {
            "event": "on:hurt",
            "target": "self"
         },
         "minecraft:on_hurt_by_player": {
            "event": "on:hurt_by_player",
            "target": "self"
         },
         "minecraft:on_ignite": {
            "event": "on:ignite",
            "target": "self"
         },
         "minecraft:on_wake_with_owner": {
            "event": "on:wake_with_owner",
            "target": "self"
         },
         "minecraft:spawn_entity": [
            {
               "min_wait_time": 7,
               "max_wait_time": 7,
               "spawn_entity": "r:turn",
               "spawn_sound": "as",
               "num_to_spawn": 1
            },
            {
               "min_wait_time": 8,
               "max_wait_time": 8,
               "spawn_entity": "r:turn2",
               "spawn_sound": "as",
               "num_to_spawn": 1
            },
            {
               "min_wait_time": 12,
               "max_wait_time": 12,
               "spawn_entity": "r:boi",
               "spawn_sound": "as",
               "num_to_spawn": 1
            }
         ],
         "minecraft:area_attack": {
            "cause": "contact",
            "damage_per_tick": 5,
            "damage_range": 2,
            "entity_filter": {
               "all_of": [
                  {
                     "operator": "!=",
                     "subject": "other",
                     "test": "is_family",
                     "value": "inanimate"
                  },
                  {
                     "operator": "!=",
                     "subject": "other",
                     "test": "is_family",
                     "value": "doors_creature"
                  }
               ]
            }
         },
         "minecraft:follow_range": {
            "value": 1000
         },
         "minecraft:mob_effect": {
            "effect_range": 45,
            "effect_time": 3,
            "mob_effect": "darkness",
            "cooldown_time": 2,
            "entity_filter": {
               "all_of": [
                  {
                     "test": "is_family",
                     "subject": "other",
                     "value": "player"
                  },
                  {
                     "operator": "not",
                     "test": "has_ability",
                     "subject": "other",
                     "value": "invulnerable"
                  }
               ]
            }
         },
         "minecraft:knockback_resistance": {
            "value": 60
         }
      },
      "events": {
         "on:death": {
            "run_command": {
               "command": []
            }
         },
         "on:hurt": {
            "run_command": {
               "command": []
            }
         },
         "on:hurt_by_player": {
            "run_command": {
               "command": []
            }
         },
         "on:ignite": {
            "run_command": {
               "command": []
            }
         },
         "on:target_acquired": {
            "run_command": {
               "command": []
            }
         },
         "on:target_escape": {
            "run_command": {
               "command": []
            }
         },
         "on:wake_with_owner": {
            "run_command": {
               "command": []
            }
         }
      }
   }
}