{
	"format_version": "1.12.0",
	"minecraft:geometry": [
		{
			"description": {
				"identifier": "geometry.ic_gummy_flashlight",
				"texture_width": 32,
				"texture_height": 32,
				"visible_bounds_width": 2,
				"visible_bounds_height": 1.5,
				"visible_bounds_offset": [0, 0.25, 0]
			},
			"bones": [
				{
					"name": "rightitem",
					"pivot": [0, 0, 0],
					"cubes": [
						{"origin": [-1, -1, -3], "size": [2, 2, 8], "uv": [0, 0]},
						{"origin": [-1.5, -1.5, -3.5], "size": [3, 3, 3], "uv": [0, 10]},
						{"origin": [-1, -1, -3], "size": [2, 2, 8], "uv": [0, 0]},
						{"origin": [-1.5, -1.5, -3.5], "size": [3, 3, 3], "uv": [0, 10]} 
					]
				},
				{
					"name": "light",
					"parent": "rightitem",
					"pivot": [0, 0, 0],
					"cubes": [
						{
							"origin": [-4.5, -4.5, -3.5],
							"size": [9, 9, 0],
							"pivot": [0, 0, -3.5],
							"rotation": [0, 0, -15],
							"uv": {
								"north": {"uv": [18, 21], "uv_size": [11, 11]},
								"east": {"uv": [26, 29], "uv_size": [0, 3]},
								"south": {"uv": [29, 29], "uv_size": [3, 3]},
								"west": {"uv": [29, 29], "uv_size": [0, 3]},
								"up": {"uv": [26, 29], "uv_size": [3, 0]},
								"down": {"uv": [29, 29], "uv_size": [3, 0]}
							}
						}
					]
				}
			]
		}
	]
}