{
	"format_version": "1.12.0",
	"minecraft:geometry": [
		{
			"description": {
				"identifier": "geometry.ic_tablet",
				"texture_width": 128,
				"texture_height": 128,
				"visible_bounds_width": 2,
				"visible_bounds_height": 1.5,
				"visible_bounds_offset": [0, 0.25, 0]
			},
			"bones": [
				{
					"name": "rightitem",
					"pivot": [0, 0, 0]
				},
				{
					"name": "bg",
					"parent": "rightitem",
					"pivot": [0, 0, 0]
				},
				{
					"name": "main",
					"parent": "rightitem",
					"pivot": [0, 0, 0],
					"cubes": [
						{
							"origin": [-3, -2.5, -1],
							"size": [8, 6, 1],
							"uv": {
								"north": {"uv": [18, 20], "uv_size": [14, 12]},
								"east": {"uv": [0, 2], "uv_size": [2, 6]},
								"south": {"uv": [18, 8], "uv_size": [14, 12]},
								"west": {"uv": [10, 2], "uv_size": [2, 6]},
								"up": {"uv": [35, 0], "uv_size": [8, 2]},
								"down": {"uv": [26, 2], "uv_size": [8, -2]}
							}
						},
						{
							"origin": [-6, -2.5, -1],
							"size": [3, 6, 1],
							"uv": {
								"north": {"uv": [0, 24], "uv_size": [6, 12]},
								"east": {"uv": [0, 17], "uv_size": [2, 6]},
								"south": {"uv": [7, 17], "uv_size": [6, 12]},
								"west": {"uv": [5, 17], "uv_size": [2, 6]},
								"up": {"uv": [2, 15], "uv_size": [3, 2]},
								"down": {"uv": [5, 17], "uv_size": [3, -2]}
							}
						},
						{
							"origin": [-2.5, -2, -1],
							"size": [7, 5, 1],
							"uv": {
								"north": {"uv": [2, 10], "uv_size": [7, 5]},
								"east": {"uv": [0, 10], "uv_size": [2, 5]},
								"south": {"uv": [11, 10], "uv_size": [7, 5]},
								"west": {"uv": [9, 10], "uv_size": [2, 5]},
								"up": {"uv": [2, 8], "uv_size": [7, 2]},
								"down": {"uv": [9, 10], "uv_size": [7, -2]}
							}
						},
						{
							"origin": [-2.5, -2, -1.25],
							"size": [7, 5, 0],
							"pivot": [1, 0.5, -1],
							"rotation": [0, 180, 0],
							"uv": {
								"north": {"uv": [30, 58], "uv_size": [98, 70]},
								"east": {"uv": [114, 0], "uv_size": [0, 5]},
								"south": {"uv": [121, 0], "uv_size": [7, 5]},
								"west": {"uv": [121, 0], "uv_size": [0, 5]},
								"up": {"uv": [114, 0], "uv_size": [7, 0]},
								"down": {"uv": [121, 0], "uv_size": [7, 0]}
							}
						},
						{
							"origin": [3.715, 3.215, -0.785],
							"size": [0.57, 0.57, 0.57],
							"uv": {
								"north": {"uv": [0, 0], "uv_size": [1, 1]},
								"east": {"uv": [0, 0], "uv_size": [1, 1]},
								"south": {"uv": [0, 0], "uv_size": [1, 1]},
								"west": {"uv": [0, 0], "uv_size": [1, 1]},
								"up": {"uv": [1, 1], "uv_size": [-1, -1]},
								"down": {"uv": [1, 1], "uv_size": [-1, -1]}
							}
						},
						{
							"origin": [2.715, 3.215, -0.785],
							"size": [0.57, 0.57, 0.57],
							"uv": {
								"north": {"uv": [6, 0], "uv_size": [1, 1]},
								"east": {"uv": [6, 0], "uv_size": [1, 1]},
								"south": {"uv": [6, 0], "uv_size": [1, 1]},
								"west": {"uv": [6, 0], "uv_size": [1, 1]},
								"up": {"uv": [7, 1], "uv_size": [-1, -1]},
								"down": {"uv": [7, 1], "uv_size": [-1, -1]}
							}
						}
					]
				}
			]
		}
	]
}