{
	"format_version" : "1.17.30",
	"animation_controllers" : {
	"controller.animation.crucifix": {
	"initial_state": "default",
	"states": {
	"default": {
	"animations": [
				"default"
			], 
		"transitions": [{
							"success": "query.variant==0"
						 },
						{
							"fail": "query.variant==1"
						 }
		],
		"blend_transition": 0.0
	  },
		"success": {
		"animations": [
				"success"
			],
		"transitions": [{
							"fail": "query.variant==1"
						 }
		],
		"blend_transition": 0.0
	  },
	  "fail": {
		"animations": [
			"fail"
		],
		"transitions": [{
				"default": "query.any_animation_finished"
		}
		],
		"blend_transition": 0.0   
	}
                  }
                }
			}
		}