{
	"format_version" : "1.17.30",
	"animation_controllers" : {
	"controller.animation.ic_flashlight": {
	"initial_state": "default",
	"states": {
		"default": {
		"animations": [
				"close"
			],
		"transitions": [{
							"ic_ignite": "query.is_item_name_any('slot.armor.head','minecraft:stone')"
						 }
		],
		"blend_transition": 0.2
	  },
	  "ic_ignite": {
		"animations": [
			"open"
		],
		"transitions": [{
				"default": "!query.is_item_name_any('slot.armor.head','minecraft:stone')"
		}
		],
		"blend_transition": 0.2   
	}
                  }
                },
                "controller.animation.ic_gummy_flashlight": {
	"initial_state": "default",
	"states": {
		"default": {
		"animations": [
				"close"
			],
		"transitions": [{
							"ic_ignite": "query.is_item_name_any('slot.armor.head','minecraft:cobblestone')"
						 }
		],
		"blend_transition": 0.2
	  },
	  "ic_ignite": {
		"animations": [
			"open"
		],
		"transitions": [{
				"default": "!query.is_item_name_any('slot.armor.head','minecraft:cobblestone')"
		}
		],
		"blend_transition": 0.2   
	}
                  }
                } 
			}
		}