{
	"format_version": "1.8.0",
	"animations": {
		"animation.ic_crucifix_extended.default": {
			"loop": true,
			"animation_length": 1.5,
			"bones": {
				"bone3": {
					"rotation": {
						"0.0": [0, 0, 0],
						"1.5": [0, 0, 270]
					},
					"scale": {
						"0.0": {
							"post": [1, 1, 1],
							"lerp_mode": "catmullrom"
						},
						"0.75": {
							"post": [1.2, 1.2, 1],
							"lerp_mode": "catmullrom"
						},
						"1.5": {
							"post": [1, 1, 1],
							"lerp_mode": "catmullrom"
						}
					}
				}
			}
		}
	}
}