{
   "format_version": "1.10.0",
   "animation_controllers": {
      "controller.animation.look_see": {
         "states": {
            "default": {
               "transitions": [
                  {
                     "see": "(1.0)"
                  }
               ],
               "on_entry": [
                  "/tp @s @e[type=doors:eyes,c=1]"
               ]
            },
            "see": {
               "transitions": [
                  {
                     "default": "(1.0)"
                  }
               ],
               "on_entry": []
            }
         }
      },
      "controller.animation.eyes_sound": {
         "states": {
            "default": {
               "transitions": [
                  {
                     "sound": "(1.0)"
                  }
               ],
               "on_entry": [
                  "/playsound mob.eyes.idle @a[r=10]"
               ]
            },
            "sound": {
               "transitions": [
                  {
                     "default": "(1.0)"
                  }
               ],
               "on_entry": [
                  "/playsound mob.eyes.idle @a[r=5]",
                  "/execute @e[type=r:eyes_target] ~~~ kill @e[type=r:stare]"
               ]
            }
         }
      },
      "controller.animation.eyes_look": {
         "states": {
            "default": {
               "on_entry": [],
               "transitions": [
                  {
                     "look": "query.has_target"
                  }
               ]
            },
            "look": {
               "on_entry": [
                  "/function hurt",
                  "/summon r:look_pro"
               ],
               "transitions": [
                  {
                     "default": "!query.has_target"
                  }
               ]
            }
         }
      }
   }
}