{
   "format_version": "1.10.0",
   "animation_controllers": {
      "controller.animation.figure_grab": {
         "states": {
            "default": {
               "transitions": [
                  {
                     "grab": "(1.0)"
                  }
               ],
               "on_entry": []
            },
            "grab": {
               "transitions": [
                  {
                     "default": "(1.0)"
                  }
               ],
               "on_entry": [
                  "/execute @e[type=r:grabbed] ~~~ effect @e[type=!doors:figure,r=2] slowness 1 6 true",
                  "/execute @e[type=r:grabbed] ~~~ effect @e[type=!doors:figure,r=2] blindness 5",
                  "/execute @s ~ ~2 ~ tp @e[type=!r:grabbed,type=!r:grabbed2,type=!r:grab_new,type=!doors:figure3,type=!doors:figure4,type=!doors:figure2,type=!doors:figure,type=!doors:rush,type=!doors:ambush,type=!doors:windows,type=!doors:shadow,type=!doors:seek_eye,type=!doors:seek_hand,type=!doors:guiding_light,type=!doors:depth,type=!doors:glitch,type=!doors:greed,type=!doors:screech,type=!doors:silence,type=!doors:halt,type=!doors:timothy,type=!r:light,type=!doors:eyes,type=!doors:jack,type=!doors:closet,type=!doors:title,type=!doors:seek_s,type=!doors:seek,type=!r:figurekill,type=!item,type=!arrow,c=1,r=5] ^ ^0.5 ^1 facing @s",
                  "/tp @e[type=!doors:seek,r=2] ~~~ facing @e[type=doors:figure]",
                  "/tp @e[type=!doors:seek,r=2] ~~~ facing @e[type=doors:figure3]",
                  "/tp @e[type=!doors:seek,r=2] ~~~ facing @e[type=doors:figure4]",
                  "/tp @e[type=doors:figure,r=2] ~~~ facing @p",
                  "/tp @e[type=doors:figure3,r=2] ~~~ facing @p",
                  "/tp @e[type=doors:figure4,r=2] ~~~ facing @p",
                  "/execute @e[type=r:grabbed] ~~~ effect @e[type=doors:figure,c=1] slowness 1 25 true"
               ]
            }
         }
      },
      "controller.animation.figure2_grab": {
         "states": {
            "default": {
               "transitions": [
                  {
                     "grab": "(1.0)"
                  }
               ],
               "on_entry": []
            },
            "grab": {
               "transitions": [
                  {
                     "default": "(1.0)"
                  }
               ],
               "on_entry": [
                  "/execute @e[type=r:grabbed2] ~~~ effect @e[type=!doors:figure2,r=2] slowness 1 6 true",
                  "/execute @e[type=r:grabbed2] ~~~ effect @e[type=!doors:figure2,r=2] blindness 5",
                  "/execute @s ~ ~2 ~ tp @e[type=!r:grabbed,type=!r:grabbed2,type=!r:grab_new,type=!doors:figure3,type=!doors:figure4,type=!doors:figure2,type=!doors:figure,type=!doors:rush,type=!doors:ambush,type=!doors:windows,type=!doors:shadow,type=!doors:seek_eye,type=!doors:seek_hand,type=!doors:guiding_light,type=!doors:depth,type=!doors:glitch,type=!doors:greed,type=!doors:screech,type=!doors:silence,type=!doors:halt,type=!doors:timothy,type=!r:light,type=!doors:eyes,type=!doors:jack,type=!doors:closet,type=!doors:title,type=!doors:seek_s,type=!doors:seek,type=!r:figurekill,type=!item,type=!arrow,c=1,r=5] ^ ^0.5 ^1 facing @s",
                  "/execute @e[type=r:grabbed2] ~~~ effect @e[type=doors:figure2,c=1] slowness 1 25 true",
                  "/tp @e[type=doors:figure2,r=2] ~~~ facing @p",
                  "/tp @e[type=!doors:seek,r=2] ~~~ facing @e[type=doors:figure2]"
               ]
            }
         }
      },
      "controller.animation.figure_tp": {
         "states": {
            "default": {
               "transitions": [
                  {
                     "tp": "(1.0)"
                  }
               ],
               "on_entry": [
                  "/tp @e[type=r:grabbed] @e[type=doors:figure,r=2] ~ ~1 ~",
                  "/tp @e[type=r:figurekill] @e[type=doors:figure,r=2]"
               ]
            },
            "tp": {
               "transitions": [
                  {
                     "default": "(1.0)"
                  }
               ],
               "on_entry": []
            }
         }
      },
      "controller.animation.figure_tp2": {
         "states": {
            "default": {
               "transitions": [
                  {
                     "tp2": "(1.0)"
                  }
               ],
               "on_entry": [
                  "/tp @e[type=r:grabbed2] @e[type=doors:figure2,r=2] ~ ~1 ~",
                  "/tp @e[type=r:figure_light] @e[type=doors:figure2,r=2] ~ ~1 ~",
                  "/tp @e[type=r:figurekill] @e[type=doors:figure2,r=2]"
               ]
            },
            "tp2": {
               "transitions": [
                  {
                     "default": "(1.0)"
                  }
               ],
               "on_entry": []
            }
         }
      },
      "controller.animation.figure_kill": {
         "states": {
            "default": {
               "transitions": [
                  {
                     "kill": "(1.0)"
                  }
               ],
               "on_entry": []
            },
            "kill": {
               "transitions": [
                  {
                     "default": "(1.0)"
                  }
               ],
               "on_entry": [
                  "/tp @e[type=r:grabbed] @e[type=doors:figure,r=2]",
                  "/tp @e[type=r:grabbed2] @e[type=doors:figure2,r=2]",
                  "/tp @e[type=r:grab_new] @e[type=doors:figure3,r=2]",
                  "/tp @e[type=r:grab_new] @e[type=doors:figure4,r=2]",
                  "/kill @e[type=!doors:figure,type=!doors:figure2,type=!doors:seek,type=!doors:seek_s,type=!doors:eyes,type=!doors:rush,type=!doors:ambush,type=!doors:screech,type=!doors:shadow,type=!doors:timothy,type=!doors:depth,type=!doors:greed,type=!doors:silence,type=!doors:seek_eye,type=!doors:seek_hand,type=!doors:guiding_light,type=!r:light,type=!doors:shadow,type=!doors:windows,type=!doors:timothy,type=!doors:glitch,type=!r:grab_new,type=!doors:figure3,type=!doors:closet,type=!doors:title,type=!doors:figure4,type=!r:shake,type=!doors:jack,r=2]"
               ]
            }
         }
      },
      "controller.animation.figure_see": {
         "states": {
            "default": {
               "on_entry": [
                  "/execute @s ~~~ playanimation @e[type=!doors:seek,type=!doors:seek_s,type=!doors:jack,type=!doors:rush,type=!doors:eyes,r=3] animation.figure.jumpscare"
               ],
               "transitions": [
                  {
                     "see": "query.has_target"
                  }
               ]
            },
            "see": {
               "on_entry": [],
               "transitions": [
                  {
                     "default": "!query.has_target"
                  }
               ]
            }
         }
      },
      "controller.animation.figure2_see": {
         "states": {
            "default": {
               "on_entry": [
                  "/execute @s ~~~ playanimation @e[type=!doors:seek,type=!doors:figure,type=!doors:seek_s,type=!doors:jack,type=!doors:rush,type=!doors:eyes,r=3] animation.figure.jumpscare",
                  "/summon r:figure_light"
               ],
               "transitions": [
                  {
                     "see": "query.has_target"
                  }
               ]
            },
            "see": {
               "on_entry": [],
               "transitions": [
                  {
                     "default": "!query.has_target"
                  }
               ]
            }
         }
      },
      "controller.animation.figure2_see2": {
         "states": {
            "default": {
               "on_entry": [
                  "/camerashake add @a 0.2 1 positional",
                  "/playsound mob.figure.roar @a"
               ],
               "transitions": [
                  {
                     "see2": "query.has_target"
                  }
               ]
            },
            "see2": {
               "on_entry": [],
               "transitions": [
                  {
                     "default": "!query.has_target"
                  }
               ]
            }
         }
      },
      "controller.animation.figure_see2": {
         "states": {
            "default": {
               "on_entry": [
                  "/camerashake add @a 0.2 1 positional",
                  "/playsound mob.figure.roar @a"
               ],
               "transitions": [
                  {
                     "see2": "query.has_target"
                  }
               ]
            },
            "see2": {
               "on_entry": [],
               "transitions": [
                  {
                     "default": "!query.has_target"
                  }
               ]
            }
         }
      },
      "controller.animation.figure_roar": {
         "states": {
            "default": {
               "on_entry": [
                  "/camerashake add @a 0.2 1 positional"
               ],
               "transitions": [
                  {
                     "roar": "query.is_roaring"
                  }
               ]
            },
            "roar": {
               "on_entry": [
                  "/playsound mob.figure.roar @a"
               ],
               "transitions": [
                  {
                     "default": "query.is_roaring"
                  }
               ]
            }
         }
      },
      "controller.animation.figure_roar2": {
         "states": {
            "default": {
               "on_entry": [
                  "/camerashake add @a 0.2 1 positional"
               ],
               "transitions": [
                  {
                     "roar2": "query.is_roaring"
                  }
               ]
            },
            "roar2": {
               "on_entry": [
                  "/playsound mob.figure.roar @a"
               ],
               "transitions": [
                  {
                     "default": "query.is_roaring"
                  }
               ]
            }
         }
      },
      "controller.animation.figure_near": {
         "initial_state": "default",
         "states": {
            "default": {
               "transitions": [
                  {
                     "on_timer": "query.is_moving"
                  },
                  {
                     "off_timer": "!query.is_moving"
                  }
               ]
            },
            "on_timer": {
               "animations": [
                  "figure_step"
               ],
               "transitions": [
                  {
                     "on": "!query.is_moving"
                  }
               ],
               "on_entry": [
                  "@s minecraft:dam_dap"
               ]
            },
            "on": {
               "transitions": [
                  {
                     "off_timer": "!query.is_moving"
                  }
               ]
            },
            "off_timer": {
               "animations": [
                  "figure_step"
               ],
               "transitions": [
                  {
                     "off": "!query.is_moving"
                  }
               ],
               "on_entry": [
                  "@s minecraft:no_dam_dap"
               ]
            },
            "off": {
               "transitions": [
                  {
                     "on_timer": "query.is_moving"
                  }
               ]
            }
         }
      }
   }
}