{
   "format_version": "1.10.0",
   "animation_controllers": {
      "controller.animation.glitch_see": {
         "states": {
            "default": {
               "on_entry": [
                  "/tp @s @e[type=r:glitch_clip]"
               ],
               "transitions": [
                  {
                     "see": "query.has_target"
                  }
               ]
            },
            "see": {
               "on_entry": [
                  "/playsound mob.glitch.error @a"
               ],
               "transitions": [
                  {
                     "default": "!query.has_target"
                  }
               ]
            }
         }
      },
      "controller.animation.glitch_attack": {
         "states": {
            "attack": {
               "on_entry": [
                  "/event entity @e[type=doors:glitch] minecraft:remove",
                  "/tp @a @e[type=r:glitch_clip2]",
                  "/damage @a 3 entity_attack",
                  "/playsound mob.glitch.error @a",
                  "/kill @e[type=r:glitch_clip2]"
               ],
               "transitions": [
                  {
                     "default": "variable.attack_time > 0"
                  }
               ]
            },
            "default": {
               "on_entry": [],
               "transitions": [
                  {
                     "attack": "variable.attack_time > 0"
                  }
               ]
            }
         }
      }
   }
}