{
   "format_version": "1.10.0",
   "animation_controllers": {
      "controller.animation.guiding_light": {
         "states": {
            "default": {
               "transitions": [
                  {
                     "light": "(1.0)"
                  }
               ],
               "on_entry": [
                  "/particle r:guide_light ~ ~ ~"
               ]
            },
            "light": {
               "transitions": [
                  {
                     "default": "(1.0)"
                  }
               ],
               "on_entry": []
            }
         }
      },
      "controller.animation.light_appear": {
         "states": {
            "default": {
               "on_entry": [
                  "/execute @s ~ ~ ~ fill ~ ~ ~ ~ ~ ~ light_block",
                  "/title @a actionbar §l§bGuiding Light has appear"
               ],
               "transitions": [
                  {
                     "appear": "query.has_target"
                  }
               ]
            },
            "appear": {
               "on_entry": [],
               "transitions": [
                  {
                     "default": "!query.has_target"
                  }
               ]
            }
         }
      }
   }
}