{
   "animation_controllers": {
      "controller.animation.screech_attack": {
         "states": {
            "attack": {
               "on_entry": [
                  "/playsound mob.screech.attack @a"
               ],
               "transitions": [
                  {
                     "default": "variable.attack_time > 0"
                  }
               ]
            },
            "default": {
               "on_entry": [
                  "/playanimation @e[type=!player,r=2] animation.screech.attack",
                  "/playsound mob.screech.attack @a",
                  "/tp @e[type=!doors:shadow,r=2] ~~~ facing @e[type=doors:screech]",
                  "/tp @e[type=doors:screech,r=2] ~~~ facing @p",
                  "/effect @e[type=!doors:screech,r=2] blindness 5",
                  "/effect @e[type=!doors:screech,r=2] nausea 5"
               ],
               "transitions": [
                  {
                     "attack": "variable.attack_time > 0"
                  }
               ]
            }
         }
      },
      "controller.animation.screech_gone": {
         "states": {
            "default": {
               "on_entry": [
                  "/event entity @e[type=doors:screech,r=2] minecraft:remove"
               ],
               "transitions": [
                  {
                     "gone": "(1.0)"
                  }
               ]
            },
            "gone": {
               "on_entry": [],
               "transitions": [
                  {
                     "default": "(1.0)"
                  }
               ]
            }
         }
      },
      "controller.animation.screech_look": {
         "states": {
            "default": {
               "on_entry": [
                  "/playsound mob.screech.psst @a"
               ],
               "transitions": [
                  {
                     "look": "query.has_target"
                  }
               ]
            },
            "look": {
               "on_entry": [
                  "/function scream"
               ],
               "transitions": [
                  {
                     "default": "!query.has_target"
                  }
               ]
            }
         }
      },
      "controller.animation.screech_see": {
         "states": {
            "default": {
               "on_entry": [],
               "transitions": [
                  {
                     "see": "query.has_target"
                  }
               ]
            },
            "see": {
               "on_entry": [
                  "/summon r:attack",
                  "/tp @e[type=!doors:shadow,r=2] ~~~ facing @e[type=doors:screech]",
                  "/tp @e[type=doors:screech,r=2] ~~~ facing @p"
               ],
               "transitions": [
                  {
                     "default": "!query.has_target"
                  }
               ]
            }
         }
      },
      "controller.animation.screech_tp": {
         "states": {
            "default": {
               "on_entry": [
                  "/execute @e[type=r:attack] ~~~ tp @e[type=doors:screech,r=3] @p"
               ],
               "transitions": [
                  {
                     "tp": "(1.0)"
                  }
               ]
            },
            "tp": {
               "on_entry": [
                  "/tp @e[type=r:attack,r=2] @p",
                  "/tp @e[type=r:psst,r=2] @e[type=doors:screech]"
               ],
               "transitions": [
                  {
                     "default": "(1.0)"
                  }
               ]
            }
         }
      }
   },
   "format_version": "1.10.0"
}