{
   "format_version": "1.10.0",
   "animation_controllers": {
      "controller.animation.seek_see": {
         "states": {
            "default": {
               "on_entry": [
                  "/stopsound mob.seek.chase @a"
               ],
               "transitions": [
                  {
                     "see": "query.has_target"
                  }
               ]
            },
            "see": {
               "on_entry": [
                  "/playsound mob.seek.chase @a",
                  "/playsound mob.seek.scream_far @a"
               ],
               "transitions": [
                  {
                     "default": "!query.has_target"
                  }
               ]
            }
         }
      },
      "controller.animation.seek_eye_spot": {
         "states": {
            "default": {
               "on_entry": [
                  "/effect @a blindness 1 2 true",
                  "/effect @a darkness 6",
                  "/tp @s ~~~ facing @p",
                  "/tp @s ~~~ facing @p",
                  "/tp @s ~~~ facing @p",
                  "/effect @e[type=doors:seek_eye] instant_health 10000 255 true",
                  "/playsound mob.seek.scream_far @a"
               ],
               "transitions": [
                  {
                     "spot": "query.has_target"
                  }
               ]
            },
            "spot": {
               "on_entry": [],
               "transitions": [
                  {
                     "default": "!query.has_target"
                  }
               ]
            }
         }
      }
   }
}