{
   "format_version": "1.10.0",
   "animation_controllers": {
      "controller.animation.silence_jumpscare": {
         "states": {
            "default": {
               "transitions": [
                  {
                     "jumpscare": "(1.0)"
                  }
               ],
               "on_entry": []
            },
            "jumpscare": {
               "transitions": [
                  {
                     "default": "(1.0)"
                  }
               ],
               "on_entry": [
                  "/execute @e[type=r:quiet_jumpscare] ~~~ effect @e[type=!doors:silence,r=2] slowness 1 6 true",
                  "/execute @e[type=r:quiet_jumpscare]~~~ effect @e[type=!doors:silence,r=2] blindness 5",
                  "/execute @s ~ ~ ~2 tp @e[type=!r:grabbed,type=!doors:ambush,type=!r:ambush_jumpscare,type=!r:quiet_jumpscare,type=!doors:silence,type=!r:depth_jumpscare,type=!r:rush_jumpscare,type=!r:grabbed2,type=!r:grab_new,type=!doors:figure3,type=!doors:figure4,type=!doors:figure2,type=!doors:figure,type=!doors:rush,type=!doors:eyes,type=!doors:jack,type=!doors:closet,type=!doors:title,type=!doors:seek_s,type=!doors:depth,type=!doors:greed,type=!r:greed_jumpscare,type=!doors:seek,type=!r:figurekill,type=!item,type=!arrow,c=1,r=5] ^ ^0.5 ^1 facing @s",
                  "/tp @e[type=!doors:shadow,r=2] ~~~ facing @e[type=doors:silence]",
                  "/tp @e[type=doors:silence,r=2] ~~~ facing @p"
               ]
            }
         }
      },
      "controller.animation.silence_see": {
         "states": {
            "default": {
               "on_entry": [
                  "/execute @s ~~~ playanimation @e[type=!doors:seek,type=!doors:rush,type=!doors:seek_s,type=!doors:jack,type=!doors:screech,type=!doors:eyes,r=3] animation.ambush.attack",
                  "/playsound mob.silence.kill @a"
               ],
               "transitions": [
                  {
                     "see": "query.has_target"
                  }
               ]
            },
            "see": {
               "on_entry": [],
               "transitions": [
                  {
                     "default": "!query.has_target"
                  }
               ]
            }
         }
      }
   }
}