{
   "format_version": "1.10.0",
   "animation_controllers": {
      "controller.animation.hide_attack": {
         "states": {
            "attack": {
               "on_entry": [
                  "/event entity @e[type=doors:ambush,r=2] minecraft:remove",
                  "/event entity @e[type=doors:rush,r=2] minecraft:remove",
                  "/event entity @e[type=doors:depth,r=2] minecraft:remove"
               ],
               "transitions": [
                  {
                     "default": "variable.attack_time > 0"
                  }
               ]
            },
            "default": {
               "on_entry": [],
               "transitions": [
                  {
                     "attack": "variable.attack_time > 0"
                  }
               ]
            }
         }
      },
      "controller.animation.hide_vanish": {
         "states": {
            "default": {
               "transitions": [
                  {
                     "vanish": "(1.0)"
                  }
               ],
               "on_entry": [
                  "/event entity @e[type=doors:ambush,r=8] minecraft:remove",
                  "/event entity @e[type=doors:rush,r=8] minecraft:remove",
                  "/event entity @e[type=doors:rush,r=8] minecraft:remove"
               ]
            },
            "vanish": {
               "transitions": [
                  {
                     "default": "(1.0)"
                  }
               ],
               "on_entry": []
            }
         }
      }
   }
}