{
	"format_version": "1.10.0",
	"animation_controllers": {
	"controller.animation.candle_warning": {
		"initial_state": "default",
		"states": {
		  "default": {
			"transitions": [
			  {
				"warn": "q.count(query.get_nearby_entities(10, 'ic:screech')) > 0"
			  }
			]
		  },
		  "warn": {
			"animations": [
			    "candle_warn",
			"candle_warn2"
			 ], 
			"transitions": [
			  {
				"default": "q.count(query.get_nearby_entities(10, 'ic:screech')) <= 0"
			  }
			]
		  }
		}
	  } ,
	"controller.animation.candle_warning2": {
		"initial_state": "default",
		"states": {
		  "default": {
			"transitions": [
			  {
				"warn": "q.count(query.get_nearby_entities(15, 'ic:eyes')) > 0"
			  }
			]
		  },
		  "warn": {
			"animations": [
			    "candle_warn",
			"candle_warn2"
			 ], 
			"transitions": [
			  {
				"default": "q.count(query.get_nearby_entities(15, 'ic:eyes')) <= 0"
			  }
			]
		  }
		}
	  } ,
	"controller.animation.candle_warning3": {
		"initial_state": "default",
		"states": {
		  "default": {
			"transitions": [
			  {
				"warn": "q.count(query.get_nearby_entities(25, 'ic:rush')) > 0"
			  }
			]
		  },
		  "warn": {
			"animations": [
			    "candle_warn",
			"candle_warn2"
			 ], 
			"transitions": [
			  {
				"default": "q.count(query.get_nearby_entities(25, 'ic:rush')) <= 0"
			  }
			]
		  }
		}
	  } ,
	"controller.animation.candle_controller": {
		"initial_state": "default",
		"states": {
		  "default": {
		"animations": [
			    "lighter_off"
			 ], 
			"transitions": [
			  {
				"ignite": "query.is_item_name_any('slot.armor.head','minecraft:sand')"
			  }
			]
		  },
		  "ignite": {
			"animations": [
			    "lighter_on"
			 ], 
			"transitions": [
			  {
				"default": "!query.is_item_name_any('slot.armor.head','minecraft:sand') || !query.is_item_name_any('slot.weapon.mainhand','ic:candle')"
			  }
			]
		  }
		}
	  } 
	}
}