{
	"format_version": "1.10.0",
	"animation_controllers": {
	"controller.animation.gummy_flashlight_recharge": {
		"initial_state": "default",
		"states": {
		  "default": {
			"transitions": [
			  {
				"recharge_1": "query.is_item_name_any('slot.armor.feet','minecraft:iron_boots')"
			  }
			]
		  },
		  "recharge_1": {
			"animations": [
			    "recharge"
			 ], 
			"transitions": [
			  {
				"default": "!query.is_item_name_any('slot.armor.feet','minecraft:iron_boots') || !query.is_item_name_any('slot.weapon.mainhand','ic:gummy_flashlight')"
			  }
			]
		  }
		}
	  } ,
	"controller.animation.gummy_flashlight_controller": {
		"initial_state": "default",
		"states": {
		  "default": {
		"animations": [
			    "flashlight_off"
			 ], 
			"transitions": [
			  {
				"shine": "query.is_item_name_any('slot.armor.head','minecraft:cobblestone')"
			  }
			]
		  },
		  "shine": {
			"animations": [
			    "flashlight_on"
			 ], 
			"transitions": [
			  {
				"default": "!query.is_item_name_any('slot.armor.head','minecraft:cobblestone') || !query.is_item_name_any('slot.weapon.mainhand','ic:gummy_flashlight')"
			  }
			]
		  }
		}
	  } 
	}
}