{
	"format_version": "1.10.0",
	"animation_controllers": {
	"controller.animation.jack_mechanics": {
		"initial_state": "default",
		"states": {
		  "default": {
			"transitions": [
			  {
				"jack_appear": "query.has_rider"
			  }
			]
		  },
		  "jack_appear": {
		"on_entry": [
             "variable.random = math.random_integer(0,10);"
                        ],  
			"animations": [
			    {"jack_chance" : "variable.random ==1"},
			{"jack_offset" : "variable.random !=1"}
			 ], 
			"transitions": [
			  {
				"wait": "query.any_animation_finished"
			  }
			]
		  },
		"wait": {
			"transitions": [
			  {
				"default": "!query.has_rider"
			  }
			]
		  } 
		}
	  } ,
	"controller.animation.hide_mechanics": {
		"initial_state": "default",
		"states": {
		  "default": {
			"transitions": [
			  {
				"hide": "query.has_rider"
			  }
			]
		  },
		  "hide": {
			"animations": [
			    "exit"
			 ], 
			"transitions": [
			  {
				"default": "!query.has_rider"
			  }
			]
		  }
		}
	  } 
	}
}