{
  "format_version": "1.10.0",
  "minecraft:client_entity": {
    "description": {
      "identifier": "ic:a60",
      "textures": {
        "default": "textures/entity/ic_A60"
      },
      "materials": {
        "default": "entity_emissive_alpha",
        "glow": "entity_beam_additive"
      },
      "geometry": {
        "default": "geometry.ic_A60"
      },
      "sound_effects": {
        "ambient_far": "mob.a60.ambient_far",
        "ambient_close": "mob.a60.ambient_close"
      },
      "particle_effects": {
        "a60_particle": "ic:a60_particle"
      },
      "spawn_egg": {
        "texture": "ic:a60",
        "texture_index": 0
      },
      "render_controllers": [
        "controller.render.eyes"
      ],
      "animations": {
        "idle": "animation.ic_A60.default",
        "far": "animation.a60.far",
        "close": "animation.a60.close"
      },
      "scripts": {
      "should_update_bones_and_effects_offscreen": true,
        "animate": [
        { "idle": "!query.is_riding"},
        "far",
        "close"
        ]
      }
    }
  }
}