{
  "format_version": "1.10.0",
  "minecraft:client_entity": {
    "description": {
      "identifier": "ic:ambush",
      "textures": {
        "default": "textures/entity/ic_ambush"
      },
      "materials": {
        "default": "entity_emissive_alpha",
        "glow": "entity_beam_additive" 
      },
      "geometry": {
        "default": "geometry.ic_ambush"
      },
      "sound_effects": {
        "ambient_far": "mob.ambush.ambient_far",
        "ambient_close": "mob.ambush.ambient_close"
      },
      "particle_effects": {
        "ambush_particle": "ic:ambush_particle"
      },
      "spawn_egg": {
        "texture": "ic:ambush",
        "texture_index": 0
      },
      "render_controllers": [
        "controller.render.eyes"
      ],
      "animations": {
        "idle": "animation.ambush.stationary",
        "far": "animation.ambush.far",
        "close": "animation.ambush.close",
        "banish": "animation.ic_entity.banished"
      },
      "scripts": {
      "should_update_bones_and_effects_offscreen": true,
        "animate": [
       { "idle": "!query.is_riding"},
        "far",
        "close",
        {"banish" : "query.is_riding"}
        ]
      }
    }
  }
}