{
  "format_version": "1.10.0",
  "minecraft:client_entity": {
    "description": {
      "identifier": "ic:figure_dead",
      "textures": {
        "default": "textures/entity/ic_figure"
      },
      "materials": {
        "default": "entity_emissive_alpha"
      },
      "geometry": {
        "default": "geometry.ic_figure"
      },
      "sound_effects": {
        "roar": "mob.figure.roar",
        "growl": "mob.figure.jumpscare",
        "step_1": "mob.figure.step_1",
        "step_2": "mob.figure.step_2" 
      },
      "render_controllers": [
        "controller.render.default"
      ],
      "animations": {
        "dead" : "animation.ic_figure.death"
      },
      "scripts": {
      "should_update_bones_and_effects_offscreen": true,
        "animate": [
        "dead"
        ]
      }
    }
  }
}