{
  "format_version": "1.10.0",
  "minecraft:client_entity": {
    "description": {
      "identifier": "ic:rift_itemholder",
      "textures": {
        "default": "textures/entity/ic_rift_itemholder"
      },
      "materials": {
        "default": "entity_alphatest",
        "glow": "entity_beam_additive" 
      },
      "geometry": {
        "default": "geometry.ic_rift_itemholder"
      },
      "render_controllers": [
        "controller.render.rift_itemholder"
      ],
      "animations": {
        "idle": "animation.ic_rift.default"
      },
      "scripts": {
      "should_update_bones_and_effects_offscreen": true,
        "animate": [
        "idle"
        ]
      },
        "enable_attachables":  true
    }
  }
}