{
  "format_version": "1.10.0",
  "minecraft:client_entity": {
    "description": {
      "identifier": "ic:seek_dead",
      "textures": {
        "default": "textures/entity/ic_seek"
      },
      "materials": {
        "default": "entity_emissive_alpha"
      },
      "geometry": {
        "default": "geometry.ic_seek_spawn"
      },
      "render_controllers": [
        "controller.render.default"
      ],
      "spawn_egg": {
        "texture": "ic:seek",
        "texture_index": 0
      },
      "animations": {
        "dead": "animation.ic_seek_death"
      },
      "scripts": {
        "animate": [
        "dead"
        ]
      }
    }
  }
}