{
  "format_version": "1.10.0",
  "minecraft:client_entity": {
    "description": {
      "identifier": "ic:snare",
      "textures": {
        "default": "textures/entity/ic_snare"
      },
      "materials": {
        "default": "entity_emissive_alpha"
      },
      "geometry": {
        "default": "geometry.ic_snare"
      },
      "render_controllers": [
        "controller.render.default"
      ],
      "spawn_egg": {
        "texture": "ic:snare",
        "texture_index": 0
      },
      "animations": {
        "jumpscare": "animation.ic_snare.trigger", 
        "snare_controls" : "controller.animation.snare"
      },
      "scripts": {
        "animate": [
          "snare_controls"
        ]
      }
    }
  }
}