{
  "format_version": "1.10.0",
  "minecraft:client_entity": {
    "description": {
      "identifier": "ic:timothy",
      "textures": {
        "default": "textures/entity/ic_timothy"
      },
      "materials": {
        "default": "entity_emissive_alpha"
      },
      "geometry": {
        "default": "geometry.ic_timothy"
      },
      "render_controllers": [
        "controller.render.default"
      ],
      "spawn_egg": {
        "texture": "ic:timothy",
        "texture_index": 0
      },
      "animations": {
        "walk": "animation.ic_timothy.move",
        "jumpscare": "animation.ic_timothy.jumpscare", 
        "timothy_controls" : "controller.animation.timothy"
      },
      "scripts": {
        "animate": [
          "timothy_controls"
        ]
      }
    }
  }
}