{
   "format_version": "1.10.0",
   "minecraft:client_entity": {
      "description": {
         "identifier": "doors:eyes",
         "materials": {
            "default": "spider"
         },
         "textures": {
            "default": "textures/entity/eyes"
         },
         "animations": {
            "moving": "animation.eyes.moving",
            "eyes_general": "animation.eyes.general",
            "attack": "animation.eyes.attack",
            "look_at_target": "animation.common.look_at_target",
            "move": "controller.animation.eyes.move",
            "general": "controller.animation.eyes.general",
            "attack": "controller.animation.eyes.attack"
         },
         "scripts": {
            "animate": [
               "move",
               "general",
               "attack"
            ],
            "pre_animation": [
               "variable.attack = Math.sin(variable.attack_time * 30.0);"
            ]
         },
         "geometry": {
            "default": "geometry.eyes"
         },
         "render_controllers": [
            "controller.render.default"
         ],
         "particle_effects": {
            "spell": "r:eyes",
            "spell2": "r:eyes2"
         },
         "spawn_egg": {
            "texture": "eyes",
            "texture_index": 0
         }
      }
   }
}