{
   "format_version": "1.10.0",
   "minecraft:client_entity": {
      "description": {
         "identifier": "r:jack",
         "materials": {
            "default": "spider"
         },
         "textures": {
            "default": "textures/entity/jack"
         },
         "animations": {
            "moving": "animation.rush.moving",
            "rush_general": "animation.rush.general",
            "attack1": "animation.rush.attack1",
            "running": "animation.rush.running",
            "jumpscare": "animation.rush.jumpscare",
            "look_at_target": "animation.common.look_at_target",
            "move": "controller.animation.rush.move",
            "general": "controller.animation.rush.general",
            "attack": "controller.animation.rush.attack"
         },
         "scripts": {
            "animate": [
               "move",
               "general",
               "attack"
            ],
            "pre_animation": [
               "variable.attack = Math.sin(variable.attack_time * 30.0);"
            ]
         },
         "geometry": {
            "default": "geometry.jack"
         },
         "render_controllers": [
            "controller.render.default"
         ],
         "spawn_egg": {
            "texture": "jack",
            "texture_index": 0
         }
      }
   }
}