{
   "format_version": "1.10.0",
   "minecraft:client_entity": {
      "description": {
         "identifier": "doors:shadow",
         "materials": {
            "default": "enderman"
         },
         "textures": {
            "default": "textures/entity/shadow"
         },
         "geometry": {
            "default": "geometry.shadow"
         },
         "render_controllers": [
            "controller.render.skeleton"
         ],
         "spawn_egg": {
            "texture": "shadow",
            "texture_index": 0
         }
      }
   }
}