{
	"format_version": "1.12.0",
	"minecraft:geometry": [
		{
			"description": {
				"identifier": "geometry.ic_ambush",
				"texture_width": 128,
				"texture_height": 128,
				"visible_bounds_width": 10,
				"visible_bounds_height": 10,
				"visible_bounds_offset": [0, 2, 0]
			},
			"bones": [
				{
					"name": "root",
					"pivot": [0, 0, 0],
					"locators": {
						"trail": {
							"offset": [0, -1, 0],
							"rotation": [0, 90, 0]
						}
					}
				},
				{
					"name": "glow",
					"parent": "root",
					"pivot": [0, 0, 0],
					"cubes": [
						{
							"origin": [-25.6244, 0.05, -25.6244],
							"size": [51.2488, 0, 51.2488],
							"uv": {
								"north": {"uv": [31, 127], "uv_size": [47, 0]},
								"east": {"uv": [-16, 127], "uv_size": [47, 0]},
								"south": {"uv": [125, 127], "uv_size": [47, 0]},
								"west": {"uv": [78, 127], "uv_size": [47, 0]},
								"up": {"uv": [31, 80], "uv_size": [47, 47]},
								"down": {"uv": [78, 127], "uv_size": [47, -47]}
							}
						},
						{
							"origin": [-26.5, 32, -7.5],
							"size": [54, 0, 61],
							"pivot": [0, 42, 11],
							"rotation": [-90, 0, 0],
							"uv": {
								"north": {"uv": [31, 127], "uv_size": [47, 0]},
								"east": {"uv": [-16, 127], "uv_size": [47, 0]},
								"south": {"uv": [125, 127], "uv_size": [47, 0]},
								"west": {"uv": [78, 127], "uv_size": [47, 0]},
								"up": {"uv": [81, 33], "uv_size": [47, 47]},
								"down": {"uv": [78, 127], "uv_size": [47, -47]}
							}
						}
					]
				},
				{
					"name": "main",
					"parent": "root",
					"pivot": [0, 0, 0],
					"cubes": [
						{"origin": [-20, 3, 0], "size": [40, 48, 0], "uv": [0, 0], "mirror": true}
					]
				}
			]
		}
	]
}