{
	"format_version": "1.12.0",
	"minecraft:geometry": [
		{
			"description": {
				"identifier": "geometry.ic_A60",
				"texture_width": 128,
				"texture_height": 128,
				"visible_bounds_width": 5,
				"visible_bounds_height": 6,
				"visible_bounds_offset": [0, 2, 0]
			},
			"bones": [
				{
					"name": "root",
					"pivot": [0, 0, 0],
					"cubes": [
						{"origin": [-20, 3, 0], "size": [40, 41, 0], "uv": [0, 0]}
					],
					"locators": {
						"trail": {
							"offset": [0, 0, 0],
							"rotation": [0, 90, 0]
						}
					}
				},
				{
					"name": "glyph",
					"parent": "root",
					"pivot": [0, 0, 0],
					"cubes": [
						{"origin": [-20, 3, 0], "size": [40, 41, 0], "uv": [0, 87]}
					]
				},
				{
					"name": "glow",
					"parent": "root",
					"pivot": [0, 0, 0],
					"cubes": [
						{
							"origin": [-23.5, -23.25, 0.1],
							"size": [47, 47, 0],
							"pivot": [0, 0, 0],
							"rotation": [90, 0, 0],
							"uv": {
								"north": {"uv": [106, 109], "uv_size": [22, 19]},
								"east": {"uv": [32, 36], "uv_size": [0, 47]},
								"south": {"uv": [80, 36], "uv_size": [47, 47]},
								"west": {"uv": [79, 36], "uv_size": [0, 47]},
								"up": {"uv": [32, 36], "uv_size": [47, 0]},
								"down": {"uv": [79, 36], "uv_size": [47, 0]}
							}
						}
					]
				}
			]
		}
	]
}