{
	"format_version": "1.12.0",
	"minecraft:geometry": [
		{
			"description": {
				"identifier": "geometry.crucifix_activated_extended",
				"texture_width": 256,
				"texture_height": 256,
				"visible_bounds_width": 5,
				"visible_bounds_height": 5.5,
				"visible_bounds_offset": [0, 2.25, 0]
			},
			"bones": [
				{
					"name": "root",
					"pivot": [0, 0, 0]
				},
				{
					"name": "main",
					"parent": "root",
					"pivot": [0, 0, 0],
					"rotation": [0, 90, 0],
					"cubes": [
						{"origin": [-22.5, 1, -22.5], "size": [45, 0, 45], "uv": [-4, 0]}
					],
					"locators": {
						"particle_blue": [0, 0, 0]
					}
				},
				{
					"name": "glow",
					"parent": "main",
					"pivot": [0, 0, 0],
					"cubes": [
						{
							"origin": [-33.605, 1.0725, -33.605],
							"size": [67.21, 0, 67.21],
							"uv": {
								"north": {"uv": [2, 256], "uv_size": [47, 0]},
								"east": {"uv": [-45, 256], "uv_size": [47, 0]},
								"south": {"uv": [96, 256], "uv_size": [47, 0]},
								"west": {"uv": [49, 256], "uv_size": [47, 0]},
								"up": {"uv": [2, 209], "uv_size": [47, 47]},
								"down": {"uv": [49, 256], "uv_size": [47, -47]}
							}
						}
					]
				},
				{
					"name": "chains",
					"parent": "main",
					"pivot": [0, 0, 0]
				},
				{
					"name": "chains_1",
					"parent": "chains",
					"pivot": [10, 1, 16],
					"rotation": [0, 32.5, 0]
				},
				{
					"name": "chain_1",
					"parent": "chains_1",
					"pivot": [10, 1, 15],
					"rotation": [0, -47.5, 0]
				},
				{
					"name": "chain1",
					"parent": "chain_1",
					"pivot": [9.99045, 0.5, 15.51996],
					"rotation": [19, -41.95059, -27.26629],
					"cubes": [
						{"origin": [8.49045, 0.5, 15.01996], "size": [3, 4, 1], "uv": [16, 5]},
						{"origin": [8.49045, 3.5, 15.01996], "size": [3, 4, 1], "pivot": [9.99045, 0.5, 15.51996], "rotation": [0, -90, 0], "uv": [16, 0]},
						{"origin": [8.49045, 9.5, 15.01996], "size": [3, 4, 1], "pivot": [9.99045, 0.5, 15.51996], "rotation": [0, -90, 0], "uv": [0, 15]},
						{"origin": [8.49045, 6.5, 15.01996], "size": [3, 4, 1], "uv": [8, 15]},
						{"origin": [8.49045, 12.5, 15.01996], "size": [3, 4, 1], "uv": [8, 0]},
						{"origin": [8.49045, 15.5, 15.01996], "size": [3, 4, 1], "pivot": [9.99045, 12.5, 15.51996], "rotation": [0, -90, 0], "uv": [8, 5]},
						{"origin": [8.49045, 18.5, 15.01996], "size": [3, 4, 1], "uv": [0, 10]},
						{"origin": [8.49045, 21.5, 15.01996], "size": [3, 4, 1], "pivot": [9.99045, 12.5, 15.51996], "rotation": [0, -90, 0], "uv": [8, 10]},
						{"origin": [8.49045, 24.5, 15.01996], "size": [3, 4, 1], "uv": [0, 0]},
						{"origin": [8.49045, 27.5, 15.01996], "size": [3, 4, 1], "pivot": [9.99045, 24.5, 15.51996], "rotation": [0, -90, 0], "uv": [0, 5]}
					]
				},
				{
					"name": "chains_2",
					"parent": "chains",
					"pivot": [-10, 1, 16],
					"rotation": [0, -32.5, 0]
				},
				{
					"name": "chain_2",
					"parent": "chains_2",
					"pivot": [-10, 1, 15],
					"rotation": [0, 47.5, 0]
				},
				{
					"name": "chain2",
					"parent": "chain_2",
					"pivot": [-9.99045, 0.5, 15.51996],
					"rotation": [19, 41.95059, 27.26629],
					"cubes": [
						{"origin": [-11.49045, 0.5, 15.01996], "size": [3, 4, 1], "uv": [16, 5], "mirror": true},
						{"origin": [-11.49045, 3.5, 15.01996], "size": [3, 4, 1], "pivot": [-9.99045, 0.5, 15.51996], "rotation": [0, 90, 0], "uv": [16, 0], "mirror": true},
						{"origin": [-11.49045, 9.5, 15.01996], "size": [3, 4, 1], "pivot": [-9.99045, 0.5, 15.51996], "rotation": [0, 90, 0], "uv": [0, 15], "mirror": true},
						{"origin": [-11.49045, 6.5, 15.01996], "size": [3, 4, 1], "uv": [8, 15], "mirror": true},
						{"origin": [-11.49045, 12.5, 15.01996], "size": [3, 4, 1], "uv": [8, 0], "mirror": true},
						{"origin": [-11.49045, 15.5, 15.01996], "size": [3, 4, 1], "pivot": [-9.99045, 12.5, 15.51996], "rotation": [0, 90, 0], "uv": [8, 5], "mirror": true},
						{"origin": [-11.49045, 18.5, 15.01996], "size": [3, 4, 1], "uv": [0, 10], "mirror": true},
						{"origin": [-11.49045, 21.5, 15.01996], "size": [3, 4, 1], "pivot": [-9.99045, 12.5, 15.51996], "rotation": [0, 90, 0], "uv": [8, 10], "mirror": true},
						{"origin": [-11.49045, 24.5, 15.01996], "size": [3, 4, 1], "uv": [0, 0], "mirror": true},
						{"origin": [-11.49045, 27.5, 15.01996], "size": [3, 4, 1], "pivot": [-9.99045, 24.5, 15.51996], "rotation": [0, 90, 0], "uv": [0, 5], "mirror": true}
					]
				},
				{
					"name": "chains_3",
					"parent": "chains",
					"pivot": [10, 1, -16],
					"rotation": [0, -32.5, 0]
				},
				{
					"name": "chain_3",
					"parent": "chains_3",
					"pivot": [10, 1, -15],
					"rotation": [0, 47.5, 0]
				},
				{
					"name": "chain3",
					"parent": "chain_3",
					"pivot": [9.99045, 0.5, -15.51996],
					"rotation": [-19, 41.95059, -27.26629],
					"cubes": [
						{"origin": [8.49045, 0.5, -16.01996], "size": [3, 4, 1], "uv": [16, 5]},
						{"origin": [8.49045, 3.5, -16.01996], "size": [3, 4, 1], "pivot": [9.99045, 0.5, -15.51996], "rotation": [0, 90, 0], "uv": [16, 0]},
						{"origin": [8.49045, 9.5, -16.01996], "size": [3, 4, 1], "pivot": [9.99045, 0.5, -15.51996], "rotation": [0, 90, 0], "uv": [0, 15]},
						{"origin": [8.49045, 6.5, -16.01996], "size": [3, 4, 1], "uv": [8, 15]},
						{"origin": [8.49045, 12.5, -16.01996], "size": [3, 4, 1], "uv": [8, 0]},
						{"origin": [8.49045, 15.5, -16.01996], "size": [3, 4, 1], "pivot": [9.99045, 12.5, -15.51996], "rotation": [0, 90, 0], "uv": [8, 5]},
						{"origin": [8.49045, 18.5, -16.01996], "size": [3, 4, 1], "uv": [0, 10]},
						{"origin": [8.49045, 21.5, -16.01996], "size": [3, 4, 1], "pivot": [9.99045, 12.5, -15.51996], "rotation": [0, 90, 0], "uv": [8, 10]},
						{"origin": [8.49045, 24.5, -16.01996], "size": [3, 4, 1], "uv": [0, 0]},
						{"origin": [8.49045, 27.5, -16.01996], "size": [3, 4, 1], "pivot": [9.99045, 24.5, -15.51996], "rotation": [0, 90, 0], "uv": [0, 5]}
					]
				},
				{
					"name": "chains_4",
					"parent": "chains",
					"pivot": [-10, 1, -16],
					"rotation": [0, 32.5, 0]
				},
				{
					"name": "chain_4",
					"parent": "chains_4",
					"pivot": [-10, 1, -15],
					"rotation": [0, -47.5, 0]
				},
				{
					"name": "chain4",
					"parent": "chain_4",
					"pivot": [-9.99045, 0.5, -15.51996],
					"rotation": [-19, -41.95059, 27.26629],
					"cubes": [
						{"origin": [-11.49045, 0.5, -16.01996], "size": [3, 4, 1], "uv": [16, 5], "mirror": true},
						{"origin": [-11.49045, 3.5, -16.01996], "size": [3, 4, 1], "pivot": [-9.99045, 0.5, -15.51996], "rotation": [0, -90, 0], "uv": [16, 0], "mirror": true},
						{"origin": [-11.49045, 9.5, -16.01996], "size": [3, 4, 1], "pivot": [-9.99045, 0.5, -15.51996], "rotation": [0, -90, 0], "uv": [0, 15], "mirror": true},
						{"origin": [-11.49045, 6.5, -16.01996], "size": [3, 4, 1], "uv": [8, 15], "mirror": true},
						{"origin": [-11.49045, 12.5, -16.01996], "size": [3, 4, 1], "uv": [8, 0], "mirror": true},
						{"origin": [-11.49045, 15.5, -16.01996], "size": [3, 4, 1], "pivot": [-9.99045, 12.5, -15.51996], "rotation": [0, -90, 0], "uv": [8, 5], "mirror": true},
						{"origin": [-11.49045, 18.5, -16.01996], "size": [3, 4, 1], "uv": [0, 10], "mirror": true},
						{"origin": [-11.49045, 21.5, -16.01996], "size": [3, 4, 1], "pivot": [-9.99045, 12.5, -15.51996], "rotation": [0, -90, 0], "uv": [8, 10], "mirror": true},
						{"origin": [-11.49045, 24.5, -16.01996], "size": [3, 4, 1], "uv": [0, 0], "mirror": true},
						{"origin": [-11.49045, 27.5, -16.01996], "size": [3, 4, 1], "pivot": [-9.99045, 24.5, -15.51996], "rotation": [0, -90, 0], "uv": [0, 5], "mirror": true}
					]
				},
				{
					"name": "chains_5",
					"parent": "chains",
					"pivot": [-19, 1, 0],
					"rotation": [0, 90, 0]
				},
				{
					"name": "chain_5",
					"parent": "chains_5",
					"pivot": [-19, 1, 1],
					"rotation": [0, -47.5, 0]
				},
				{
					"name": "chain5",
					"parent": "chain_5",
					"pivot": [-18.99045, 0.5, 0.48004],
					"rotation": [-19, -41.95059, 27.26629],
					"cubes": [
						{"origin": [-20.49045, 0.5, -0.01996], "size": [3, 4, 1], "uv": [16, 5], "mirror": true},
						{"origin": [-20.49045, 3.5, -0.01996], "size": [3, 4, 1], "pivot": [-18.99045, 0.5, 0.48004], "rotation": [0, -90, 0], "uv": [16, 0], "mirror": true},
						{"origin": [-20.49045, 9.5, -0.01996], "size": [3, 4, 1], "pivot": [-18.99045, 0.5, 0.48004], "rotation": [0, -90, 0], "uv": [0, 15], "mirror": true},
						{"origin": [-20.49045, 6.5, -0.01996], "size": [3, 4, 1], "uv": [8, 15], "mirror": true},
						{"origin": [-20.49045, 12.5, -0.01996], "size": [3, 4, 1], "uv": [8, 0], "mirror": true},
						{"origin": [-20.49045, 15.5, -0.01996], "size": [3, 4, 1], "pivot": [-18.99045, 12.5, 0.48004], "rotation": [0, -90, 0], "uv": [8, 5], "mirror": true},
						{"origin": [-20.49045, 18.5, -0.01996], "size": [3, 4, 1], "uv": [0, 10], "mirror": true},
						{"origin": [-20.49045, 21.5, -0.01996], "size": [3, 4, 1], "pivot": [-18.99045, 12.5, 0.48004], "rotation": [0, -90, 0], "uv": [8, 10], "mirror": true},
						{"origin": [-20.49045, 24.5, -0.01996], "size": [3, 4, 1], "uv": [0, 0], "mirror": true},
						{"origin": [-20.49045, 27.5, -0.01996], "size": [3, 4, 1], "pivot": [-18.99045, 24.5, 0.48004], "rotation": [0, -90, 0], "uv": [0, 5], "mirror": true}
					]
				},
				{
					"name": "chains_6",
					"parent": "chains",
					"pivot": [19, 1, 0],
					"rotation": [0, -90, 0]
				},
				{
					"name": "chain_6",
					"parent": "chains_6",
					"pivot": [19, 1, 1],
					"rotation": [0, 47.5, 0]
				},
				{
					"name": "chain6",
					"parent": "chain_6",
					"pivot": [18.99045, 0.5, 0.48004],
					"rotation": [-19, 41.95059, -27.26629],
					"cubes": [
						{"origin": [17.49045, 0.5, -0.01996], "size": [3, 4, 1], "uv": [16, 5]},
						{"origin": [17.49045, 3.5, -0.01996], "size": [3, 4, 1], "pivot": [18.99045, 0.5, 0.48004], "rotation": [0, 90, 0], "uv": [16, 0]},
						{"origin": [17.49045, 9.5, -0.01996], "size": [3, 4, 1], "pivot": [18.99045, 0.5, 0.48004], "rotation": [0, 90, 0], "uv": [0, 15]},
						{"origin": [17.49045, 6.5, -0.01996], "size": [3, 4, 1], "uv": [8, 15]},
						{"origin": [17.49045, 12.5, -0.01996], "size": [3, 4, 1], "uv": [8, 0]},
						{"origin": [17.49045, 15.5, -0.01996], "size": [3, 4, 1], "pivot": [18.99045, 12.5, 0.48004], "rotation": [0, 90, 0], "uv": [8, 5]},
						{"origin": [17.49045, 18.5, -0.01996], "size": [3, 4, 1], "uv": [0, 10]},
						{"origin": [17.49045, 21.5, -0.01996], "size": [3, 4, 1], "pivot": [18.99045, 12.5, 0.48004], "rotation": [0, 90, 0], "uv": [8, 10]},
						{"origin": [17.49045, 24.5, -0.01996], "size": [3, 4, 1], "uv": [0, 0]},
						{"origin": [17.49045, 27.5, -0.01996], "size": [3, 4, 1], "pivot": [18.99045, 24.5, 0.48004], "rotation": [0, 90, 0], "uv": [0, 5]}
					]
				},
				{
					"name": "cross",
					"parent": "root",
					"pivot": [0, 28.09374, -29.1],
					"cubes": [
						{
							"origin": [-1, 20, -29.55],
							"size": [2, 12, 0.9],
							"uv": {
								"north": {"uv": [220, 1], "uv_size": [2, 12]},
								"east": {"uv": [220, 1], "uv_size": [1, 12]},
								"south": {"uv": [220, 1], "uv_size": [2, 12]},
								"west": {"uv": [220, 1], "uv_size": [1, 12]},
								"up": {"uv": [218, 0], "uv_size": [2, 1]},
								"down": {"uv": [218, 1], "uv_size": [2, -1]}
							}
						},
						{
							"origin": [-3.5, 22, -29.5],
							"size": [2, 8, 0.8],
							"pivot": [0, 26, -29],
							"rotation": [0, 0, 90],
							"uv": {
								"north": {"uv": [220, 1], "uv_size": [2, 8]},
								"east": {"uv": [220, 1], "uv_size": [1, 8]},
								"south": {"uv": [220, 1], "uv_size": [2, 8]},
								"west": {"uv": [220, 1], "uv_size": [1, 8]},
								"up": {"uv": [218, 0], "uv_size": [2, 1]},
								"down": {"uv": [218, 1], "uv_size": [2, -1]}
							}
						},
						{"origin": [2.2, 28.4, -29.6], "size": [2, 1, 1], "pivot": [3.7, 28.4, -29], "rotation": [0, 0, 57.5], "uv": [220, 6]},
						{"origin": [2.85305, 27.44086, -29.625], "size": [2, 1, 1], "pivot": [3.85305, 27.94086, -29.1], "rotation": [0, 0, 122.5], "uv": [220, 4]},
						{"origin": [-4.2, 28.4, -29.6], "size": [2, 1, 1], "pivot": [-3.7, 28.4, -29], "rotation": [0, 0, -57.5], "uv": [220, 0]},
						{"origin": [-4.85305, 27.44086, -29.575], "size": [2, 1, 1], "pivot": [-3.85305, 27.94086, -29.1], "rotation": [0, 0, -122.5], "uv": [220, 2]}
					],
					"locators": {
						"light_particle": [0, 28, -29]
					}
				},
				{
					"name": "bone",
					"parent": "cross",
					"pivot": [-0.60305, 8.94086, 0.9],
					"rotation": [0, 0, 90],
					"cubes": [
						{"origin": [-13.30789, 28.798, -29.625], "size": [2, 1, 1], "pivot": [-0.45, 9.4, 1], "rotation": [0, 0, -57.5], "uv": [220, 8]},
						{"origin": [10.75485, 27.83887, -29.6], "size": [2, 1, 1], "pivot": [-0.60305, 8.94086, 0.9], "rotation": [0, 0, -122.5], "uv": [220, 10]}
					]
				},
				{
					"name": "bone2",
					"parent": "cross",
					"pivot": [-0.60305, -2.94086, 0.9],
					"rotation": [0, 0, -90],
					"cubes": [
						{"origin": [11.40789, 14.998, -29.6], "size": [2, 1, 1], "pivot": [-0.45, -3.4, 1], "rotation": [0, 0, 57.5], "uv": [220, 11]},
						{"origin": [-13.96094, 15.95714, -29.575], "size": [2, 1, 1], "pivot": [-0.60305, -2.94086, 0.9], "rotation": [0, 0, 122.5], "uv": [220, 9]}
					]
				}
			]
		}
	]
}