{
	"format_version": "1.12.0",
	"minecraft:geometry": [
		{
			"description": {
				"identifier": "geometry.ic_chair",
				"texture_width": 128,
				"texture_height": 128,
				"visible_bounds_width": 3,
				"visible_bounds_height": 3.5,
				"visible_bounds_offset": [0, 1.25, 0]
			},
			"bones": [
				{
					"name": "main",
					"pivot": [0, 0, 0]
				},
				{
					"name": "chair",
					"parent": "main",
					"pivot": [0, 0, 0],
					"cubes": [
						{"origin": [4, 0, -6], "size": [2, 10, 2], "uv": [0, 56], "mirror": true},
						{"origin": [-6, 0, -6], "size": [2, 10, 2], "uv": [0, 56], "mirror": true},
						{"origin": [-6, 0, 4], "size": [2, 10, 2], "uv": [0, 56]},
						{"origin": [4, 0, 4], "size": [2, 10, 2], "uv": [0, 56]},
						{"origin": [-6.5, 10, -6], "size": [13, 2, 12], "uv": [0, 0]},
						{"origin": [-7.025, 14.95, 8.85], "size": [14, 2, 8], "pivot": [0, 15, 7], "rotation": [80, 0, 0], "uv": [0, 14]},
						{"origin": [4.975, 15.45, 2.85], "size": [1, 1, 8], "pivot": [0, 15, 7], "rotation": [80, 0, 0], "uv": [16, 48]},
						{"origin": [-6.025, 15.45, 2.85], "size": [1, 1, 8], "pivot": [0, 15, 7], "rotation": [80, 0, 0], "uv": [46, 12]},
						{"origin": [4.5, 6, -5.5], "size": [1, 1, 11], "uv": [38, 0]},
						{"origin": [-5.5, 6, -5.5], "size": [11, 1, 1], "uv": [24, 28]},
						{"origin": [-5.5, 6, -5.5], "size": [1, 1, 11], "uv": [33, 14]},
						{"origin": [-5.5, 6, 4.5], "size": [11, 1, 1], "uv": [24, 26]}
					],
					"locators": {
						"effect": {
							"offset": [0, 19, 0],
							"rotation": [0, -42.5, 0]
						}
					}
				}
			]
		}
	]
}