{
	"format_version": "1.12.0",
	"minecraft:geometry": [
		{
			"description": {
				"identifier": "geometry.ic_dupe",
				"texture_width": 128,
				"texture_height": 128,
				"visible_bounds_width": 5,
				"visible_bounds_height": 4.5,
				"visible_bounds_offset": [0, 1.75, 0]
			},
			"bones": [
				{
					"name": "main",
					"pivot": [0, -0.075, 0],
					"cubes": [
						{
							"origin": [-24, -0.075, 1],
							"size": [48, 48, 24],
							"uv": {
								"north": {"uv": [0, 80], "uv_size": [48, 48]},
								"east": {"uv": [127, 80], "uv_size": [1, 48]},
								"south": {"uv": [48, 121], "uv_size": [5, 7]},
								"west": {"uv": [127, 80], "uv_size": [1, 48]},
								"up": {"uv": [124, 128], "uv_size": [-48, -1]},
								"down": {"uv": [123, 128], "uv_size": [-48, -1]}
							}
						}
					]
				},
				{
					"name": "door",
					"parent": "main",
					"pivot": [8, 15.925, 0],
					"cubes": [
						{"origin": [-8, -0.075, -1], "size": [16, 32, 2], "uv": [0, 0]},
						{"origin": [-4, 20.925, -2], "size": [8, 5, 1], "uv": [39, 0]},
						{"origin": [-6.25, 11.425, -1.5], "size": [1, 3, 1], "uv": [38, 40]}
					]
				},
				{
					"name": "knob",
					"parent": "door",
					"pivot": [-6, 12.925, 0],
					"cubes": [
						{
							"origin": [-6, 12.425, -2],
							"size": [3, 1, 0.5],
							"uv": {
								"north": {"uv": [39, 41], "uv_size": [3, 1]},
								"east": {"uv": [38, 41], "uv_size": [1, 1]},
								"south": {"uv": [43, 41], "uv_size": [3, 1]},
								"west": {"uv": [42, 41], "uv_size": [1, 1]},
								"up": {"uv": [39, 40], "uv_size": [3, 1]},
								"down": {"uv": [42, 41], "uv_size": [3, -1]}
							}
						}
					]
				},
				{
					"name": "dupe",
					"parent": "main",
					"pivot": [0, -0.075, 0],
					"cubes": [
						{
							"origin": [-12, 7, 21],
							"size": [24, 24, 0],
							"uv": {
								"north": {"uv": [77, 0], "uv_size": [24, 24]},
								"east": {"uv": [77, 0], "uv_size": [0, 24]},
								"south": {"uv": [101, 0], "uv_size": [24, 24]},
								"west": {"uv": [101, 0], "uv_size": [0, 24]},
								"up": {"uv": [77, 0], "uv_size": [24, 0]},
								"down": {"uv": [101, 0], "uv_size": [24, 0]}
							}
						}
					]
				}
			]
		}
	]
}