{
	"format_version": "1.12.0",
	"minecraft:geometry": [
		{
			"description": {
				"identifier": "geometry.ic_eyes",
				"texture_width": 128,
				"texture_height": 128,
				"visible_bounds_width": 11,
				"visible_bounds_height": 6,
				"visible_bounds_offset": [0, 2, 0]
			},
			"bones": [
				{
					"name": "root",
					"pivot": [0, 0, 0],
					"cubes": [
						{"origin": [-20, 7, 0], "size": [40, 36, 0], "uv": [0, 0]}
					]
				},
				{
					"name": "glow",
					"parent": "root",
					"pivot": [1, 29, 1.5],
					"cubes": [
						{
							"origin": [-27.56825, -2.5794, 2.41462],
							"size": [54.1872, 54.1872, 0],
							"pivot": [1.52535, 25.5142, 1.66462],
							"rotation": [180, 0, -90],
							"uv": {
								"north": {"uv": [128, 3], "uv_size": [-47, 47]},
								"east": {"uv": [47, 92], "uv_size": [0, 36]},
								"south": {"uv": [73, 92], "uv_size": [-36, 36]},
								"west": {"uv": [47, 87], "uv_size": [0, 36]},
								"up": {"uv": [41, 112], "uv_size": [36, 0]},
								"down": {"uv": [47, 108], "uv_size": [36, 0]}
							}
						},
						{
							"origin": [-34.3356, -31.6944, -0.1868],
							"size": [63.3888, 63.3888, 0],
							"pivot": [0, 0, 0],
							"rotation": [90, 47.5, 180],
							"uv": {
								"north": {"uv": [81, 3], "uv_size": [47, 47]},
								"east": {"uv": [47, 92], "uv_size": [0, 36]},
								"south": {"uv": [37, 92], "uv_size": [36, 36]},
								"west": {"uv": [47, 87], "uv_size": [0, 36]},
								"up": {"uv": [41, 112], "uv_size": [36, 0]},
								"down": {"uv": [47, 108], "uv_size": [36, 0]}
							}
						}
					]
				}
			]
		}
	]
}