{
	"format_version": "1.12.0",
	"minecraft:geometry": [
		{
			"description": {
				"identifier": "geometry.ic_goblino",
				"texture_width": 64,
				"texture_height": 64,
				"visible_bounds_width": 3,
				"visible_bounds_height": 5.5,
				"visible_bounds_offset": [0, 2.25, 0]
			},
			"bones": [
				{
					"name": "main",
					"pivot": [0, 0, 0],
					"rotation": [0, 180, 0]
				},
				{
					"name": "waist",
					"parent": "main",
					"pivot": [0, 9, 0],
					"cubes": [
						{"origin": [-4, 9, -2], "size": [8, 4, 4], "uv": [24, 0]}
					]
				},
				{
					"name": "waist2",
					"parent": "waist",
					"pivot": [0, 12, 0],
					"cubes": [
						{"origin": [-4.5, 13, -2.5], "size": [9, 8, 5], "uv": [0, 16]}
					]
				},
				{
					"name": "head",
					"parent": "waist2",
					"pivot": [0, 21, 0],
					"rotation": [0, 180, 0],
					"cubes": [
						{"origin": [-4.5, 21, -4.5], "size": [9, 8, 9], "uv": [28, 46]},
						{"origin": [-3.75, 20.075, 4.475], "size": [1, 1, 0], "pivot": [-2.5, 21.325, 4.575], "rotation": [20, -20, 45], "uv": [61, 25]},
						{"origin": [-2.75, 21.075, 4.475], "size": [1, 1, 0], "pivot": [-2.5, 21.325, 4.575], "rotation": [20, -20, 45], "uv": [61, 25]}
					]
				},
				{
					"name": "leftEar",
					"parent": "head",
					"pivot": [-3, 28, -3],
					"rotation": [0, 0, -27.5],
					"cubes": [
						{"origin": [-6.5, 27.5, -2], "size": [5, 7, 0], "pivot": [-3, 28, -3], "rotation": [11.62127, -13.6824, -6.71059], "uv": [38, 34]}
					]
				},
				{
					"name": "rightEar",
					"parent": "head",
					"pivot": [3, 28, -3],
					"rotation": [0, 0, 27.5],
					"cubes": [
						{"origin": [1.5, 27.5, -2], "size": [5, 7, 0], "pivot": [3, 28, -3], "rotation": [11.62127, 13.6824, 6.71059], "uv": [38, 34], "mirror": true},
						{"origin": [5.07215, 27.76899, -6.72356], "size": [1.5, 1.5, 0], "pivot": [8.32215, 26.01899, -5.22356], "rotation": [0, 90, -30], "uv": [2, 58], "mirror": true}
					]
				},
				{
					"name": "nose",
					"parent": "head",
					"pivot": [0, 24, 3],
					"rotation": [-17.5, 0, 0],
					"cubes": [
						{"origin": [-1.5, 22.39306, 1.96695], "size": [3, 3, 5], "pivot": [0, 24.4577, 5.48897], "rotation": [10, 0, 0], "uv": [23, 24]}
					]
				},
				{
					"name": "nose2",
					"parent": "nose",
					"pivot": [-0.5, 24.5, 7],
					"rotation": [-10, 0, 0],
					"cubes": [
						{"origin": [-1, 22.97577, 4.22842], "size": [2, 2, 5], "pivot": [0, 24.19595, 5.51927], "rotation": [10, 0, 0], "uv": [27, 11]}
					]
				},
				{
					"name": "leftEye",
					"parent": "head",
					"pivot": [-3.5, 28.5, 4.5],
					"rotation": [10, -10, 0],
					"cubes": [
						{"origin": [-4.73867, 24.26964, 3.26015], "size": [3.5, 3.5, 2], "pivot": [-0.10003, 26.60778, 3.52937], "rotation": [-7.38298, 0.30806, 1.26448], "uv": [1, 58], "mirror": true}
					]
				},
				{
					"name": "rightEye",
					"parent": "head",
					"pivot": [3.5, 28.5, 4.5],
					"rotation": [10, 10, 0],
					"cubes": [
						{"origin": [1.23867, 24.26964, 2.76015], "size": [3.5, 3.5, 2], "pivot": [0.01582, 26.61036, 3.51474], "rotation": [-7.38298, -0.30806, -1.26448], "uv": [1, 58], "mirror": true}
					]
				},
				{
					"name": "LeftArm",
					"parent": "waist2",
					"pivot": [-4.5, 20, 0],
					"cubes": [
						{"origin": [-7.5, 14.5, -1.5], "size": [3, 6, 3], "uv": [12, 29]}
					]
				},
				{
					"name": "LeftArm2",
					"parent": "LeftArm",
					"pivot": [-6, 15, 0],
					"cubes": [
						{"origin": [-7.5, 8.5, -1.5], "size": [3, 6, 3], "uv": [0, 29]},
						{
							"origin": [-7.535, 10.175, -1.53],
							"size": [3.06, 2.04, 3.06],
							"uv": {
								"north": {"uv": [55, 3], "uv_size": [3, 2]},
								"east": {"uv": [52, 3], "uv_size": [3, 2]},
								"south": {"uv": [61, 3], "uv_size": [3, 2]},
								"west": {"uv": [58, 3], "uv_size": [3, 2]},
								"up": {"uv": [55, 0], "uv_size": [3, 3]},
								"down": {"uv": [58, 3], "uv_size": [3, -3]}
							}
						},
						{"origin": [-9.18481, 10.03273, 3], "size": [1, 0, 2], "pivot": [-8.78481, 10.03273, 1], "rotation": [0, -90, -132.5], "uv": [0, 0]},
						{"origin": [-10.28481, 10.03273, 3], "size": [1, 0, 2], "pivot": [-8.78481, 10.03273, 1], "rotation": [0, -90, -130], "uv": [0, 0]},
						{"origin": [-10.41673, 10.08732, 2.1], "size": [1, 0, 2], "pivot": [-8.71673, 10.08732, 0.1], "rotation": [0, -90, -127.5], "uv": [0, 0]}
					]
				},
				{
					"name": "RightArm",
					"parent": "waist2",
					"pivot": [4.5, 20, 0],
					"cubes": [
						{"origin": [4.5, 14.5, -1.5], "size": [3, 6, 3], "uv": [12, 29], "mirror": true}
					]
				},
				{
					"name": "RightArm2",
					"parent": "RightArm",
					"pivot": [6, 15, 0],
					"cubes": [
						{"origin": [4.5, 8.5, -1.5], "size": [3, 6, 3], "uv": [0, 29], "mirror": true},
						{
							"origin": [4.475, 10.175, -1.53],
							"size": [3.06, 2.04, 3.06],
							"uv": {
								"north": {"uv": [58, 3], "uv_size": [-3, 2]},
								"east": {"uv": [61, 3], "uv_size": [-3, 2]},
								"south": {"uv": [64, 3], "uv_size": [-3, 2]},
								"west": {"uv": [55, 3], "uv_size": [-3, 2]},
								"up": {"uv": [58, 0], "uv_size": [-3, 3]},
								"down": {"uv": [61, 3], "uv_size": [-3, -3]}
							}
						},
						{"origin": [8.18481, 10.03273, 3], "size": [1, 0, 2], "pivot": [8.78481, 10.03273, 1], "rotation": [0, 90, 132.5], "uv": [0, 0], "mirror": true},
						{"origin": [9.28481, 10.03273, 3], "size": [1, 0, 2], "pivot": [8.78481, 10.03273, 1], "rotation": [0, 90, 130], "uv": [0, 0], "mirror": true},
						{"origin": [9.41673, 10.08732, 2.1], "size": [1, 0, 2], "pivot": [8.71673, 10.08732, 0.1], "rotation": [0, 90, 127.5], "uv": [0, 0], "mirror": true}
					]
				},
				{
					"name": "leftLeg",
					"parent": "main",
					"pivot": [-2, 10, 0],
					"cubes": [
						{"origin": [-3.5, 5, -1.5], "size": [3, 4, 3], "uv": [36, 8]},
						{
							"origin": [-3.67, 6, -1.84],
							"size": [3.51, 4.68, 3.51],
							"uv": {
								"north": {"uv": [3, 43], "uv_size": [3, 4]},
								"east": {"uv": [0, 43], "uv_size": [3, 4]},
								"south": {"uv": [9, 43], "uv_size": [3, 4]},
								"west": {"uv": [6, 43], "uv_size": [3, 4]},
								"up": {"uv": [3, 40], "uv_size": [3, 3]},
								"down": {"uv": [6, 43], "uv_size": [3, -3]}
							}
						}
					]
				},
				{
					"name": "leftLeg2",
					"parent": "leftLeg",
					"pivot": [-2, 6, 0],
					"cubes": [
						{"origin": [-3.5, 1, -1.5], "size": [3, 4, 3], "uv": [34, 18]}
					]
				},
				{
					"name": "leftLeg3",
					"parent": "leftLeg2",
					"pivot": [-2, 1, 0],
					"cubes": [
						{"origin": [-3.5, 0, -1.5], "size": [3, 1, 3], "uv": [34, 25]},
						{"origin": [-4, 0.25, 1.2], "size": [1, 0, 2], "pivot": [-3, 0.5, 2.5], "rotation": [-10, -15, 0], "uv": [0, 0]},
						{"origin": [-2.5, 0.25, 1.5], "size": [1, 0, 2], "pivot": [-3, 0.5, 2.5], "rotation": [-9.65635, 0.20179, 0], "uv": [0, 0]},
						{"origin": [-1, 0.25, 1.75], "size": [1, 0, 2], "pivot": [-3, 0.5, 2.5], "rotation": [-10.12667, 17.44573, -3.03075], "uv": [0, 0]}
					]
				},
				{
					"name": "rightLeg",
					"parent": "main",
					"pivot": [2, 10, 0],
					"cubes": [
						{"origin": [0.5, 5, -1.5], "size": [3, 4, 3], "uv": [36, 8], "mirror": true},
						{
							"origin": [0.16, 6, -1.84],
							"size": [3.51, 4.68, 3.51],
							"uv": {
								"north": {"uv": [6, 43], "uv_size": [-3, 4]},
								"east": {"uv": [9, 43], "uv_size": [-3, 4]},
								"south": {"uv": [12, 43], "uv_size": [-3, 4]},
								"west": {"uv": [3, 43], "uv_size": [-3, 4]},
								"up": {"uv": [6, 40], "uv_size": [-3, 3]},
								"down": {"uv": [9, 43], "uv_size": [-3, -3]}
							}
						}
					]
				},
				{
					"name": "rightLeg2",
					"parent": "rightLeg",
					"pivot": [2, 6, 0],
					"cubes": [
						{"origin": [0.5, 1, -1.5], "size": [3, 4, 3], "uv": [34, 18], "mirror": true}
					]
				},
				{
					"name": "rightLeg3",
					"parent": "rightLeg2",
					"pivot": [2, 1, 0],
					"cubes": [
						{"origin": [0.5, 0, -1.5], "size": [3, 1, 3], "uv": [34, 25], "mirror": true},
						{"origin": [3, 0.25, 1.2], "size": [1, 0, 2], "pivot": [3, 0.5, 2.5], "rotation": [-10, 15, 0], "uv": [0, 0], "mirror": true},
						{"origin": [1.5, 0.25, 1.5], "size": [1, 0, 2], "pivot": [3, 0.5, 2.5], "rotation": [-9.65635, -0.20179, 0], "uv": [0, 0], "mirror": true},
						{"origin": [0, 0.25, 1.75], "size": [1, 0, 2], "pivot": [3, 0.5, 2.5], "rotation": [-10.12667, -17.44573, 3.03075], "uv": [0, 0], "mirror": true}
					]
				}
			]
		}
	]
}