{
	"format_version": "1.12.0",
	"minecraft:geometry": [
		{
			"description": {
				"identifier": "geometry.ic_rift",
				"texture_width": 64,
				"texture_height": 64,
				"visible_bounds_width": 4,
				"visible_bounds_height": 3.5,
				"visible_bounds_offset": [0, 1.25, 0]
			},
			"bones": [
				{
					"name": "root",
					"pivot": [0, 10, 0]
				},
				{
					"name": "main1",
					"parent": "root",
					"pivot": [0, -9, 0],
					"cubes": [
						{"origin": [-0.3, 2, -8], "size": [0, 16, 16], "pivot": [0, 10, 0], "rotation": [0, 90, 0], "uv": [32, -16]},
						{"origin": [-0.3, 2, -8], "size": [0, 16, 16], "pivot": [0, 10, 0], "rotation": [0, 90, 0], "uv": [32, -16]},
						{"origin": [-0.3, 2, -8], "size": [0, 16, 16], "pivot": [0, 10, 0], "rotation": [0, 90, 0], "uv": [32, -16]},
						{"origin": [-0.3, 2, -8], "size": [0, 16, 16], "pivot": [0, 10, 0], "rotation": [0, 90, 0], "uv": [32, -16]},
						{"origin": [7.4, 13, -1.25], "size": [0, 9, 3], "pivot": [7.5, 17, 0.25], "rotation": [0, 90, 42.5], "uv": [58, 52]},
						{"origin": [8.04623, 9.3043, 4.05], "size": [0, 9, 3], "pivot": [8.14623, 10.3043, 0.25], "rotation": [0, 90, 117.5], "uv": [58, 52]},
						{"origin": [-7.44513, -6.38035, -1], "size": [0, 8, 3], "pivot": [-7.34513, 1.11965, 0.25], "rotation": [0, 90, -122.5], "uv": [58, 52]},
						{"origin": [-10.00058, 4.64496, -0.5], "size": [0, 8, 3], "pivot": [-9.90058, 11.64496, 0.25], "rotation": [0, 90, -65], "uv": [58, 52]},
						{"origin": [-10.05058, 5.64496, 2.75], "size": [0, 10, 3], "pivot": [-9.90058, 11.64496, 0.25], "rotation": [0, 90, -75], "uv": [58, 52]},
						{"origin": [-7.99937, 16.99984, 1.5], "size": [0, 7, 3], "pivot": [-7.89937, 15.24984, 0.25], "rotation": [0, 90, -122.5], "uv": [58, 52]},
						{"origin": [-16.59125, 14.4653, 0.75], "size": [0, 9, 3], "pivot": [-16.49125, 18.9653, 0.25], "rotation": [0, 90, -45], "uv": [58, 52]},
						{"origin": [-16.59125, 21.29373, -2.75], "size": [0, 8, 3], "pivot": [-16.49125, 21.79373, 0.25], "rotation": [0, 90, 20], "uv": [58, 52]},
						{"origin": [-7.44513, 0.11965, -0.65], "size": [0, 11, 3], "pivot": [-7.34513, 1.11965, 0.25], "rotation": [0, 90, -107.5], "uv": [58, 52]},
						{"origin": [13.81811, 19.50413, -5], "size": [0, 7, 3], "pivot": [13.91811, 24.00413, 0.25], "rotation": [0, 90, -2.5], "uv": [58, 52]},
						{"origin": [13.81811, 27.50413, -1.65], "size": [0, 7, 3], "pivot": [13.91811, 24.00413, 0.25], "rotation": [0, 90, -65], "uv": [58, 52]},
						{"origin": [7.4, 21, -3.25], "size": [0, 9, 3], "pivot": [7.5, 17, 0.25], "rotation": [0, 90, 72.5], "uv": [58, 52]},
						{"origin": [17.76633, 21.86555, -2.25], "size": [0, 8, 3], "pivot": [17.86633, 22.36555, 0.25], "rotation": [0, 90, 135], "uv": [58, 52]},
						{"origin": [7.4, 13, -1.25], "size": [0, 9, 3], "pivot": [7.5, 17, 0.25], "rotation": [0, 90, 42.5], "uv": [58, 52]},
						{"origin": [8.04623, 9.3043, 4.05], "size": [0, 9, 3], "pivot": [8.14623, 10.3043, 0.25], "rotation": [0, 90, 117.5], "uv": [58, 52]},
						{"origin": [-7.44513, -6.38035, -1], "size": [0, 8, 3], "pivot": [-7.34513, 1.11965, 0.25], "rotation": [0, 90, -122.5], "uv": [58, 52]},
						{"origin": [-10.00058, 4.64496, -0.5], "size": [0, 8, 3], "pivot": [-9.90058, 11.64496, 0.25], "rotation": [0, 90, -65], "uv": [58, 52]},
						{"origin": [-10.00058, 5.64496, 2.75], "size": [0, 10, 3], "pivot": [-9.90058, 11.64496, 0.25], "rotation": [0, 90, -75], "uv": [58, 52]},
						{"origin": [-7.99937, 16.99984, 1.5], "size": [0, 7, 3], "pivot": [-7.89937, 15.24984, 0.25], "rotation": [0, 90, -122.5], "uv": [58, 52]},
						{"origin": [-16.59125, 14.4653, 0.75], "size": [0, 9, 3], "pivot": [-16.49125, 18.9653, 0.25], "rotation": [0, 90, -45], "uv": [58, 52]},
						{"origin": [-16.59125, 21.29373, -2.75], "size": [0, 8, 3], "pivot": [-16.49125, 21.79373, 0.25], "rotation": [0, 90, 20], "uv": [58, 52]},
						{"origin": [-7.44513, 0.11965, -0.65], "size": [0, 11, 3], "pivot": [-7.34513, 1.11965, 0.25], "rotation": [0, 90, -107.5], "uv": [58, 52]},
						{"origin": [13.81811, 19.50413, -5], "size": [0, 7, 3], "pivot": [13.91811, 24.00413, 0.25], "rotation": [0, 90, -2.5], "uv": [58, 52]},
						{"origin": [13.81811, 27.50413, -1.65], "size": [0, 7, 3], "pivot": [13.91811, 24.00413, 0.25], "rotation": [0, 90, -65], "uv": [58, 52]},
						{"origin": [7.4, 21, -3.25], "size": [0, 9, 3], "pivot": [7.5, 17, 0.25], "rotation": [0, 90, 72.5], "uv": [58, 52]},
						{"origin": [17.76633, 21.86555, -2.25], "size": [0, 8, 3], "pivot": [17.86633, 22.36555, 0.25], "rotation": [0, 90, 135], "uv": [58, 52]}
					]
				},
				{
					"name": "main",
					"parent": "root",
					"pivot": [0, 10, 0],
					"cubes": [
						{"origin": [0, 4, -6], "size": [0, 12, 12], "pivot": [0, 10, 0], "rotation": [0, 90, 0], "uv": [0, 0]},
						{"origin": [7.5, 13, -0.25], "size": [0, 8, 1], "pivot": [7.5, 17, 0.25], "rotation": [0, 90, 42.5], "uv": [2, 0]},
						{"origin": [7.5, 19.75, 10.75], "size": [0, 8, 1], "pivot": [7.5, 17, 0.25], "rotation": [0, 90, 117.5], "uv": [2, 0]},
						{"origin": [-3.24233, 0.13134, -0.25], "size": [0, 8, 1], "pivot": [-3.24233, 4.13134, 0.25], "rotation": [0, 90, -122.5], "uv": [2, 0]},
						{"origin": [7.5, 19.5, 2.75], "size": [0, 6, 1], "pivot": [7.5, 17, 0.25], "rotation": [0, 90, -2.5], "uv": [8, 0]},
						{"origin": [7.69567, 23.45928, -0.25], "size": [0, 6, 1], "pivot": [7.69567, 26.45928, 0.25], "rotation": [0, 90, -65], "uv": [6, 0]},
						{"origin": [8.80909, 30.81025, -20.25], "size": [0, 6, 1], "pivot": [8.80909, 25.81025, 0.25], "rotation": [0, 90, -65], "uv": [6, 0]},
						{"origin": [12.93603, 14.66635, -0.25], "size": [0, 6, 1], "pivot": [12.93603, 29.66635, 0.25], "rotation": [0, 90, -42.5], "uv": [4, 0]},
						{"origin": [15.63603, 22.56635, -28.25], "size": [0, 6, 1], "pivot": [15.63603, 29.56635, 0.25], "rotation": [0, 90, -42.5], "uv": [4, 0]},
						{"origin": [7.5, 3.75, 1.75], "size": [0, 10, 1], "pivot": [7.5, 17, 0.25], "rotation": [0, 90, -107.5], "uv": [0, 0]},
						{"origin": [-12.72844, 9.16419, -3.34221], "size": [0, 8, 1], "pivot": [-12.72844, 19.81281, 0.25], "rotation": [0, 90, -75], "uv": [2, 0]},
						{"origin": [-12.72844, 19.79805, -4.13781], "size": [0, 6, 1], "pivot": [-12.72844, 19.81281, 0.25], "rotation": [0, 90, -120], "uv": [8, 0]},
						{"origin": [-12.72844, 13.86679, 1.10362], "size": [0, 10, 1], "pivot": [-12.72844, 19.81281, 0.25], "rotation": [0, 90, 135], "uv": [0, 0]},
						{"origin": [-12.72844, 12.97987, 5.4223], "size": [0, 6, 1], "pivot": [-12.72844, 19.81281, 0.25], "rotation": [0, 90, -160], "uv": [4, 0]},
						{"origin": [-0.75573, 30.32565, -15.25], "size": [0, 10, 1], "pivot": [-0.75573, 19.57565, 0.25], "rotation": [0, 90, -107.5], "uv": [0, 0]}
					]
				},
				{
					"name": "main5",
					"parent": "root",
					"pivot": [0, 10, 0],
					"cubes": [
						{"origin": [0, 4, -6], "size": [0, 12, 12], "pivot": [0, 10, 0], "rotation": [0, 90, 0], "uv": [0, 0]},
						{"origin": [7.5, 13, -0.25], "size": [0, 8, 1], "pivot": [7.5, 17, 0.25], "rotation": [0, 90, 42.5], "uv": [2, 0]},
						{"origin": [7.5, 19.75, 10.75], "size": [0, 8, 1], "pivot": [7.5, 17, 0.25], "rotation": [0, 90, 117.5], "uv": [2, 0]},
						{"origin": [-3.24233, 0.13134, -0.25], "size": [0, 8, 1], "pivot": [-3.24233, 4.13134, 0.25], "rotation": [0, 90, -122.5], "uv": [2, 0]},
						{"origin": [7.5, 19.5, 2.75], "size": [0, 6, 1], "pivot": [7.5, 17, 0.25], "rotation": [0, 90, -2.5], "uv": [8, 0]},
						{"origin": [7.69567, 23.45928, -0.25], "size": [0, 6, 1], "pivot": [7.69567, 26.45928, 0.25], "rotation": [0, 90, -65], "uv": [6, 0]},
						{"origin": [8.80909, 30.81025, -20.25], "size": [0, 6, 1], "pivot": [8.80909, 25.81025, 0.25], "rotation": [0, 90, -65], "uv": [6, 0]},
						{"origin": [12.93603, 14.66635, -0.25], "size": [0, 6, 1], "pivot": [12.93603, 29.66635, 0.25], "rotation": [0, 90, -42.5], "uv": [4, 0]},
						{"origin": [15.63603, 22.56635, -28.25], "size": [0, 6, 1], "pivot": [15.63603, 29.56635, 0.25], "rotation": [0, 90, -42.5], "uv": [4, 0]},
						{"origin": [7.5, 3.75, 1.75], "size": [0, 10, 1], "pivot": [7.5, 17, 0.25], "rotation": [0, 90, -107.5], "uv": [0, 0]},
						{"origin": [-12.72844, 9.16419, -3.34221], "size": [0, 8, 1], "pivot": [-12.72844, 19.81281, 0.25], "rotation": [0, 90, -75], "uv": [2, 0]},
						{"origin": [-12.72844, 19.79805, -4.13781], "size": [0, 6, 1], "pivot": [-12.72844, 19.81281, 0.25], "rotation": [0, 90, -120], "uv": [8, 0]},
						{"origin": [-12.72844, 13.86679, 1.10362], "size": [0, 10, 1], "pivot": [-12.72844, 19.81281, 0.25], "rotation": [0, 90, 135], "uv": [0, 0]},
						{"origin": [-12.72844, 12.97987, 5.4223], "size": [0, 6, 1], "pivot": [-12.72844, 19.81281, 0.25], "rotation": [0, 90, -160], "uv": [4, 0]},
						{"origin": [-0.75573, 30.32565, -15.25], "size": [0, 10, 1], "pivot": [-0.75573, 19.57565, 0.25], "rotation": [0, 90, -107.5], "uv": [0, 0]}
					]
				},
				{
					"name": "main6",
					"parent": "root",
					"pivot": [0, 10, 0],
					"cubes": [
						{"origin": [0, 4, -6], "size": [0, 12, 12], "pivot": [0, 10, 0], "rotation": [0, 90, 0], "uv": [0, 0]},
						{"origin": [7.5, 13, -0.25], "size": [0, 8, 1], "pivot": [7.5, 17, 0.25], "rotation": [0, 90, 42.5], "uv": [2, 0]},
						{"origin": [7.5, 19.75, 10.75], "size": [0, 8, 1], "pivot": [7.5, 17, 0.25], "rotation": [0, 90, 117.5], "uv": [2, 0]},
						{"origin": [-3.24233, 0.13134, -0.25], "size": [0, 8, 1], "pivot": [-3.24233, 4.13134, 0.25], "rotation": [0, 90, -122.5], "uv": [2, 0]},
						{"origin": [7.5, 19.5, 2.75], "size": [0, 6, 1], "pivot": [7.5, 17, 0.25], "rotation": [0, 90, -2.5], "uv": [8, 0]},
						{"origin": [7.69567, 23.45928, -0.25], "size": [0, 6, 1], "pivot": [7.69567, 26.45928, 0.25], "rotation": [0, 90, -65], "uv": [6, 0]},
						{"origin": [8.80909, 30.81025, -20.25], "size": [0, 6, 1], "pivot": [8.80909, 25.81025, 0.25], "rotation": [0, 90, -65], "uv": [6, 0]},
						{"origin": [12.93603, 14.66635, -0.25], "size": [0, 6, 1], "pivot": [12.93603, 29.66635, 0.25], "rotation": [0, 90, -42.5], "uv": [4, 0]},
						{"origin": [15.63603, 22.56635, -28.25], "size": [0, 6, 1], "pivot": [15.63603, 29.56635, 0.25], "rotation": [0, 90, -42.5], "uv": [4, 0]},
						{"origin": [7.5, 3.75, 1.75], "size": [0, 10, 1], "pivot": [7.5, 17, 0.25], "rotation": [0, 90, -107.5], "uv": [0, 0]},
						{"origin": [-12.72844, 9.16419, -3.34221], "size": [0, 8, 1], "pivot": [-12.72844, 19.81281, 0.25], "rotation": [0, 90, -75], "uv": [2, 0]},
						{"origin": [-12.72844, 19.79805, -4.13781], "size": [0, 6, 1], "pivot": [-12.72844, 19.81281, 0.25], "rotation": [0, 90, -120], "uv": [8, 0]},
						{"origin": [-12.72844, 13.86679, 1.10362], "size": [0, 10, 1], "pivot": [-12.72844, 19.81281, 0.25], "rotation": [0, 90, 135], "uv": [0, 0]},
						{"origin": [-12.72844, 12.97987, 5.4223], "size": [0, 6, 1], "pivot": [-12.72844, 19.81281, 0.25], "rotation": [0, 90, -160], "uv": [4, 0]},
						{"origin": [-0.75573, 30.32565, -15.25], "size": [0, 10, 1], "pivot": [-0.75573, 19.57565, 0.25], "rotation": [0, 90, -107.5], "uv": [0, 0]}
					]
				},
				{
					"name": "main7",
					"parent": "root",
					"pivot": [0, 10, 0],
					"cubes": [
						{"origin": [0, 4, -6], "size": [0, 12, 12], "pivot": [0, 10, 0], "rotation": [0, 90, 0], "uv": [0, 0]},
						{"origin": [7.5, 13, -0.25], "size": [0, 8, 1], "pivot": [7.5, 17, 0.25], "rotation": [0, 90, 42.5], "uv": [2, 0]},
						{"origin": [7.5, 19.75, 10.75], "size": [0, 8, 1], "pivot": [7.5, 17, 0.25], "rotation": [0, 90, 117.5], "uv": [2, 0]},
						{"origin": [-3.24233, 0.13134, -0.25], "size": [0, 8, 1], "pivot": [-3.24233, 4.13134, 0.25], "rotation": [0, 90, -122.5], "uv": [2, 0]},
						{"origin": [7.5, 19.5, 2.75], "size": [0, 6, 1], "pivot": [7.5, 17, 0.25], "rotation": [0, 90, -2.5], "uv": [8, 0]},
						{"origin": [7.69567, 23.45928, -0.25], "size": [0, 6, 1], "pivot": [7.69567, 26.45928, 0.25], "rotation": [0, 90, -65], "uv": [6, 0]},
						{"origin": [8.80909, 30.81025, -20.25], "size": [0, 6, 1], "pivot": [8.80909, 25.81025, 0.25], "rotation": [0, 90, -65], "uv": [6, 0]},
						{"origin": [12.93603, 14.66635, -0.25], "size": [0, 6, 1], "pivot": [12.93603, 29.66635, 0.25], "rotation": [0, 90, -42.5], "uv": [4, 0]},
						{"origin": [15.63603, 22.56635, -28.25], "size": [0, 6, 1], "pivot": [15.63603, 29.56635, 0.25], "rotation": [0, 90, -42.5], "uv": [4, 0]},
						{"origin": [7.5, 3.75, 1.75], "size": [0, 10, 1], "pivot": [7.5, 17, 0.25], "rotation": [0, 90, -107.5], "uv": [0, 0]},
						{"origin": [-12.72844, 9.16419, -3.34221], "size": [0, 8, 1], "pivot": [-12.72844, 19.81281, 0.25], "rotation": [0, 90, -75], "uv": [2, 0]},
						{"origin": [-12.72844, 19.79805, -4.13781], "size": [0, 6, 1], "pivot": [-12.72844, 19.81281, 0.25], "rotation": [0, 90, -120], "uv": [8, 0]},
						{"origin": [-12.72844, 13.86679, 1.10362], "size": [0, 10, 1], "pivot": [-12.72844, 19.81281, 0.25], "rotation": [0, 90, 135], "uv": [0, 0]},
						{"origin": [-12.72844, 12.97987, 5.4223], "size": [0, 6, 1], "pivot": [-12.72844, 19.81281, 0.25], "rotation": [0, 90, -160], "uv": [4, 0]},
						{"origin": [-0.75573, 30.32565, -15.25], "size": [0, 10, 1], "pivot": [-0.75573, 19.57565, 0.25], "rotation": [0, 90, -107.5], "uv": [0, 0]}
					]
				},
				{
					"name": "locator",
					"pivot": [0, 10, 0],
					"locators": {
						"trail": [0, 10, 0]
					}
				},
				{
					"name": "rightArm",
					"pivot": [0, 20, 0]
				}
			]
		}
	]
}