{
	"format_version": "1.12.0",
	"minecraft:geometry": [
		{
			"description": {
				"identifier": "geometry.ic_rush",
				"texture_width": 128,
				"texture_height": 128,
				"visible_bounds_width": 10,
				"visible_bounds_height": 10,
				"visible_bounds_offset": [0, 2, 0]
			},
			"bones": [
				{
					"name": "root",
					"pivot": [0, 0, 0],
					"cubes": [
						{"origin": [-20, 3, -1], "size": [40, 48, 0], "uv": [0, 0]}
					],
					"locators": {
						"trail": {
							"offset": [0, 32, 3],
							"rotation": [0, 90, 0]
						}
					}
				},
				{
					"name": "lower_teeth",
					"parent": "root",
					"pivot": [0, 15, 0],
					"cubes": [
						{"origin": [-14, 7, -1.1], "size": [28, 9, 0], "uv": [0, 86]}
					]
				},
				{
					"name": "upper_teeth",
					"parent": "root",
					"pivot": [0, 28, 0],
					"cubes": [
						{"origin": [-17, 21, -1.1], "size": [34, 12, 0], "uv": [0, 116]}
					]
				},
				{
					"name": "trail1",
					"parent": "root",
					"pivot": [1, 29, 2.5],
					"cubes": [
						{
							"origin": [-47.62, -19.62, 1.395],
							"size": [97.24, 97.24, 2.21],
							"uv": {
								"north": {"uv": [84, 45], "uv_size": [44, 44]},
								"east": {"uv": [38, 45], "uv_size": [1, 44]},
								"south": {"uv": [128, 45], "uv_size": [-44, 44]},
								"west": {"uv": [83, 45], "uv_size": [1, 44]},
								"up": {"uv": [39, 44], "uv_size": [44, 1]},
								"down": {"uv": [83, 45], "uv_size": [44, -1]}
							}
						}
					]
				},
				{
					"name": "trail2",
					"parent": "root",
					"pivot": [1, 29, 4.5],
					"rotation": [0, 0, -45],
					"cubes": [
						{
							"origin": [-50.48, -22.48, -0.27],
							"size": [102.96, 102.96, 2.34],
							"uv": {
								"north": {"uv": [84, 45], "uv_size": [44, 44]},
								"east": {"uv": [38, 45], "uv_size": [1, 44]},
								"south": {"uv": [128, 45], "uv_size": [-44, 44]},
								"west": {"uv": [83, 45], "uv_size": [1, 44]},
								"up": {"uv": [39, 44], "uv_size": [44, 1]},
								"down": {"uv": [83, 45], "uv_size": [44, -1]}
							}
						}
					]
				}
			]
		}
	]
}