{
	"format_version": "1.12.0",
	"minecraft:geometry": [
		{
			"description": {
				"identifier": "geometry.ic_snare",
				"texture_width": 64,
				"texture_height": 64,
				"visible_bounds_width": 2,
				"visible_bounds_height": 1.5,
				"visible_bounds_offset": [0, 0.25, 0]
			},
			"bones": [
				{
					"name": "main",
					"pivot": [0, -1, 0],
					"cubes": [
						{"origin": [-5, 0, -5], "size": [10, 1, 10], "uv": [0, 0]},
						{"origin": [-4.5, 0.5, -4.5], "size": [9, 1, 9], "uv": [0, 11]},
						{"origin": [-4, 1, -4], "size": [8, 1, 8], "uv": [0, 21]}
					]
				},
				{
					"name": "spike1",
					"parent": "main",
					"pivot": [0, 0.5, 0],
					"rotation": [-10, 0, 0],
					"cubes": [
						{"origin": [-4, -1, 0], "size": [8, 3, 0], "uv": [27, 11]}
					]
				},
				{
					"name": "spike2",
					"parent": "main",
					"pivot": [0, 0.5, 0],
					"rotation": [17.5, -45, 0],
					"cubes": [
						{"origin": [-4, -1, 0], "size": [8, 3, 0], "uv": [27, 11], "mirror": true}
					]
				},
				{
					"name": "spike3",
					"parent": "main",
					"pivot": [0, 0.5, 0],
					"rotation": [-170, -57.5, 180],
					"cubes": [
						{"origin": [-4, -1, 0], "size": [8, 3, 0], "uv": [27, 11]}
					]
				}
			]
		}
	]
}