{
	"format_version": "1.12.0",
	"minecraft:geometry": [
		{
			"description": {
				"identifier": "geometry.ic_screech",
				"texture_width": 32,
				"texture_height": 32,
				"visible_bounds_width": 3,
				"visible_bounds_height": 3.5,
				"visible_bounds_offset": [0, 1.25, 0]
			},
			"bones": [
				{
					"name": "root",
					"pivot": [0, 11, 0]
				},
				{
					"name": "main",
					"parent": "root",
					"pivot": [0, 26, 0],
					"cubes": [
						{"origin": [-3, 28, -2], "size": [6, 4, 4], "uv": [0, 12]},
						{
							"origin": [-3.5, 27.75, -2.5],
							"size": [7, 5, 5],
							"uv": {
								"north": {"uv": [5, 5], "uv_size": [7, 5]},
								"east": {"uv": [0, 5], "uv_size": [5, 5]},
								"south": {"uv": [17, 5], "uv_size": [7, 5]},
								"west": {"uv": [12, 5], "uv_size": [5, 5]},
								"up": {"uv": [5, 0], "uv_size": [7, 5]},
								"down": {"uv": [25, 10], "uv_size": [7, -5]}
							}
						}
					]
				},
				{
					"name": "mouth",
					"parent": "main",
					"pivot": [0, 28, 2],
					"cubes": [
						{
							"origin": [-3, 26, -2],
							"size": [6, 2, 4],
							"uv": {
								"north": {"uv": [4, 20], "uv_size": [6, 2]},
								"east": {"uv": [0, 20], "uv_size": [4, 2]},
								"south": {"uv": [14, 20], "uv_size": [6, 2]},
								"west": {"uv": [10, 20], "uv_size": [4, 2]},
								"up": {"uv": [20, 16], "uv_size": [6, 4]},
								"down": {"uv": [26, 20], "uv_size": [6, -4]}
							}
						},
						{
							"origin": [-3.36, 25.81, -2.4],
							"size": [6.72, 2.88, 4.8],
							"uv": {
								"north": {"uv": [5, 10], "uv_size": [7, 2]},
								"east": {"uv": [0, 10], "uv_size": [5, 2]},
								"south": {"uv": [17, 10], "uv_size": [7, 2]},
								"west": {"uv": [12, 10], "uv_size": [5, 2]},
								"up": {"uv": [25, 6], "uv_size": [7, 5]},
								"down": {"uv": [12, 5], "uv_size": [7, -5]}
							}
						}
					]
				},
				{
					"name": "tentacle_1",
					"parent": "main",
					"pivot": [2, 32.25, 0],
					"rotation": [0, 0, 15],
					"cubes": [
						{"origin": [1, 32.25, -1], "size": [2, 3, 2], "uv": [19, 0]}
					]
				},
				{
					"name": "tentacle_12",
					"parent": "tentacle_1",
					"pivot": [1.98719, 35.10622, 0],
					"rotation": [0, 0, -12.5],
					"cubes": [
						{"origin": [1.51896, 34.1356, -0.5], "size": [1, 3, 1], "uv": [0, 0]}
					]
				},
				{
					"name": "tentacle_13",
					"parent": "tentacle_12",
					"pivot": [1.98719, 38.00622, 0],
					"rotation": [0, 0, -12.5]
				},
				{
					"name": "tentacle_2",
					"parent": "main",
					"pivot": [-2.75, 32, 0],
					"rotation": [-1.93198, 4.37667, -47.37088],
					"cubes": [
						{"origin": [-3.75, 32, -1], "size": [2, 3, 2], "uv": [19, 0]}
					]
				},
				{
					"name": "tentacle_22",
					"parent": "tentacle_2",
					"pivot": [-2.76281, 34.85622, 0],
					"rotation": [0, 0, -12.5],
					"cubes": [
						{"origin": [-3.23104, 33.8856, -0.5], "size": [1, 3, 1], "uv": [0, 0]}
					]
				},
				{
					"name": "tentacle_23",
					"parent": "tentacle_22",
					"pivot": [-2.76281, 37.75622, 0],
					"rotation": [0, 0, -12.5]
				},
				{
					"name": "tentacle_3",
					"parent": "main",
					"pivot": [2.25, 29, 0],
					"rotation": [-178.9807, 0.16918, -85.21242],
					"cubes": [
						{"origin": [1.25, 29, -1], "size": [2, 3, 2], "uv": [8, 22]}
					]
				},
				{
					"name": "tentacle_32",
					"parent": "tentacle_3",
					"pivot": [2.23719, 31.85622, 0],
					"rotation": [0, 0, 20],
					"cubes": [
						{"origin": [1.76896, 30.8856, -0.5], "size": [1, 3, 1], "uv": [0, 0]}
					]
				},
				{
					"name": "tentacle_33",
					"parent": "tentacle_32",
					"pivot": [2.23719, 34.75622, 0],
					"rotation": [0, 0, -12.5]
				},
				{
					"name": "tentacle_4",
					"parent": "main",
					"pivot": [1.25, 26.25, 0],
					"rotation": [-179.3096, -0.76874, -27.71855],
					"cubes": [
						{"origin": [0.25, 26.25, -1], "size": [2, 3, 2], "uv": [0, 22]}
					]
				},
				{
					"name": "tentacle_42",
					"parent": "tentacle_4",
					"pivot": [1.23719, 29.10622, 0],
					"rotation": [0, 0, 25],
					"cubes": [
						{"origin": [0.76896, 28.1356, -0.5], "size": [1, 3, 1], "uv": [0, 0]}
					]
				},
				{
					"name": "tentacle_43",
					"parent": "tentacle_42",
					"pivot": [1.23719, 32.00622, 0],
					"rotation": [0, 0, -12.5]
				},
				{
					"name": "tentacle_5",
					"parent": "main",
					"pivot": [-2.75, 29, 0],
					"rotation": [-4.78226, 0.10233, -112.30132],
					"cubes": [
						{"origin": [-3.75, 29, -1], "size": [2, 3, 2], "uv": [8, 22]}
					]
				},
				{
					"name": "tentacle_52",
					"parent": "tentacle_5",
					"pivot": [-2.76281, 31.85622, 0],
					"rotation": [0, 0, -12.5],
					"cubes": [
						{"origin": [-3.23104, 30.8856, -0.5], "size": [1, 3, 1], "uv": [0, 0]}
					]
				},
				{
					"name": "tentacle_53",
					"parent": "tentacle_52",
					"pivot": [-2.76281, 34.75622, 0],
					"rotation": [0, 0, -12.5]
				},
				{
					"name": "tentacle_6",
					"parent": "main",
					"pivot": [-2.25, 26.75, 0],
					"rotation": [-2.66019, -3.97684, -169.70467],
					"cubes": [
						{"origin": [-3.25, 26.75, -1], "size": [2, 3, 2], "uv": [19, 0]}
					]
				},
				{
					"name": "tentacle_62",
					"parent": "tentacle_6",
					"pivot": [-2.26281, 29.60622, 0],
					"rotation": [0, 0, -12.5],
					"cubes": [
						{"origin": [-2.73104, 28.6356, -0.5], "size": [1, 3, 1], "uv": [0, 0]}
					]
				},
				{
					"name": "tentacle_63",
					"parent": "tentacle_62",
					"pivot": [-2.26281, 32.50622, 0],
					"rotation": [0, 0, -12.5]
				},
				{
					"name": "eyes",
					"parent": "main",
					"pivot": [0, 30.5, -2.5],
					"cubes": [
						{"origin": [-2.75, 30, -2.525], "size": [1, 1, 0], "uv": [30, 0]},
						{"origin": [1.75, 30, -2.525], "size": [1, 1, 0], "uv": [30, 0], "mirror": true}
					]
				}
			]
		}
	]
}