{
	"format_version": "1.12.0",
	"minecraft:geometry": [
		{
			"description": {
				"identifier": "geometry.ic_timothy",
				"texture_width": 64,
				"texture_height": 32,
				"visible_bounds_width": 4,
				"visible_bounds_height": 2,
				"visible_bounds_offset": [0, 1, 0]
			},
			"bones": [
				{
					"name": "body0",
					"pivot": [0, 9, 0],
					"cubes": [
						{
							"origin": [-0.81, 1.62, -0.81],
							"size": [1.62, 1.62, 1.62],
							"uv": {
								"north": {"uv": [6, 6], "uv_size": [6, 6]},
								"east": {"uv": [0, 6], "uv_size": [6, 6]},
								"south": {"uv": [18, 6], "uv_size": [6, 6]},
								"west": {"uv": [12, 6], "uv_size": [6, 6]},
								"up": {"uv": [6, 0], "uv_size": [6, 6]},
								"down": {"uv": [12, 6], "uv_size": [6, -6]}
							}
						}
					]
				},
				{
					"name": "head",
					"parent": "body0",
					"pivot": [0, 2.43, -0.81],
					"cubes": [
						{
							"origin": [-1.08, 1.35, -2.97],
							"size": [2.16, 2.16, 2.16],
							"uv": {
								"north": {"uv": [40, 12], "uv_size": [8, 8]},
								"east": {"uv": [32, 12], "uv_size": [8, 8]},
								"south": {"uv": [56, 12], "uv_size": [8, 8]},
								"west": {"uv": [48, 12], "uv_size": [8, 8]},
								"up": {"uv": [40, 4], "uv_size": [8, 8]},
								"down": {"uv": [48, 12], "uv_size": [8, -8]}
							}
						}
					]
				},
				{
					"name": "body1",
					"parent": "body0",
					"pivot": [0, 2.43, 2.43],
					"cubes": [
						{
							"origin": [-1.35, 1.35, 0.81],
							"size": [2.7, 2.16, 3.24],
							"uv": {
								"north": {"uv": [12, 24], "uv_size": [10, 8]},
								"east": {"uv": [0, 24], "uv_size": [12, 8]},
								"south": {"uv": [34, 24], "uv_size": [10, 8]},
								"west": {"uv": [22, 24], "uv_size": [12, 8]},
								"up": {"uv": [12, 12], "uv_size": [10, 12]},
								"down": {"uv": [22, 24], "uv_size": [10, -12]}
							}
						}
					]
				},
				{
					"name": "leg0",
					"parent": "body0",
					"pivot": [-1.08, 2.43, 0.54],
					"rotation": [0.69931, 39.92865, -29.38699],
					"cubes": [
						{
							"origin": [-3.51, 2.16, 0.27],
							"size": [2.7, 0.54, 0.54],
							"uv": {
								"north": {"uv": [20, 2], "uv_size": [10, 2]},
								"east": {"uv": [18, 2], "uv_size": [2, 2]},
								"south": {"uv": [32, 2], "uv_size": [10, 2]},
								"west": {"uv": [30, 2], "uv_size": [2, 2]},
								"up": {"uv": [20, 0], "uv_size": [10, 2]},
								"down": {"uv": [30, 2], "uv_size": [10, -2]}
							}
						}
					]
				},
				{
					"name": "leg_0",
					"parent": "leg0",
					"pivot": [-3.51, 2.43, 0.54],
					"rotation": [4.50432, 19.50645, -19.22537],
					"cubes": [
						{
							"origin": [-5.94, 2.16, 0.27],
							"size": [2.7, 0.54, 0.54],
							"uv": {
								"north": {"uv": [20, 2], "uv_size": [10, 2]},
								"east": {"uv": [18, 2], "uv_size": [2, 2]},
								"south": {"uv": [32, 2], "uv_size": [10, 2]},
								"west": {"uv": [30, 2], "uv_size": [2, 2]},
								"up": {"uv": [20, 0], "uv_size": [10, 2]},
								"down": {"uv": [30, 2], "uv_size": [10, -2]}
							}
						}
					]
				},
				{
					"name": "leg4",
					"parent": "body0",
					"pivot": [1.08, 2.43, 0.54],
					"rotation": [0.69931, -39.92865, 29.38699],
					"cubes": [
						{
							"origin": [0.81, 2.16, 0.27],
							"size": [2.7, 0.54, 0.54],
							"uv": {
								"north": {"uv": [30, 2], "uv_size": [-10, 2]},
								"east": {"uv": [32, 2], "uv_size": [-2, 2]},
								"south": {"uv": [42, 2], "uv_size": [-10, 2]},
								"west": {"uv": [20, 2], "uv_size": [-2, 2]},
								"up": {"uv": [30, 0], "uv_size": [-10, 2]},
								"down": {"uv": [40, 2], "uv_size": [-10, -2]}
							}
						}
					]
				},
				{
					"name": "leg_4",
					"parent": "leg4",
					"pivot": [3.51, 2.43, 0.54],
					"rotation": [4.50432, -19.50645, 19.22537],
					"cubes": [
						{
							"origin": [3.24, 2.16, 0.27],
							"size": [2.7, 0.54, 0.54],
							"uv": {
								"north": {"uv": [30, 2], "uv_size": [-10, 2]},
								"east": {"uv": [32, 2], "uv_size": [-2, 2]},
								"south": {"uv": [42, 2], "uv_size": [-10, 2]},
								"west": {"uv": [20, 2], "uv_size": [-2, 2]},
								"up": {"uv": [30, 0], "uv_size": [-10, 2]},
								"down": {"uv": [40, 2], "uv_size": [-10, -2]}
							}
						}
					]
				},
				{
					"name": "leg1",
					"parent": "body0",
					"pivot": [-1.08, 2.43, 0.27],
					"rotation": [1.9769, 9.37574, -18.25308],
					"cubes": [
						{
							"origin": [-3.51, 2.16, 0],
							"size": [2.7, 0.54, 0.54],
							"uv": {
								"north": {"uv": [20, 2], "uv_size": [10, 2]},
								"east": {"uv": [18, 2], "uv_size": [2, 2]},
								"south": {"uv": [32, 2], "uv_size": [10, 2]},
								"west": {"uv": [30, 2], "uv_size": [2, 2]},
								"up": {"uv": [20, 0], "uv_size": [10, 2]},
								"down": {"uv": [30, 2], "uv_size": [10, -2]}
							}
						}
					]
				},
				{
					"name": "leg_1",
					"parent": "leg1",
					"pivot": [-3.51, 2.43, 0.27],
					"rotation": [4.27764, 7.04282, -20.20673],
					"cubes": [
						{
							"origin": [-5.94, 2.16, 0],
							"size": [2.7, 0.54, 0.54],
							"uv": {
								"north": {"uv": [20, 2], "uv_size": [10, 2]},
								"east": {"uv": [18, 2], "uv_size": [2, 2]},
								"south": {"uv": [32, 2], "uv_size": [10, 2]},
								"west": {"uv": [30, 2], "uv_size": [2, 2]},
								"up": {"uv": [20, 0], "uv_size": [10, 2]},
								"down": {"uv": [30, 2], "uv_size": [10, -2]}
							}
						}
					]
				},
				{
					"name": "leg5",
					"parent": "body0",
					"pivot": [1.08, 2.43, 0.27],
					"rotation": [1.9769, -9.37574, 18.25308],
					"cubes": [
						{
							"origin": [0.81, 2.16, 0],
							"size": [2.7, 0.54, 0.54],
							"uv": {
								"north": {"uv": [30, 2], "uv_size": [-10, 2]},
								"east": {"uv": [32, 2], "uv_size": [-2, 2]},
								"south": {"uv": [42, 2], "uv_size": [-10, 2]},
								"west": {"uv": [20, 2], "uv_size": [-2, 2]},
								"up": {"uv": [30, 0], "uv_size": [-10, 2]},
								"down": {"uv": [40, 2], "uv_size": [-10, -2]}
							}
						}
					]
				},
				{
					"name": "leg_5",
					"parent": "leg5",
					"pivot": [3.51, 2.43, 0.27],
					"rotation": [4.27764, -7.04282, 20.20673],
					"cubes": [
						{
							"origin": [3.24, 2.16, 0],
							"size": [2.7, 0.54, 0.54],
							"uv": {
								"north": {"uv": [30, 2], "uv_size": [-10, 2]},
								"east": {"uv": [32, 2], "uv_size": [-2, 2]},
								"south": {"uv": [42, 2], "uv_size": [-10, 2]},
								"west": {"uv": [20, 2], "uv_size": [-2, 2]},
								"up": {"uv": [30, 0], "uv_size": [-10, 2]},
								"down": {"uv": [40, 2], "uv_size": [-10, -2]}
							}
						}
					]
				},
				{
					"name": "leg2",
					"parent": "body0",
					"pivot": [-1.08, 2.43, 0],
					"rotation": [2.21126, -28.10104, -19.61723],
					"cubes": [
						{
							"origin": [-3.51, 2.16, -0.27],
							"size": [2.7, 0.54, 0.54],
							"uv": {
								"north": {"uv": [20, 2], "uv_size": [10, 2]},
								"east": {"uv": [18, 2], "uv_size": [2, 2]},
								"south": {"uv": [32, 2], "uv_size": [10, 2]},
								"west": {"uv": [30, 2], "uv_size": [2, 2]},
								"up": {"uv": [20, 0], "uv_size": [10, 2]},
								"down": {"uv": [30, 2], "uv_size": [10, -2]}
							}
						}
					]
				},
				{
					"name": "leg_2",
					"parent": "leg2",
					"pivot": [-3.51, 2.43, 0],
					"rotation": [4.27764, 7.04282, -20.20673],
					"cubes": [
						{
							"origin": [-5.94, 2.16, -0.27],
							"size": [2.7, 0.54, 0.54],
							"uv": {
								"north": {"uv": [20, 2], "uv_size": [10, 2]},
								"east": {"uv": [18, 2], "uv_size": [2, 2]},
								"south": {"uv": [32, 2], "uv_size": [10, 2]},
								"west": {"uv": [30, 2], "uv_size": [2, 2]},
								"up": {"uv": [20, 0], "uv_size": [10, 2]},
								"down": {"uv": [30, 2], "uv_size": [10, -2]}
							}
						}
					]
				},
				{
					"name": "leg6",
					"parent": "body0",
					"pivot": [1.08, 2.43, 0],
					"rotation": [2.21126, 28.10104, 19.61723],
					"cubes": [
						{
							"origin": [0.81, 2.16, -0.27],
							"size": [2.7, 0.54, 0.54],
							"uv": {
								"north": {"uv": [30, 2], "uv_size": [-10, 2]},
								"east": {"uv": [32, 2], "uv_size": [-2, 2]},
								"south": {"uv": [42, 2], "uv_size": [-10, 2]},
								"west": {"uv": [20, 2], "uv_size": [-2, 2]},
								"up": {"uv": [30, 0], "uv_size": [-10, 2]},
								"down": {"uv": [40, 2], "uv_size": [-10, -2]}
							}
						}
					]
				},
				{
					"name": "leg_6",
					"parent": "leg6",
					"pivot": [3.51, 2.43, 0],
					"rotation": [4.27764, -7.04282, 20.20673],
					"cubes": [
						{
							"origin": [3.24, 2.16, -0.27],
							"size": [2.7, 0.54, 0.54],
							"uv": {
								"north": {"uv": [30, 2], "uv_size": [-10, 2]},
								"east": {"uv": [32, 2], "uv_size": [-2, 2]},
								"south": {"uv": [42, 2], "uv_size": [-10, 2]},
								"west": {"uv": [20, 2], "uv_size": [-2, 2]},
								"up": {"uv": [30, 0], "uv_size": [-10, 2]},
								"down": {"uv": [40, 2], "uv_size": [-10, -2]}
							}
						}
					]
				},
				{
					"name": "leg3",
					"parent": "body0",
					"pivot": [-1.08, 2.43, -0.54],
					"rotation": [6.09395, -50.37849, -24.86601],
					"cubes": [
						{
							"origin": [-3.51, 2.16, -0.81],
							"size": [2.7, 0.54, 0.54],
							"uv": {
								"north": {"uv": [20, 2], "uv_size": [10, 2]},
								"east": {"uv": [18, 2], "uv_size": [2, 2]},
								"south": {"uv": [32, 2], "uv_size": [10, 2]},
								"west": {"uv": [30, 2], "uv_size": [2, 2]},
								"up": {"uv": [20, 0], "uv_size": [10, 2]},
								"down": {"uv": [30, 2], "uv_size": [10, -2]}
							}
						}
					]
				},
				{
					"name": "leg_3",
					"parent": "leg3",
					"pivot": [-3.51, 2.43, -0.54],
					"rotation": [4.27764, 7.04282, -20.20673],
					"cubes": [
						{
							"origin": [-5.94, 2.16, -0.81],
							"size": [2.7, 0.54, 0.54],
							"uv": {
								"north": {"uv": [20, 2], "uv_size": [10, 2]},
								"east": {"uv": [18, 2], "uv_size": [2, 2]},
								"south": {"uv": [32, 2], "uv_size": [10, 2]},
								"west": {"uv": [30, 2], "uv_size": [2, 2]},
								"up": {"uv": [20, 0], "uv_size": [10, 2]},
								"down": {"uv": [30, 2], "uv_size": [10, -2]}
							}
						}
					]
				},
				{
					"name": "leg7",
					"parent": "body0",
					"pivot": [1.08, 2.43, -0.54],
					"rotation": [6.09395, 50.37849, 24.86601],
					"cubes": [
						{
							"origin": [0.81, 2.16, -0.81],
							"size": [2.7, 0.54, 0.54],
							"uv": {
								"north": {"uv": [30, 2], "uv_size": [-10, 2]},
								"east": {"uv": [32, 2], "uv_size": [-2, 2]},
								"south": {"uv": [42, 2], "uv_size": [-10, 2]},
								"west": {"uv": [20, 2], "uv_size": [-2, 2]},
								"up": {"uv": [30, 0], "uv_size": [-10, 2]},
								"down": {"uv": [40, 2], "uv_size": [-10, -2]}
							}
						}
					]
				},
				{
					"name": "leg_7",
					"parent": "leg7",
					"pivot": [3.51, 2.43, -0.54],
					"rotation": [4.27764, -7.04282, 20.20673],
					"cubes": [
						{
							"origin": [3.24, 2.16, -0.81],
							"size": [2.7, 0.54, 0.54],
							"uv": {
								"north": {"uv": [30, 2], "uv_size": [-10, 2]},
								"east": {"uv": [32, 2], "uv_size": [-2, 2]},
								"south": {"uv": [42, 2], "uv_size": [-10, 2]},
								"west": {"uv": [20, 2], "uv_size": [-2, 2]},
								"up": {"uv": [30, 0], "uv_size": [-10, 2]},
								"down": {"uv": [40, 2], "uv_size": [-10, -2]}
							}
						}
					]
				}
			]
		}
	]
}