{
	"format_version": "1.8.0",
	"animations": {
	  "animation.a90.wait": {
		"animation_length": 10.0,
		"anim_time_update" : "query.anim_time + query.delta_time * 0.85",
		"loop" : true, 
		"timeline" :{
		"0.05" : "/playsound mob.a90.warn @s",
		"1.0" : "/replaceitem entity @s slot.armor.feet 0 minecraft:chainmail_boots",
		"3.58" : "/replaceitem entity @s slot.armor.feet 0 minecraft:air"
		}
	},
		"animation.a90.attack": {
		"animation_length": 0.58333,
		"anim_time_update" : "query.anim_time + query.delta_time * 0.7",
		"loop" : false, 
		"timeline" :{
		"0.05" : "/playsound mob.a90.attack @s",
		"0.5" : "/damage @s 18 none",
		"0.45" : "/replaceitem entity @s slot.armor.feet 0 minecraft:air"
		} 
	  }
   }
}