{
	"format_version": "1.8.0",
	"animations": {
	  "animation.figure.anim": {
		"animation_length": 10.0,
		"anim_time_update" : "query.anim_time + query.delta_time * 0.77",
		"loop" : false, 
		"timeline" :{
		"2.33" : "/execute @s ~ ~ ~ camerashake add @a[r=20] 1 1 positional",
		"2.53" : "/execute @s ~ ~ ~ camerashake stop @a[r=20]",
		"2.58" : "/execute @s ~ ~ ~ camerashake add @a[r=20] 1 1 positional",
		"2.78" : "/execute @s ~ ~ ~ camerashake stop @a[r=20]",
		"3.0" : "/execute @s ~ ~ ~ camerashake add @a[r=20] 1 1 positional",
		"3.2" : "/execute @s ~ ~ ~ camerashake stop @a[r=20]",
		"3.5" : "/execute @s ~ ~ ~ camerashake add @a[r=20] 1 1 positional",
		"3.7" : "/execute @s ~ ~ ~ camerashake stop @a[r=20]",
		"4.0" : "/execute @s ~ ~ ~ camerashake add @a[r=20] 1 1 positional",
		"5.58" : "/execute @s ~ ~ ~ camerashake add @a[r=20] 1 1 positional",
		"5.78" : "/execute @s ~ ~ ~ camerashake stop @a[r=20]",
		"6.04" : "/execute @s ~ ~ ~ camerashake add @a[r=20] 1 1 positional",
		"6.24" : "/execute @s ~ ~ ~ camerashake stop @a[r=20]",
		"6.37" : "/execute @s ~ ~ ~ camerashake add @a[r=20] 1 1 positional",
		"6.57" : "/execute @s ~ ~ ~ camerashake stop @a[r=20]",
		"6.95" : "/execute @s ~ ~ ~ camerashake add @a[r=20] 1 1 positional",
		"7.15" : "/execute @s ~ ~ ~ camerashake stop @a[r=20]",
		"7.25" : "/execute @s ~ ~ ~ camerashake add @a[r=20] 1 1 positional",
		"8.8" : "/event entity @s ic:anim_off"
		}
	  }
  }
}