{
	"format_version": "1.8.0",
	"animations": {
	"animation.candle_warning": {
		"animation_length": 0.2,
		"anim_time_update" : "query.anim_time + query.delta_time * 1.0",
		"loop" : false, 
		"timeline" :{
		"0.1" : "/replaceitem entity @s slot.armor.head 0 minecraft:air"
		}
	  },
	"animation.candle_warning2": {
		"animation_length": 2,
		"anim_time_update" : "query.anim_time + query.delta_time * 1.0",
		"loop" : true, 
		"timeline" :{
		"0.1" : "/particle ic:guiding_light ~ ~1 ~",
		"1.1" : "/title @s actionbar §o Your candle was blown out because of monsters nearby"
		}
	  },
	  "animation.lighter.on": {
		"animation_length": 0.02,
		"anim_time_update" : "query.anim_time + query.delta_time * 2.0",
		"loop" : true, 
		"timeline" :{
		"0.0" : "/function lighter",
		"0.01" : "/function lighter",
		"0.02" : "/function lighter"
		}
	  },
	"animation.lighter.off": {
		"animation_length": 0.6,
		"anim_time_update" : "query.anim_time + query.delta_time * 2.0",
		"loop" : false, 
		"timeline" :{
		"0.05" : "/replaceitem entity @s slot.armor.head 0 minecraft:air",
		"0.1" : "/execute @s ~ ~ ~ fill ~1 ~1 ~1 ~-1 ~-1 ~-1  air 0 replace light_block 8"
		}
	  } 
  }
}