{
	"format_version": "1.8.0",
	"animations": {
	  "animation.position": {
	"loop": false,
		"animation_length": 3.0,
		"anim_time_update": "query.anim_time + query.delta_time * 0.7",
		"timeline" :{
		"0.025" : "/execute @s[rym=22.5,ry=67.5,r=2] ~ ~ ~ tp ^ ^ ^ facing ~-90 ~ ~90",
		"0.05" : "/execute @s[rym=67.5,ry=112.5,r=2] ~ ~ ~ tp ^ ^ ^ facing ~-90 ~ ~",
		"0.075" : "/execute @s[rym=112.5,ry=157.5,r=2] ~ ~ ~ tp ^ ^ ^ facing ~-90 ~ ~-90",
		"0.1" : "/execute @s[rym=157.5,ry=-157.5,r=2] ~ ~ ~ tp ^ ^ ^ facing ~ ~ ~-90",
		"0.125" : "/execute @s[rym=-157.5,ry=-112.5,r=2] ~ ~ ~ tp ^ ^ ^ facing ~90 ~ ~-90",
		"0.15" : "/execute @s[rym=-112.5,ry=-67.5,r=2] ~ ~ ~ tp ^ ^ ^ facing ~90 ~ ~",
		"0.175" : "/execute @s[rym=-67.5,ry=-22.5,r=2] ~ ~ ~ tp ^ ^ ^ facing ~90 ~ ~90",
		"0.2" : "/execute @s[rym=-22.5,ry=22.5,r=2] ~ ~ ~ tp ^ ^ ^ facing ~ ~ ~90"
		}
	  }
  }
}