{
	"format_version": "1.12.0",
	"minecraft:geometry": [
		{
			"description": {
				"identifier": "geometry.ic_A120",
				"texture_width": 128,
				"texture_height": 128,
				"visible_bounds_width": 5,
				"visible_bounds_height": 5.5,
				"visible_bounds_offset": [0, 2.25, 0]
			},
			"bones": [
				{
					"name": "root",
					"pivot": [0, 0, 0],
					"cubes": [
						{"origin": [-20, 3, 0], "size": [40, 41, 0], "uv": [0, 0]}
					]
				},
				{
					"name": "glyph",
					"parent": "root",
					"pivot": [0, 0, 0],
					"cubes": [
						{"origin": [-20, 3, 0], "size": [40, 41, 0], "uv": [0, 0]}
					]
				}
			]
		}
	]
}