{
	"format_version": "1.12.0",
	"minecraft:geometry": [
		{
			"description": {
				"identifier": "geometry.ic_ambush",
				"texture_width": 128,
				"texture_height": 128,
				"visible_bounds_width": 10,
				"visible_bounds_height": 10,
				"visible_bounds_offset": [0, 2, 0]
			},
			"bones": [
				{
					"name": "root",
					"pivot": [0, 0, 0],
					"cubes": [
						{"origin": [-20, 3, 0], "size": [40, 48, 0], "uv": [0, 0]}
					],
					"locators": {
						"trail": {
							"offset": [0, 2, 0],
							"rotation": [0, 90, 0]
						}
					}
				}
			]
		}
	]
}