{
	"format_version": "1.12.0",
	"minecraft:geometry": [
		{
			"description": {
				"identifier": "geometry.ic_bob",
				"texture_width": 128,
				"texture_height": 128,
				"visible_bounds_width": 3,
				"visible_bounds_height": 3.5,
				"visible_bounds_offset": [0, 1.25, 0]
			},
			"bones": [
				{
					"name": "main",
					"pivot": [0, 0, 0]
				},
				{
					"name": "chair",
					"parent": "main",
					"pivot": [0, 0, 0],
					"rotation": [0, 22.5, 0],
					"cubes": [
						{"origin": [4, 0, -6], "size": [2, 10, 2], "uv": [0, 56], "mirror": true},
						{"origin": [-6, 0, -6], "size": [2, 10, 2], "uv": [0, 56], "mirror": true},
						{"origin": [-6, 0, 4], "size": [2, 10, 2], "uv": [0, 56]},
						{"origin": [4, 0, 4], "size": [2, 10, 2], "uv": [0, 56]},
						{"origin": [-6.5, 10, -6], "size": [13, 2, 12], "uv": [0, 0]},
						{"origin": [-7.025, 14.95, 8.85], "size": [14, 2, 8], "pivot": [0, 15, 7], "rotation": [80, 0, 0], "uv": [0, 14]},
						{"origin": [4.975, 15.45, 2.85], "size": [1, 1, 8], "pivot": [0, 15, 7], "rotation": [80, 0, 0], "uv": [16, 48]},
						{"origin": [-6.025, 15.45, 2.85], "size": [1, 1, 8], "pivot": [0, 15, 7], "rotation": [80, 0, 0], "uv": [46, 12]},
						{"origin": [4.5, 6, -5.5], "size": [1, 1, 11], "uv": [38, 0]},
						{"origin": [-5.5, 6, -5.5], "size": [11, 1, 1], "uv": [24, 28]},
						{"origin": [-5.5, 6, -5.5], "size": [1, 1, 11], "uv": [33, 14]},
						{"origin": [-5.5, 6, 4.5], "size": [11, 1, 1], "uv": [24, 26]}
					],
					"locators": {
						"effect": {
							"offset": [0, 19, 0],
							"rotation": [0, -42.5, 0]
						}
					}
				},
				{
					"name": "skeleton",
					"parent": "main",
					"pivot": [0, -3, 0],
					"rotation": [-12.5, 0, 0]
				},
				{
					"name": "leftLeg",
					"parent": "skeleton",
					"pivot": [3, 12.35231, -6.20814],
					"rotation": [-67.24687, -9.53274, -3.03513],
					"mirror": true,
					"cubes": [
						{"origin": [2, 6.35231, -7.20814], "size": [2, 6, 2], "uv": [41, 111], "mirror": false}
					]
				},
				{
					"name": "leftLeg2",
					"parent": "leftLeg",
					"pivot": [3, 6.35231, -6.20814],
					"rotation": [65, 0, 0],
					"mirror": true,
					"cubes": [
						{"origin": [1.95, 0.35231, -7.20814], "size": [2, 6, 2], "uv": [41, 117], "mirror": false}
					]
				},
				{
					"name": "rightLeg",
					"parent": "skeleton",
					"pivot": [-2, 12.35231, -6.20814],
					"rotation": [-62.37472, 31.26463, 9.36302],
					"cubes": [
						{"origin": [-3, 6.35231, -7.20814], "size": [2, 6, 2], "uv": [41, 111]}
					]
				},
				{
					"name": "rightLeg2",
					"parent": "rightLeg",
					"pivot": [-2, 6.35231, -6.20814],
					"rotation": [67.5, 0, 0],
					"cubes": [
						{"origin": [-3.05, 0.35231, -7.20814], "size": [2, 6, 2], "uv": [41, 117]}
					]
				},
				{
					"name": "waist",
					"parent": "skeleton",
					"pivot": [0, 12, -6],
					"rotation": [-17.5, 0, 0]
				},
				{
					"name": "body",
					"parent": "waist",
					"pivot": [0, 23.35231, -7.20814],
					"rotation": [7.5, 0, 0],
					"cubes": [
						{"origin": [-4, 11.35231, -9.20814], "size": [8, 12, 4], "uv": [17, 111]}
					]
				},
				{
					"name": "head",
					"parent": "body",
					"pivot": [0, 23.35231, -7.20814],
					"rotation": [13.58103, 35.11994, -5.77541],
					"cubes": [
						{"origin": [-4, 23.35231, -11.20814], "size": [8, 8, 8], "uv": [1, 95]}
					]
				},
				{
					"name": "hat",
					"parent": "head",
					"pivot": [0, 29.35231, -7.20814],
					"cubes": [
						{"origin": [-4, 29.35231, -11.20814], "size": [8, 2, 8], "inflate": 0.5, "uv": [0, 24]}
					]
				},
				{
					"name": "hat2",
					"parent": "head",
					"pivot": [0, 29.35231, -16.20814],
					"cubes": [
						{"origin": [-4.5, 29.35231, -14.70814], "size": [9, 0, 3], "uv": [66, 0]}
					]
				},
				{
					"name": "rightArm",
					"parent": "body",
					"pivot": [-5, 21.35231, -7.20814],
					"rotation": [26.40319, -7.98133, 15.62489],
					"cubes": [
						{"origin": [-6, 11.35231, -8.20814], "size": [2, 12, 2], "uv": [1, 111]}
					]
				},
				{
					"name": "rightItem",
					"parent": "rightArm",
					"pivot": [-6, 14.35231, -6.20814]
				},
				{
					"name": "leftArm",
					"parent": "body",
					"pivot": [5, 21.35231, -7.20814],
					"rotation": [22.32648, -2.86313, -10.56512],
					"mirror": true,
					"cubes": [
						{"origin": [4, 11.35231, -8.20814], "size": [2, 12, 2], "uv": [1, 111], "mirror": false}
					]
				},
				{
					"name": "leftItem",
					"parent": "leftArm",
					"pivot": [6, 14.35231, -6.20814]
				}
			]
		}
	]
}