{
	"format_version": "1.12.0",
	"minecraft:geometry": [
		{
			"description": {
				"identifier": "geometry.ic_eyes",
				"texture_width": 128,
				"texture_height": 128,
				"visible_bounds_width": 5,
				"visible_bounds_height": 5.5,
				"visible_bounds_offset": [0, 2.25, 0]
			},
			"bones": [
				{
					"name": "root",
					"pivot": [0, 0, 0],
					"cubes": [
						{"origin": [-20, 7, -1], "size": [40, 36, 0], "uv": [0, 0]}
					]
				},
				{
					"name": "trail1",
					"parent": "root",
					"pivot": [1, 29, 1.5],
					"cubes": [
						{"origin": [-19.5, -18, -1], "size": [36, 36, 0], "pivot": [0, 0, 0], "rotation": [90, 47.5, 180], "uv": [0, 68]}
					]
				}
			]
		}
	]
}