{
	"format_version": "1.12.0",
	"minecraft:geometry": [
		{
			"description": {
				"identifier": "geometry.ic_goblino",
				"texture_width": 64,
				"texture_height": 64,
				"visible_bounds_width": 3,
				"visible_bounds_height": 3.5,
				"visible_bounds_offset": [0, 1.25, 0]
			},
			"bones": [
				{
					"name": "main",
					"pivot": [0, 0, 0],
					"rotation": [0, 180, 0]
				},
				{
					"name": "waist",
					"parent": "main",
					"pivot": [0, 9, 0],
					"cubes": [
						{"origin": [-4, 9, -2], "size": [8, 4, 4], "uv": [24, 0]}
					]
				},
				{
					"name": "waist2",
					"parent": "waist",
					"pivot": [0, 12, 0],
					"cubes": [
						{"origin": [-4.5, 13, -2.5], "size": [9, 8, 5], "uv": [0, 16]}
					]
				},
				{
					"name": "head",
					"parent": "waist2",
					"pivot": [0, 21, 0],
					"rotation": [0, 180, 0],
					"cubes": [
						{"origin": [-4.5, 21, -4.5], "size": [9, 9, 9], "uv": [28, 46]}
					]
				},
				{
					"name": "leftEar",
					"parent": "head",
					"pivot": [-3, 28, -3],
					"rotation": [0, 0, -27.5],
					"cubes": [
						{"origin": [-6, 28, -2], "size": [5, 7, 0], "pivot": [-3, 28, -3], "rotation": [9.40218, -2.74622, 2.99662], "uv": [38, 34]}
					]
				},
				{
					"name": "rightEar",
					"parent": "head",
					"pivot": [3, 28, -3],
					"rotation": [0, 0, 27.5],
					"cubes": [
						{"origin": [1, 28, -2], "size": [5, 7, 0], "pivot": [3, 28, -3], "rotation": [9.40218, 2.74622, -2.99662], "uv": [38, 34], "mirror": true},
						{"origin": [6, 28, -4.75], "size": [2, 2, 0], "pivot": [5.5, 30.5, -4], "rotation": [90, 0, 47.5], "uv": [0, 5]}
					]
				},
				{
					"name": "nose",
					"parent": "head",
					"pivot": [0, 24, 3],
					"rotation": [-17.5, 0, 0],
					"cubes": [
						{"origin": [-1.5, 22.5, 2], "size": [3, 3, 5], "uv": [23, 24]}
					]
				},
				{
					"name": "nose2",
					"parent": "nose",
					"pivot": [-0.5, 24.5, 7],
					"rotation": [-10, 0, 0],
					"cubes": [
						{"origin": [-1, 23, 5], "size": [2, 2, 5], "uv": [27, 11]}
					]
				},
				{
					"name": "leftEye",
					"parent": "head",
					"pivot": [-3.5, 28.5, 4.5],
					"rotation": [10, -10, 0],
					"cubes": [
						{"origin": [-5.5, 25.26899, 2.78294], "size": [4, 4, 2], "uv": [1, 58]}
					]
				},
				{
					"name": "rightEye",
					"parent": "head",
					"pivot": [3.5, 28.5, 4.5],
					"rotation": [10, 10, 0],
					"cubes": [
						{"origin": [1.5, 25.26899, 2.78294], "size": [4, 4, 2], "uv": [1, 58], "mirror": true}
					]
				},
				{
					"name": "LeftArm",
					"parent": "waist2",
					"pivot": [-4.5, 20, 0],
					"cubes": [
						{"origin": [-7.5, 14.5, -1.5], "size": [3, 6, 3], "uv": [12, 29]}
					]
				},
				{
					"name": "LeftArm2",
					"parent": "LeftArm",
					"pivot": [-6, 15, 0],
					"cubes": [
						{"origin": [-7.5, 8.5, -1.5], "size": [3, 6, 3], "uv": [0, 29]},
						{
							"origin": [-7.535, 10.175, -1.53],
							"size": [3.06, 2.04, 3.06],
							"uv": {
								"north": {"uv": [55, 3], "uv_size": [3, 2]},
								"east": {"uv": [52, 3], "uv_size": [3, 2]},
								"south": {"uv": [61, 3], "uv_size": [3, 2]},
								"west": {"uv": [58, 3], "uv_size": [3, 2]},
								"up": {"uv": [55, 0], "uv_size": [3, 3]},
								"down": {"uv": [58, 3], "uv_size": [3, -3]}
							}
						},
						{"origin": [-9.18481, 10.03273, 3], "size": [1, 0, 2], "pivot": [-8.78481, 10.03273, 1], "rotation": [0, -90, -132.5], "uv": [0, 0]},
						{"origin": [-10.28481, 10.03273, 3], "size": [1, 0, 2], "pivot": [-8.78481, 10.03273, 1], "rotation": [0, -90, -130], "uv": [0, 0]},
						{"origin": [-10.41673, 10.08732, 2.1], "size": [1, 0, 2], "pivot": [-8.71673, 10.08732, 0.1], "rotation": [0, -90, -127.5], "uv": [0, 0]}
					]
				},
				{
					"name": "RightArm",
					"parent": "waist2",
					"pivot": [4.5, 20, 0],
					"cubes": [
						{"origin": [4.5, 14.5, -1.5], "size": [3, 6, 3], "uv": [12, 29], "mirror": true}
					]
				},
				{
					"name": "RightArm2",
					"parent": "RightArm",
					"pivot": [6, 15, 0],
					"cubes": [
						{"origin": [4.5, 8.5, -1.5], "size": [3, 6, 3], "uv": [0, 29], "mirror": true},
						{
							"origin": [4.475, 10.175, -1.53],
							"size": [3.06, 2.04, 3.06],
							"uv": {
								"north": {"uv": [58, 3], "uv_size": [-3, 2]},
								"east": {"uv": [61, 3], "uv_size": [-3, 2]},
								"south": {"uv": [64, 3], "uv_size": [-3, 2]},
								"west": {"uv": [55, 3], "uv_size": [-3, 2]},
								"up": {"uv": [58, 0], "uv_size": [-3, 3]},
								"down": {"uv": [61, 3], "uv_size": [-3, -3]}
							}
						},
						{"origin": [8.18481, 10.03273, 3], "size": [1, 0, 2], "pivot": [8.78481, 10.03273, 1], "rotation": [0, 90, 132.5], "uv": [0, 0], "mirror": true},
						{"origin": [9.28481, 10.03273, 3], "size": [1, 0, 2], "pivot": [8.78481, 10.03273, 1], "rotation": [0, 90, 130], "uv": [0, 0], "mirror": true},
						{"origin": [9.41673, 10.08732, 2.1], "size": [1, 0, 2], "pivot": [8.71673, 10.08732, 0.1], "rotation": [0, 90, 127.5], "uv": [0, 0], "mirror": true}
					]
				},
				{
					"name": "leftLeg",
					"parent": "main",
					"pivot": [-2, 10, 0],
					"cubes": [
						{"origin": [-3.5, 5, -1.5], "size": [3, 4, 3], "uv": [36, 8]},
						{
							"origin": [-3.67, 6, -1.84],
							"size": [3.51, 4.68, 3.51],
							"uv": {
								"north": {"uv": [3, 43], "uv_size": [3, 4]},
								"east": {"uv": [0, 43], "uv_size": [3, 4]},
								"south": {"uv": [9, 43], "uv_size": [3, 4]},
								"west": {"uv": [6, 43], "uv_size": [3, 4]},
								"up": {"uv": [3, 40], "uv_size": [3, 3]},
								"down": {"uv": [6, 43], "uv_size": [3, -3]}
							}
						}
					]
				},
				{
					"name": "leftLeg2",
					"parent": "leftLeg",
					"pivot": [-2, 6, 0],
					"cubes": [
						{"origin": [-3.5, 1, -1.5], "size": [3, 4, 3], "uv": [34, 18]}
					]
				},
				{
					"name": "leftLeg3",
					"parent": "leftLeg2",
					"pivot": [-2, 1, 0],
					"cubes": [
						{"origin": [-3.5, 0, -1.5], "size": [3, 1, 3], "uv": [34, 25]},
						{"origin": [-3.89526, 0.05589, -0.20672], "size": [1, 0, 2], "pivot": [-3.39526, 0.55589, 1.04328], "rotation": [15.22074, -9.65594, -92.61298], "uv": [0, 0]},
						{"origin": [-2.50015, 0.50354, 0.45454], "size": [1, 0, 2], "pivot": [-2.00015, 0.50354, 1.45454], "rotation": [-0.20469, -9.65629, -89.96567], "uv": [0, 0]},
						{"origin": [-1.04248, 1.33965, -0.05666], "size": [1, 0, 2], "pivot": [-0.54248, 0.58965, 0.94334], "rotation": [-17.70469, -9.65628, -89.96566], "uv": [0, 0]}
					]
				},
				{
					"name": "rightLeg",
					"parent": "main",
					"pivot": [2, 10, 0],
					"cubes": [
						{"origin": [0.5, 5, -1.5], "size": [3, 4, 3], "uv": [36, 8], "mirror": true},
						{
							"origin": [0.16, 6, -1.84],
							"size": [3.51, 4.68, 3.51],
							"uv": {
								"north": {"uv": [6, 43], "uv_size": [-3, 4]},
								"east": {"uv": [9, 43], "uv_size": [-3, 4]},
								"south": {"uv": [12, 43], "uv_size": [-3, 4]},
								"west": {"uv": [3, 43], "uv_size": [-3, 4]},
								"up": {"uv": [6, 40], "uv_size": [-3, 3]},
								"down": {"uv": [9, 43], "uv_size": [-3, -3]}
							}
						}
					]
				},
				{
					"name": "rightLeg2",
					"parent": "rightLeg",
					"pivot": [2, 6, 0],
					"cubes": [
						{"origin": [0.5, 1, -1.5], "size": [3, 4, 3], "uv": [34, 18], "mirror": true}
					]
				},
				{
					"name": "rightLeg3",
					"parent": "rightLeg2",
					"pivot": [2, 1, 0],
					"cubes": [
						{"origin": [0.5, 0, -1.5], "size": [3, 1, 3], "uv": [34, 25], "mirror": true},
						{"origin": [2.89526, 0.05589, -0.20672], "size": [1, 0, 2], "pivot": [3.39526, 0.55589, 1.04328], "rotation": [15.22074, 9.65594, 92.61298], "uv": [0, 0], "mirror": true},
						{"origin": [1.50015, 0.50354, 0.45454], "size": [1, 0, 2], "pivot": [2.00015, 0.50354, 1.45454], "rotation": [-0.20469, 9.65629, 89.96567], "uv": [0, 0], "mirror": true},
						{"origin": [0.04248, 1.33965, -0.05666], "size": [1, 0, 2], "pivot": [0.54248, 0.58965, 0.94334], "rotation": [-17.70469, 9.65628, 89.96566], "uv": [0, 0], "mirror": true}
					]
				}
			]
		}
	]
}