{
	"format_version": "1.12.0",
	"minecraft:geometry": [
		{
			"description": {
				"identifier": "geometry.ic_rift_itemholder",
				"texture_width": 32,
				"texture_height": 32,
				"visible_bounds_width": 3,
				"visible_bounds_height": 3.5,
				"visible_bounds_offset": [0, 1.25, 0]
			},
			"bones": [
				{
					"name": "root",
					"pivot": [0, 10, 0],
					"cubes": [
						{
							"origin": [-7.5, 2.5, 0],
							"size": [15, 15, 0],
							"uv": {
								"north": {"uv": [0, 0], "uv_size": [15, 15]},
								"east": {"uv": [0, 0], "uv_size": [0, 15]},
								"south": {"uv": [15, 0], "uv_size": [15, 15]},
								"west": {"uv": [15, 0], "uv_size": [0, 15]},
								"up": {"uv": [0, 0], "uv_size": [15, 0]},
								"down": {"uv": [15, 0], "uv_size": [15, 0]}
							}
						},
						{
							"origin": [-8.5, 1.5, -0.025],
							"size": [17, 17, 0],
							"uv": {
								"north": {"uv": [0, 0], "uv_size": [15, 15]},
								"east": {"uv": [0, 0], "uv_size": [0, 15]},
								"south": {"uv": [15, 0], "uv_size": [15, 15]},
								"west": {"uv": [15, 0], "uv_size": [0, 15]},
								"up": {"uv": [0, 0], "uv_size": [15, 0]},
								"down": {"uv": [15, 0], "uv_size": [15, 0]}
							}
						},
						{
							"origin": [-9.5, 0.5, -0.1],
							"size": [19, 19, 0],
							"uv": {
								"north": {"uv": [0, 0], "uv_size": [15, 15]},
								"east": {"uv": [0, 0], "uv_size": [0, 15]},
								"south": {"uv": [15, 0], "uv_size": [15, 15]},
								"west": {"uv": [15, 0], "uv_size": [0, 15]},
								"up": {"uv": [0, 0], "uv_size": [15, 0]},
								"down": {"uv": [15, 0], "uv_size": [15, 0]}
							}
						},
						{
							"origin": [-7.5, 2.5, 0],
							"size": [15, 15, 0],
							"uv": {
								"north": {"uv": [0, 0], "uv_size": [15, 15]},
								"east": {"uv": [0, 0], "uv_size": [0, 15]},
								"south": {"uv": [15, 0], "uv_size": [15, 15]},
								"west": {"uv": [15, 0], "uv_size": [0, 15]},
								"up": {"uv": [0, 0], "uv_size": [15, 0]},
								"down": {"uv": [15, 0], "uv_size": [15, 0]}
							}
						},
						{
							"origin": [-8.5, 1.5, -0.025],
							"size": [17, 17, 0],
							"uv": {
								"north": {"uv": [0, 0], "uv_size": [15, 15]},
								"east": {"uv": [0, 0], "uv_size": [0, 15]},
								"south": {"uv": [15, 0], "uv_size": [15, 15]},
								"west": {"uv": [15, 0], "uv_size": [0, 15]},
								"up": {"uv": [0, 0], "uv_size": [15, 0]},
								"down": {"uv": [15, 0], "uv_size": [15, 0]}
							}
						},
						{
							"origin": [-9.5, 0.5, -0.1],
							"size": [19, 19, 0],
							"uv": {
								"north": {"uv": [0, 0], "uv_size": [15, 15]},
								"east": {"uv": [0, 0], "uv_size": [0, 15]},
								"south": {"uv": [15, 0], "uv_size": [15, 15]},
								"west": {"uv": [15, 0], "uv_size": [0, 15]},
								"up": {"uv": [0, 0], "uv_size": [15, 0]},
								"down": {"uv": [15, 0], "uv_size": [15, 0]}
							}
						}
					]
				},
				{
					"name": "rightItem",
					"pivot": [0, 9, 3],
					"rotation": [-80, 0, 0]
				}
			]
		}
	]
}