{
	"format_version": "1.12.0",
	"minecraft:geometry": [
		{
			"description": {
				"identifier": "geometry.ic_screech",
				"texture_width": 32,
				"texture_height": 32,
				"visible_bounds_width": 3,
				"visible_bounds_height": 3.5,
				"visible_bounds_offset": [0, 1.25, 0]
			},
			"bones": [
				{
					"name": "root",
					"pivot": [0, 9, 0]
				},
				{
					"name": "main",
					"parent": "root",
					"pivot": [0, 24, 0],
					"cubes": [
						{"origin": [-3, 26, -2], "size": [6, 4, 4], "uv": [0, 12]},
						{"origin": [-3.5, 23.75, -2.5], "size": [7, 7, 5], "uv": [0, 0]}
					]
				},
				{
					"name": "mouth",
					"parent": "main",
					"pivot": [0, 26, 2],
					"cubes": [
						{"origin": [-3, 24, -2], "size": [6, 2, 4], "uv": [0, 16]}
					]
				},
				{
					"name": "tentacle_1",
					"parent": "main",
					"pivot": [2, 30.25, 0],
					"rotation": [0, 0, 15],
					"cubes": [
						{"origin": [1, 30.25, -1], "size": [2, 3, 2], "uv": [19, 0]}
					]
				},
				{
					"name": "tentacle_12",
					"parent": "tentacle_1",
					"pivot": [1.98719, 33.10622, 0],
					"rotation": [0, 0, -12.5],
					"cubes": [
						{"origin": [1.51896, 32.1356, -0.5], "size": [1, 3, 1], "uv": [0, 0]}
					]
				},
				{
					"name": "tentacle_13",
					"parent": "tentacle_12",
					"pivot": [1.98719, 36.00622, 0],
					"rotation": [0, 0, -12.5]
				},
				{
					"name": "tentacle_2",
					"parent": "main",
					"pivot": [-2.75, 30, 0],
					"rotation": [-1.93198, 4.37667, -47.37088],
					"cubes": [
						{"origin": [-3.75, 30, -1], "size": [2, 3, 2], "uv": [19, 0]}
					]
				},
				{
					"name": "tentacle_22",
					"parent": "tentacle_2",
					"pivot": [-2.76281, 32.85622, 0],
					"rotation": [0, 0, -12.5],
					"cubes": [
						{"origin": [-3.23104, 31.8856, -0.5], "size": [1, 3, 1], "uv": [0, 0]}
					]
				},
				{
					"name": "tentacle_23",
					"parent": "tentacle_22",
					"pivot": [-2.76281, 35.75622, 0],
					"rotation": [0, 0, -12.5]
				},
				{
					"name": "tentacle_3",
					"parent": "main",
					"pivot": [2.25, 27, 0],
					"rotation": [-178.9807, 0.16918, -85.21242],
					"cubes": [
						{"origin": [1.25, 27, -1], "size": [2, 3, 2], "uv": [8, 22]}
					]
				},
				{
					"name": "tentacle_32",
					"parent": "tentacle_3",
					"pivot": [2.23719, 29.85622, 0],
					"rotation": [0, 0, -12.5],
					"cubes": [
						{"origin": [1.76896, 28.8856, -0.5], "size": [1, 3, 1], "uv": [0, 0]}
					]
				},
				{
					"name": "tentacle_33",
					"parent": "tentacle_32",
					"pivot": [2.23719, 32.75622, 0],
					"rotation": [0, 0, -12.5]
				},
				{
					"name": "tentacle_4",
					"parent": "main",
					"pivot": [1.25, 25, 0],
					"rotation": [-179.1104, -0.52556, -45.218],
					"cubes": [
						{"origin": [0.25, 25, -1], "size": [2, 3, 2], "uv": [0, 22]}
					]
				},
				{
					"name": "tentacle_42",
					"parent": "tentacle_4",
					"pivot": [1.23719, 27.85622, 0],
					"rotation": [0, 0, -12.5],
					"cubes": [
						{"origin": [0.76896, 26.8856, -0.5], "size": [1, 3, 1], "uv": [0, 0]}
					]
				},
				{
					"name": "tentacle_43",
					"parent": "tentacle_42",
					"pivot": [1.23719, 30.75622, 0],
					"rotation": [0, 0, -12.5]
				},
				{
					"name": "tentacle_5",
					"parent": "main",
					"pivot": [-2.75, 27, 0],
					"rotation": [-4.78226, 0.10233, -112.30132],
					"cubes": [
						{"origin": [-3.75, 27, -1], "size": [2, 3, 2], "uv": [8, 22]}
					]
				},
				{
					"name": "tentacle_52",
					"parent": "tentacle_5",
					"pivot": [-2.76281, 29.85622, 0],
					"rotation": [0, 0, -12.5],
					"cubes": [
						{"origin": [-3.23104, 28.8856, -0.5], "size": [1, 3, 1], "uv": [0, 0]}
					]
				},
				{
					"name": "tentacle_53",
					"parent": "tentacle_52",
					"pivot": [-2.76281, 32.75622, 0],
					"rotation": [0, 0, -12.5]
				},
				{
					"name": "tentacle_6",
					"parent": "main",
					"pivot": [-1.75, 25, 0],
					"rotation": [-2.66019, -3.97684, -169.70467],
					"cubes": [
						{"origin": [-2.75, 25, -1], "size": [2, 3, 2], "uv": [19, 0]}
					]
				},
				{
					"name": "tentacle_62",
					"parent": "tentacle_6",
					"pivot": [-1.76281, 27.85622, 0],
					"rotation": [0, 0, -12.5],
					"cubes": [
						{"origin": [-2.23104, 26.8856, -0.5], "size": [1, 3, 1], "uv": [0, 0]}
					]
				},
				{
					"name": "tentacle_63",
					"parent": "tentacle_62",
					"pivot": [-1.76281, 30.75622, 0],
					"rotation": [0, 0, -12.5]
				},
				{
					"name": "eyes",
					"parent": "main",
					"pivot": [0, 28.5, -2.55],
					"cubes": [
						{"origin": [-2.75, 28, -2.575], "size": [1, 1, 0], "uv": [30, 0]},
						{"origin": [1.75, 28, -2.575], "size": [1, 1, 0], "uv": [30, 0], "mirror": true}
					]
				}
			]
		}
	]
}