{
	"format_version": "1.12.0",
	"minecraft:geometry": [
		{
			"description": {
				"identifier": "geometry.ic_seek_eyes",
				"texture_width": 32,
				"texture_height": 32,
				"visible_bounds_width": 4,
				"visible_bounds_height": 3.5,
				"visible_bounds_offset": [0, 1.25, 0]
			},
			"bones": [
				{
					"name": "root",
					"pivot": [0, 0, 0],
					"cubes": [
						{"origin": [-3.5, 5, 7], "size": [7, 6, 1], "uv": [0, 16]},
						{
							"origin": [-2.75, 6, 6.975],
							"size": [5.5, 4, 0],
							"uv": {
								"north": {"uv": [0, 27], "uv_size": [6, 5]},
								"east": {"uv": [0, 27], "uv_size": [0, 5]},
								"south": {"uv": [6, 27], "uv_size": [6, 5]},
								"west": {"uv": [6, 27], "uv_size": [0, 5]},
								"up": {"uv": [0, 27], "uv_size": [6, 0]},
								"down": {"uv": [6, 27], "uv_size": [6, 0]}
							}
						},
						{"origin": [-8, 0, 7.92], "size": [16, 16, 0], "pivot": [0, 8, 8], "rotation": [0, 0, 17.5], "uv": [0, 0]}
					]
				},
				{
					"name": "pupil",
					"parent": "root",
					"pivot": [0, 8, 6.95],
					"cubes": [
						{"origin": [-1, 7, 6.95], "size": [2, 2, 0], "uv": [18, 28]}
					]
				},
				{
					"name": "eyelid",
					"parent": "root",
					"pivot": [0, 8, 7.5],
					"cubes": [
						{"origin": [-3.5, 5, 7.5], "size": [7, 6, 0], "uv": [1, 17]}
					]
				}
			]
		}
	]
}