{
	"format_version": "1.12.0",
	"minecraft:geometry": [
		{
			"description": {
				"identifier": "geometry.ic_seek_hand",
				"texture_width": 128,
				"texture_height": 128,
				"visible_bounds_width": 10,
				"visible_bounds_height": 3.5,
				"visible_bounds_offset": [0, 1.25, 0]
			},
			"bones": [
				{
					"name": "main",
					"pivot": [0, 0, -6]
				},
				{
					"name": "arm",
					"parent": "main",
					"pivot": [0, 28, 61],
					"cubes": [
						{"origin": [-3, 23, 31], "size": [6, 10, 30], "uv": [0, 0]}
					]
				},
				{
					"name": "arm2",
					"parent": "arm",
					"pivot": [0, 28, 32.5],
					"cubes": [
						{"origin": [-2, 23.5, 2], "size": [4, 9, 29], "uv": [0, 40]}
					]
				},
				{
					"name": "hand",
					"parent": "arm2",
					"pivot": [0, 28, 3.5],
					"cubes": [
						{"origin": [-1.5, 22.75, -7], "size": [3, 11, 9], "uv": [0, 0]}
					]
				},
				{
					"name": "finger",
					"parent": "hand",
					"pivot": [0, 32.29302, -1.14777],
					"cubes": [
						{"origin": [-1, 29.8081, -10.31944], "size": [2, 2, 11], "pivot": [0, 37.8081, 3.18056], "rotation": [-27.5, 0, 0], "uv": [0, 54]}
					]
				},
				{
					"name": "finger2",
					"parent": "hand",
					"pivot": [0, 32.13103, -5.61866],
					"rotation": [22.5, 0, 0],
					"cubes": [
						{"origin": [-1, 28.86344, -17.75295], "size": [2, 2, 16], "pivot": [0, 36.86344, 0.74705], "rotation": [-27.5, 0, 0], "uv": [57, 24]}
					]
				},
				{
					"name": "finger3",
					"parent": "hand",
					"pivot": [0, 29.05239, -5.81222],
					"rotation": [27.5, 0, 0],
					"cubes": [
						{"origin": [-1, 26.1071, -18.86246], "size": [2, 2, 16], "pivot": [0, 34.1071, -0.36246], "rotation": [-27.5, 0, 0], "uv": [42, 0]}
					]
				},
				{
					"name": "finger4",
					"parent": "hand",
					"pivot": [0, 25.633, -5.86537],
					"rotation": [30, 0, 0],
					"cubes": [
						{"origin": [-1, 22.27721, -18.00669], "size": [2, 2, 16], "pivot": [0, 30.27721, 0.49331], "rotation": [-27.5, 0, 0], "uv": [37, 40]}
					]
				},
				{
					"name": "finger5",
					"parent": "hand",
					"pivot": [0, 24.23112, -2.16538],
					"rotation": [42.5, 0, 0],
					"cubes": [
						{"origin": [-1, 22.17271, -12.5518], "size": [2, 2, 12], "pivot": [0, 29.67271, 1.1982], "rotation": [-27.5, 0, 0], "uv": [0, 40]}
					]
				}
			]
		}
	]
}