{
   "format_version": "1.10.0",
   "minecraft:client_entity": {
      "description": {
         "identifier": "doors:seek_s",
         "materials": {
            "default": "spider"
         },
         "textures": {
            "default": "textures/entity/seek"
         },
         "geometry": {
            "default": "geometry.seek"
         },
         "animations": {
            "seek_s_general": "animation.seek_s.general",
            "general": "controller.animation.seek_s.general"
         },
         "scripts": {
            "animate": [
               "general"
            ]
         },
         "render_controllers": [
            "controller.render.spider"
         ],
         "spawn_egg": {
            "texture": "seek",
            "texture_index": 0
         }
      }
   }
}