{
   "format_version": "1.8.0",
   "minecraft:spawn_rules": {
      "conditions": [
         {
            "minecraft:biome_filter": {
               "operator": "==",
               "test": "has_biome_tag",
               "value": "monster"
            },
            "minecraft:brightness_filter": {
               "adjust_for_weather": true,
               "max": 7,
               "min": 0
            },
            "minecraft:difficulty_filter": {
               "max": "hard",
               "min": "easy"
            },
            "minecraft:herd": {
               "max_size": 4,
               "min_size": 2
            },
            "minecraft:permute_type": [
               {
                  "weight": 95
               },
               {
                  "entity_type": "batim:searcher",
                  "weight": 5
               }
            ],
            "minecraft:spawns_on_surface": {},
            "minecraft:spawns_underground": {},
            "minecraft:weight": {
               "default": 100
            }
         }
      ],
      "description": {
         "identifier": "doors:screech",
         "population_control": "monster"
      }
   }
}