{
	"format_version": "1.8.0",
	"animations": {
		"animation.ambush.far": {
			"loop": true,
			"animation_length": 3,
			"anim_time_update": "query.anim_time + query.delta_time * 0.7",
			"sound_effects": {
				"0.1": {
					"effect": "ambient_far"
				}
			}
		},
		"animation.ambush.close": {
			"loop": true,
			"animation_length": 2,
			"anim_time_update": "query.anim_time + query.delta_time * 1.0",
			"sound_effects": {
				"0.1": {
					"effect": "ambient_close"
				}
			}
		},
		"animation.ambush.stationary": {
			"loop": true,
			"animation_length": 2,
			"bones": {
			"root": {
					"rotation": [0, "query.camera_rotation(1) - query.body_y_rotation", 0]
					},
				"main": {
					"position": {
						"0.0": [0.5, -0.5, 0],
						"0.1": {"pre": [0.5, -0.5, 0], "post": [-0.5, 0.5, 0]},
						"0.2": {"pre": [-0.5, 0.5, 0], "post": [0.5, 0.5, 0]},
						"0.3": {"pre": [0.5, 0.5, 0], "post": [-0.5, -0.5, 0]},
						"0.4": {"pre": [-0.5, -0.5, 0], "post": [0.5, -0.5, 0]},
						"0.5": {"pre": [0.5, -0.5, 0], "post": [-0.5, 0.5, 0]},
						"0.6": {"pre": [-0.5, 0.5, 0], "post": [0.5, 0.5, 0]},
						"0.7": {"pre": [0.5, 0.5, 0], "post": [-0.5, -0.5, 0]},
						"0.8": {"pre": [-0.5, -0.5, 0], "post": [0.5, -0.5, 0]},
						"0.9": {"pre": [0.5, -0.5, 0], "post": [-0.5, 0.5, 0]},
						"1.0": {"pre": [-0.5, 0.5, 0], "post": [0.5, 0.5, 0]},
						"1.1": {"pre": [0.5, 0.5, 0], "post": [-0.5, -0.5, 0]},
						"1.2": {"pre": [-0.5, -0.5, 0], "post": [0.5, -0.5, 0]},
						"1.3": {"pre": [0.5, -0.5, 0], "post": [-0.5, 0.5, 0]},
						"1.4": {"pre": [-0.5, 0.5, 0], "post": [0.5, 0.5, 0]},
						"1.5": {"pre": [0.5, 0.5, 0], "post": [-0.5, -0.5, 0]},
						"1.6": {"pre": [-0.5, -0.5, 0], "post": [0.5, -0.5, 0]},
						"1.7": {"pre": [0.5, -0.5, 0], "post": [-0.5, 0.5, 0]},
						"1.8": {"pre": [-0.5, 0.5, 0], "post": [0.5, 0.5, 0]},
						"1.9": {"pre": [0.5, 0.5, 0], "post": [-0.5, -0.5, 0]},
						"2.0": {"pre": [-0.5, -0.5, 0], "post": [0.5, -0.5, 0]}
					}
				},
				"trail1": {
					"rotation": {
						"0.0": [0, 0, 0],
						"2.0": [0, 360, 0]
					}
				},
				"trail2": {
					"rotation": {
						"0.0": [0, 0, 0],
						"2.0": [0, 360, 0]
					}
				}
			},
			"particle_effects": {
				"1.0": {
					"effect": "ambush_particle",
					"locator": "trail"
				}
			}
		}
	}
}