{
	"format_version": "1.8.0",
	"animations": {
	"animation.bob.default": {
			"loop": true,
			"animation_length": 2.0,
			"particle_effects": {
				"0.1": {
					"effect": "fly",
					"locator": "effect"
				}
			}
		},
		"animation.ic_bob.secret_anim": {
			"animation_length": 4.5,
			"anim_time_update": "query.anim_time + query.delta_time * 0.8",
			"bones": {
				"waist": {
					"rotation": {
						"0.0": [0, 0, 0],
						"0.7083": [0, 0, 0],
						"0.7917": [10, 0, 0],
						"0.875": [7.5, 0, 0],
						"0.9583": [10, 0, 0],
						"1.125": [10, 0, 0],
						"1.2083": [0, 0, 0],
						"1.2917": [2.5, 0, 0],
						"1.375": [0, 0, 0],
						"2.0": [0, 0, 0],
						"2.1667": [0, 0, 30],
						"2.25": [0, 0, 25],
						"2.3333": [0, 0, 30],
						"2.625": [0, 0, 30],
						"2.7917": [0, 0, 0],
						"3.0417": [0, 0, 0],
						"3.125": [0, 0, -5],
						"4.2083": [0, 0, -5],
						"4.3333": [0, 0, 0],
						"4.4167": [0, 0, -1.48],
						"4.5": [0, 0, 0]
					}
				},
				"head": {
					"rotation": {
						"0.0": {
							"post": [0, 0, 0],
							"lerp_mode": "catmullrom"
						},
						"0.2083": {
							"post": [0, 0, 0],
							"lerp_mode": "catmullrom"
						},
						"0.2917": {
							"post": [-0.17857, -37.33867, 9.725],
							"lerp_mode": "catmullrom"
						},
						"0.375": {
							"post": [-0.17426, -32.47472, 10.88379],
							"lerp_mode": "catmullrom"
						},
						"0.4583": {
							"post": [-0.17857, -37.33867, 9.725],
							"lerp_mode": "catmullrom"
						},
						"1.6667": {
							"post": [-0.18, -37.34, 9.72],
							"lerp_mode": "catmullrom"
						},
						"1.75": {
							"post": [32.77678, -63.86365, -9.99547],
							"lerp_mode": "catmullrom"
						},
						"1.8333": {
							"post": [27.77678, -63.86365, -9.99547],
							"lerp_mode": "catmullrom"
						},
						"1.9167": {
							"post": [32.77678, -63.86365, -9.99547],
							"lerp_mode": "catmullrom"
						},
						"3.5833": {
							"post": [32.78, -63.86, -10],
							"lerp_mode": "catmullrom"
						},
						"3.6667": {
							"post": [0.85721, -37.80287, 14.55423],
							"lerp_mode": "catmullrom"
						},
						"3.75": {
							"post": [3.40667, -40.19413, 13.82322],
							"lerp_mode": "catmullrom"
						},
						"3.8333": {
							"post": [0.85721, -37.80287, 14.55423],
							"lerp_mode": "catmullrom"
						},
						"4.2083": {
							"post": [0.86, -37.8, 14.55],
							"lerp_mode": "catmullrom"
						},
						"4.3333": {
							"post": [0, 0, 0],
							"lerp_mode": "catmullrom"
						},
						"4.4167": {
							"post": [0.25, -11.2, 4.31],
							"lerp_mode": "catmullrom"
						},
						"4.5": {
							"post": [0, 0, 0],
							"lerp_mode": "catmullrom"
						}
					},
					"position": {
						"0.0": {
							"post": [0, 0, 0],
							"lerp_mode": "catmullrom"
						},
						"0.6667": {
							"post": [0, 0, 0],
							"lerp_mode": "catmullrom"
						},
						"0.7917": {
							"post": [0, 2, 0],
							"lerp_mode": "catmullrom"
						},
						"0.8333": {
							"post": [0, 1, 0],
							"lerp_mode": "catmullrom"
						},
						"0.875": {
							"post": [0, 2, 0],
							"lerp_mode": "catmullrom"
						},
						"0.9167": {
							"post": [0, 1, 0],
							"lerp_mode": "catmullrom"
						},
						"0.9583": {
							"post": [0, 2, 0],
							"lerp_mode": "catmullrom"
						},
						"1.0": {
							"post": [0, 1, 0],
							"lerp_mode": "catmullrom"
						},
						"1.0417": {
							"post": [0, 2, 0],
							"lerp_mode": "catmullrom"
						},
						"1.1667": {
							"post": [0, 0, 0],
							"lerp_mode": "catmullrom"
						},
						"4.2083": {
							"post": [0, 0, 0],
							"lerp_mode": "catmullrom"
						},
						"4.3333": {
							"post": [0, 0, 0],
							"lerp_mode": "catmullrom"
						},
						"4.4167": {
							"post": [0, 0, 0],
							"lerp_mode": "catmullrom"
						},
						"4.5": {
							"post": [0, 0, 0],
							"lerp_mode": "catmullrom"
						}
					}
				},
				"rightArm": {
					"rotation": {
						"0.0": [0, 0, 0],
						"0.6667": [0, 0, 0],
						"0.8333": [-177.6879, 23.44884, -38.77115],
						"0.9167": [-172.69, 23.45, -38.77],
						"1.0": [-177.6879, 23.44884, -38.77115],
						"2.0": [-177.69, 23.45, -38.77],
						"2.1667": [-7.52286, -59.08699, -99.56656],
						"2.625": [-7.52, -59.09, -99.57],
						"2.7917": [-30.02, -59.09, -99.57],
						"3.0417": [-30.02, -59.09, -99.57],
						"4.2083": [-30.02, -59.09, -99.57],
						"4.3333": [0, 0, 0],
						"4.4167": [-8.89, -17.51, -29.5],
						"4.5": [0, 0, 0]
					},
					"position": {
						"0.0": [0, 0, 0],
						"2.0": [0, 0, 0],
						"2.1667": [3, -3, -3],
						"2.625": [3, -3, -3],
						"2.7917": [1, -1, -2],
						"2.9583": [1, -1, -2],
						"3.0417": [2, -1, -2],
						"3.125": [0, -1, -2],
						"4.2083": [0, -1, -2],
						"4.3333": [0, 0, 0],
						"4.4167": [0, -0.3, -0.59],
						"4.5": [0, 0, 0]
					}
				},
				"leftArm": {
					"rotation": {
						"0.0": [0, 0, 0],
						"0.625": [0, 0, 0],
						"0.7917": [-177.6879, -23.44884, 38.77115],
						"0.875": [-172.69, -23.45, 38.77],
						"0.9583": [-177.6879, -23.44884, 38.77115],
						"1.2917": [-177.69, -23.45, 38.77],
						"1.5417": [-227.86201, 3.82052, 179.81088],
						"1.625": [-227.8011, 4.89658, 182.06712],
						"1.7083": [-227.86201, 3.82052, 179.81088],
						"2.0": [-227.86, 3.82, 179.81],
						"2.1667": [-225.64364, 0.4314, 148.44902],
						"2.25": [-225.75552, 2.4145, 153.04099],
						"2.3333": [-225.64364, 0.4314, 148.44902],
						"2.625": [-225.64, 0.43, 148.45],
						"2.7917": [-226.23471, 8.13162, 177.86443],
						"3.0417": {
							"pre": [-226.23, 8.13, 177.86],
							"post": [-226.23, 8.13, 177.86],
							"lerp_mode": "catmullrom"
						},
						"3.3333": {
							"post": [0, 8.13, 0],
							"lerp_mode": "catmullrom"
						},
						"3.5": {
							"post": [0, 8.13, 0],
							"lerp_mode": "catmullrom"
						},
						"4.2083": [0, 8.13, 0],
						"4.3333": [0, 0, 0],
						"4.4167": [0, 2.41, 0],
						"4.5": [0, 0, 0]
					},
					"position": {
						"0.0": [0, 0, 0],
						"1.2917": [0, 0, 0],
						"1.5417": [2.25, -12.5, 0],
						"1.625": [2.5, -12.5, 0],
						"1.7083": [2.25, -12.5, 0],
						"2.0": [2.25, -12.5, 0],
						"2.1667": [2.95, -8.25, -0.55],
						"2.25": [3.2, -9, -0.55],
						"2.3333": [2.95, -8.25, -0.55],
						"2.625": [2.95, -8.25, -0.55],
						"2.7917": [0.95, -1.25, 0.45],
						"3.0417": {
							"pre": [0.95, -1.25, 0.45],
							"post": [0.95, -1.25, 0.45],
							"lerp_mode": "catmullrom"
						},
						"4.2083": [0.95, -1.25, 0.45],
						"4.3333": [0, 0, 0],
						"4.4167": [0.28, -0.37, 0.13],
						"4.5": [0, 0, 0]
					}
				},
				"rightLeg2": {
					"rotation": {
						"0.0": {
							"post": [0, 0, 0],
							"lerp_mode": "catmullrom"
						},
						"0.75": {
							"post": [0, 0, 0],
							"lerp_mode": "catmullrom"
						},
						"0.8333": {
							"post": [-65, 0, 0],
							"lerp_mode": "catmullrom"
						},
						"0.9167": {
							"post": [-60, 0, 0],
							"lerp_mode": "catmullrom"
						},
						"1.0": {
							"post": [-65, 0, 0],
							"lerp_mode": "catmullrom"
						},
						"4.2083": {
							"post": [-65, 0, 0],
							"lerp_mode": "catmullrom"
						},
						"4.3333": {
							"post": [0, 0, 0],
							"lerp_mode": "catmullrom"
						},
						"4.4167": {
							"post": [-19.26, 0, 0],
							"lerp_mode": "catmullrom"
						},
						"4.5": {
							"post": [0, 0, 0],
							"lerp_mode": "catmullrom"
						}
					}
				},
				"leftLeg2": {
					"rotation": {
						"0.0": {
							"post": [0, 0, 0],
							"lerp_mode": "catmullrom"
						},
						"0.7083": {
							"post": [0, 0, 0],
							"lerp_mode": "catmullrom"
						},
						"0.7917": {
							"post": [-65, 0, 0],
							"lerp_mode": "catmullrom"
						},
						"0.875": {
							"post": [-60, 0, 0],
							"lerp_mode": "catmullrom"
						},
						"0.9583": {
							"post": [-65, 0, 0],
							"lerp_mode": "catmullrom"
						},
						"4.2083": {
							"post": [-65, 0, 0],
							"lerp_mode": "catmullrom"
						},
						"4.3333": {
							"post": [0, 0, 0],
							"lerp_mode": "catmullrom"
						},
						"4.4167": {
							"post": [-19.26, 0, 0],
							"lerp_mode": "catmullrom"
						},
						"4.5": {
							"post": [0, 0, 0],
							"lerp_mode": "catmullrom"
						}
					}
				}
			}
		}
	}
}