{
	"format_version": "1.8.0",
	"animations": {
		"animation.ic_figure.anim2": {
			"animation_length": 7,
			"anim_time_update": "query.anim_time + query.delta_time * 0.8",
			"sound_effects": {
				"1.2": {
					"effect": "roar"
				},
				"1.4617": {
					"effect": "step_1"
				},
				"1.8333": {
					"effect": "step_2"
				},
				"2.2917": {
					"effect": "step_2"
				}
			}, 
			"bones": {
				"body": {
					"rotation": {
						"0.0": {
							"post": [0, -87.5, 0],
							"lerp_mode": "catmullrom"
						},
						"1.0": {
							"post": [0, -87.5, 0],
							"lerp_mode": "catmullrom"
						},
						"1.4167": {
							"post": [0, -19.25, 0],
							"lerp_mode": "catmullrom"
						},
						"2.0833": {
							"post": [0, -12.5, 0],
							"lerp_mode": "catmullrom"
						},
						"2.2917": {
							"post": [0, -5, 0],
							"lerp_mode": "catmullrom"
						},
						"2.5833": {
							"post": [0, -5, 0],
							"lerp_mode": "catmullrom"
						},
						"3.75": [0, -5, 0],
						"4.0": [0, -5, 0],
						"4.625": {
							"pre": [10, -3.33, 0],
							"post": [10, -3.33, 0],
							"lerp_mode": "catmullrom"
						},
						"5.625": {
							"post": [0, 0, 0],
							"lerp_mode": "catmullrom"
						},
						"7.0": {
							"post": [0, 0, 0],
							"lerp_mode": "catmullrom"
						}
					},
					"position": {
						"0.0": {
							"post": [-104, 80, 127],
							"lerp_mode": "catmullrom"
						},
						"1.0": {
							"post": [-104, 80, 127],
							"lerp_mode": "catmullrom"
						},
						"2.0833": {
							"post": [-57, 80, 127],
							"lerp_mode": "catmullrom"
						},
						"2.2917": {
							"post": [-44, 80, 116],
							"lerp_mode": "catmullrom"
						},
						"2.5833": {
							"post": [-44, 80, 116],
							"lerp_mode": "catmullrom"
						},
						"3.75": [-44, 80, 116],
						"4.0": [-44, 80, 116],
						"4.625": {
							"pre": [-45, 53.67, 80],
							"post": [-45, 53.67, 80],
							"lerp_mode": "catmullrom"
						},
						"5.625": {
							"post": [-47, 1, 8],
							"lerp_mode": "catmullrom"
						},
						"7.0": {
							"post": [-47, 1, 8],
							"lerp_mode": "catmullrom"
						}
					}
				},
				"waist": {
					"rotation": {
						"0.0": {
							"post": [25, 0, -2.5],
							"lerp_mode": "catmullrom"
						},
						"1.0": {
							"post": [25, 0, -2.5],
							"lerp_mode": "catmullrom"
						},
						"1.2917": {
							"post": [25, 0, -2.5],
							"lerp_mode": "catmullrom"
						},
						"1.4167": {
							"post": [25, 0, -2.5],
							"lerp_mode": "catmullrom"
						},
						"1.8333": {
							"post": [17.25002, -2.99318, 7.04589],
							"lerp_mode": "catmullrom"
						},
						"2.5833": {
							"post": [17.25, -2.99, 7.05],
							"lerp_mode": "catmullrom"
						},
						"3.75": {
							"post": [17.25, -2.99, 7.05],
							"lerp_mode": "catmullrom"
						},
						"4.0": {
							"post": [17.25, -2.99, 7.05],
							"lerp_mode": "catmullrom"
						},
						"4.625": {
							"post": [17.48394, -0.7484, -0.11145],
							"lerp_mode": "catmullrom"
						},
						"4.9583": {
							"post": [49.98, -0.75, -0.11],
							"lerp_mode": "catmullrom"
						},
						"7.0": {
							"post": [34.98, -0.75, -0.11],
							"lerp_mode": "catmullrom"
						}
					},
					"position": {
						"0.0": {
							"post": [0, -7, 0],
							"lerp_mode": "catmullrom"
						},
						"1.0": {
							"post": [0, -7, 0],
							"lerp_mode": "catmullrom"
						},
						"1.2917": {
							"post": [0, -7, 0],
							"lerp_mode": "catmullrom"
						},
						"1.4167": {
							"post": [0, -8, 0],
							"lerp_mode": "catmullrom"
						},
						"1.625": {
							"post": [0, -3.29, 0],
							"lerp_mode": "catmullrom"
						},
						"1.8333": {
							"post": [0, -6, 0],
							"lerp_mode": "catmullrom"
						},
						"1.9583": {
							"post": [0, -5, 0],
							"lerp_mode": "catmullrom"
						},
						"2.2083": {
							"post": [0, -5.75, 0],
							"lerp_mode": "catmullrom"
						},
						"2.2917": {
							"post": [0, -7, 0],
							"lerp_mode": "catmullrom"
						},
						"2.5833": {
							"post": [0, -7, 0],
							"lerp_mode": "catmullrom"
						},
						"3.75": {
							"post": [0, -7, 0],
							"lerp_mode": "catmullrom"
						},
						"4.0": {
							"post": [0, -7, 0],
							"lerp_mode": "catmullrom"
						},
						"4.625": {
							"post": [0, 0, 0],
							"lerp_mode": "catmullrom"
						},
						"7.0": {
							"post": [0, 0, 0],
							"lerp_mode": "catmullrom"
						}
					}
				},
				"waist2": {
					"rotation": {
						"1.0": {
							"pre": [0, 0, 0],
							"post": [0, 0, 0],
							"lerp_mode": "catmullrom"
						},
						"1.4167": {
							"post": [15, 0, 0],
							"lerp_mode": "catmullrom"
						},
						"2.5833": {
							"post": [14.87739, -1.93597, 7.24721],
							"lerp_mode": "catmullrom"
						},
						"2.9167": {
							"post": [15, 0, 0],
							"lerp_mode": "catmullrom"
						},
						"3.1667": {
							"post": [25, 0, 0],
							"lerp_mode": "catmullrom"
						},
						"3.75": {
							"post": [15, 0, 0],
							"lerp_mode": "catmullrom"
						},
						"4.0": {
							"post": [15, 0, 0],
							"lerp_mode": "catmullrom"
						},
						"4.9583": {
							"post": [32.5, 0, 0],
							"lerp_mode": "catmullrom"
						},
						"7.0": {
							"post": [32.5, 0, 0],
							"lerp_mode": "catmullrom"
						}
					}
				},
				"leftArm": {
					"rotation": {
						"1.0": {
							"pre": [0, 0, 0],
							"post": [0, 0, 0],
							"lerp_mode": "catmullrom"
						},
						"1.4167": {
							"post": [-37.77336, 1.49417, -30.06575],
							"lerp_mode": "catmullrom"
						},
						"1.875": {
							"post": [-15.10385, 2.37485, -25.14607],
							"lerp_mode": "catmullrom"
						},
						"2.2917": {
							"post": [-21.10425, -52.76138, 2.20261],
							"lerp_mode": "catmullrom"
						},
						"2.5833": {
							"post": [-21.1, -52.76, 2.2],
							"lerp_mode": "catmullrom"
						},
						"3.1667": {
							"post": [-33.53316, -52.78581, 11.52469],
							"lerp_mode": "catmullrom"
						},
						"4.0": {
							"post": [-33.53, -52.79, 11.52],
							"lerp_mode": "catmullrom"
						},
						"4.625": {
							"post": [22.48032, -19.27189, -24.78247],
							"lerp_mode": "catmullrom"
						},
						"5.0": {
							"post": [-42.52, -19.27, -24.78],
							"lerp_mode": "catmullrom"
						},
						"7.0": {
							"post": [-42.52, -19.27, -24.78],
							"lerp_mode": "catmullrom"
						}
					},
					"position": {
						"1.0": {
							"pre": [0, 0, 0],
							"post": [0, 0, 0],
							"lerp_mode": "catmullrom"
						},
						"1.4167": {
							"post": [0, 0, 0],
							"lerp_mode": "catmullrom"
						},
						"1.875": {
							"post": [0, 0, 0],
							"lerp_mode": "catmullrom"
						},
						"2.5833": {
							"post": [0, 0, 0],
							"lerp_mode": "catmullrom"
						},
						"4.0": {
							"post": [0, 0, 0],
							"lerp_mode": "catmullrom"
						},
						"7.0": {
							"post": [0, 0, 0],
							"lerp_mode": "catmullrom"
						}
					}
				},
				"leftArm2": {
					"rotation": {
						"1.0": {
							"pre": [0, 0, 0],
							"post": [0, 0, 0],
							"lerp_mode": "catmullrom"
						},
						"1.4167": {
							"post": [-20, 0, 0],
							"lerp_mode": "catmullrom"
						},
						"1.875": {
							"post": [-20, 0, 0],
							"lerp_mode": "catmullrom"
						},
						"2.2917": {
							"post": [-42.5, 0, 0],
							"lerp_mode": "catmullrom"
						},
						"2.5833": {
							"post": [-42.5, 0, 0],
							"lerp_mode": "catmullrom"
						},
						"4.0": {
							"post": [-42.5, 0, 0],
							"lerp_mode": "catmullrom"
						},
						"4.625": {
							"post": [-37.5, 0, 0],
							"lerp_mode": "catmullrom"
						},
						"7.0": {
							"post": [-37.5, 0, 0],
							"lerp_mode": "catmullrom"
						}
					}
				},
				"leftArm4": {
					"rotation": {
						"1.0": {
							"pre": [0, 0, 0],
							"post": [0, 0, 0],
							"lerp_mode": "catmullrom"
						},
						"1.4167": {
							"post": [-45, 0, 0],
							"lerp_mode": "catmullrom"
						},
						"1.875": {
							"post": [-10, 0, 0],
							"lerp_mode": "catmullrom"
						},
						"2.2917": {
							"post": [-77.5, 0, 0],
							"lerp_mode": "catmullrom"
						},
						"2.5833": {
							"post": [-77.5, 0, 0],
							"lerp_mode": "catmullrom"
						},
						"4.0": {
							"post": [-77.5, 0, 0],
							"lerp_mode": "catmullrom"
						},
						"4.625": {
							"post": [-42.5, 0, 0],
							"lerp_mode": "catmullrom"
						},
						"7.0": {
							"post": [-42.5, 0, 0],
							"lerp_mode": "catmullrom"
						}
					}
				},
				"rightArm": {
					"rotation": {
						"1.0": {
							"pre": [0, 0, 0],
							"post": [0, 0, 0],
							"lerp_mode": "catmullrom"
						},
						"1.4167": {
							"post": [21.95646, 22.33949, 30.39355],
							"lerp_mode": "catmullrom"
						},
						"1.875": {
							"post": [-47.08897, 7.35335, 59.93279],
							"lerp_mode": "catmullrom"
						},
						"2.2917": {
							"post": [-17.58648, -16.00698, 25.34028],
							"lerp_mode": "catmullrom"
						},
						"2.5833": {
							"post": [-17.59, -16.01, 25.34],
							"lerp_mode": "catmullrom"
						},
						"2.875": {
							"post": [-93.16404, 33.87239, -20.79809],
							"lerp_mode": "catmullrom"
						},
						"3.1667": {
							"post": [-21.88301, 17.79366, 28.34911],
							"lerp_mode": "catmullrom"
						},
						"3.75": {
							"post": [-21.88, 17.79, 28.35],
							"lerp_mode": "catmullrom"
						},
						"4.0": {
							"post": [-21.88, 17.79, 28.35],
							"lerp_mode": "catmullrom"
						},
						"5.0": {
							"post": [13.12, 17.79, 28.35],
							"lerp_mode": "catmullrom"
						},
						"7.0": {
							"post": [13.12, 17.79, 28.35],
							"lerp_mode": "catmullrom"
						}
					},
					"position": {
						"1.0": {
							"pre": [0, 0, 0],
							"post": [0, 0, 0],
							"lerp_mode": "catmullrom"
						},
						"1.4167": {
							"post": [0, 0, 0],
							"lerp_mode": "catmullrom"
						},
						"1.875": {
							"post": [0, 0, 0],
							"lerp_mode": "catmullrom"
						},
						"2.2917": {
							"post": [0, 0, 0],
							"lerp_mode": "catmullrom"
						},
						"2.5833": {
							"post": [0, 0, 0],
							"lerp_mode": "catmullrom"
						},
						"3.75": {
							"post": [0, 0, 0],
							"lerp_mode": "catmullrom"
						},
						"4.0": {
							"post": [0, 0, 0],
							"lerp_mode": "catmullrom"
						},
						"7.0": {
							"post": [0, 0, 0],
							"lerp_mode": "catmullrom"
						}
					}
				},
				"rightArm2": {
					"rotation": {
						"1.0": {
							"pre": [0, 0, 0],
							"post": [0, 0, 0],
							"lerp_mode": "catmullrom"
						},
						"1.4167": {
							"post": [-12.5, 0, 0],
							"lerp_mode": "catmullrom"
						},
						"2.5833": {
							"post": [-12.5, 0, 0],
							"lerp_mode": "catmullrom"
						},
						"2.875": {
							"post": [-51.36081, -5.24826, -24.47761],
							"lerp_mode": "catmullrom"
						},
						"3.1667": {
							"post": [-21.36081, -5.24826, -24.47761],
							"lerp_mode": "catmullrom"
						},
						"3.75": {
							"post": [-21.36, -5.25, -24.48],
							"lerp_mode": "catmullrom"
						},
						"4.0": {
							"post": [-21.36, -5.25, -24.48],
							"lerp_mode": "catmullrom"
						},
						"7.0": {
							"post": [-21.36, -5.25, -24.48],
							"lerp_mode": "catmullrom"
						}
					}
				},
				"rightArm4": {
					"rotation": {
						"1.0": {
							"pre": [0, 0, 0],
							"post": [0, 0, 0],
							"lerp_mode": "catmullrom"
						},
						"1.4167": {
							"post": [-27.5, 0, 0],
							"lerp_mode": "catmullrom"
						},
						"2.5833": {
							"post": [-27.5, 0, 0],
							"lerp_mode": "catmullrom"
						},
						"2.875": {
							"post": [-65, 0, 0],
							"lerp_mode": "catmullrom"
						},
						"3.1667": {
							"post": [-12.5, 0, 0],
							"lerp_mode": "catmullrom"
						},
						"3.75": {
							"post": [-12.5, 0, 0],
							"lerp_mode": "catmullrom"
						},
						"4.0": {
							"post": [-12.5, 0, 0],
							"lerp_mode": "catmullrom"
						},
						"7.0": {
							"post": [-12.5, 0, 0],
							"lerp_mode": "catmullrom"
						}
					}
				},
				"leftLeg": {
					"rotation": {
						"1.0": {
							"pre": [15, 0, 0],
							"post": [15, 0, 0],
							"lerp_mode": "catmullrom"
						},
						"1.2083": {
							"post": [-61.98, -18.63, -1.68],
							"lerp_mode": "catmullrom"
						},
						"1.4167": {
							"post": [-63.49012, -27.72373, 0.34211],
							"lerp_mode": "catmullrom"
						},
						"1.875": {
							"post": [-15.51623, -46.69293, 1.45273],
							"lerp_mode": "catmullrom"
						},
						"2.2917": {
							"post": [-68.01623, -46.69293, 1.45273],
							"lerp_mode": "catmullrom"
						},
						"2.5833": {
							"post": [-68.02, -46.69, 1.45],
							"lerp_mode": "catmullrom"
						},
						"3.75": {
							"post": [-68.02, -46.69, 1.45],
							"lerp_mode": "catmullrom"
						},
						"4.0": {
							"post": [-68.02, -46.69, 1.45],
							"lerp_mode": "catmullrom"
						},
						"4.125": {
							"post": [-68.61, -33.32, 0.41],
							"lerp_mode": "catmullrom"
						},
						"4.2917": {
							"post": [-47.18341, -13.60241, -2.01241],
							"lerp_mode": "catmullrom"
						},
						"4.625": {
							"post": [-15.70854, -9.18403, -9.37546],
							"lerp_mode": "catmullrom"
						},
						"4.7917": {
							"post": [-30.15, -8.91, -9.84],
							"lerp_mode": "catmullrom"
						},
						"4.9583": {
							"post": [-33.21, -9.18, -9.38],
							"lerp_mode": "catmullrom"
						},
						"5.25": {
							"post": [9.29, -9.18, -9.38],
							"lerp_mode": "catmullrom"
						},
						"5.5": {
							"post": [-13.21, -9.18, -9.38],
							"lerp_mode": "catmullrom"
						},
						"7.0": {
							"post": [-13.21, -9.18, -9.38],
							"lerp_mode": "catmullrom"
						}
					},
					"position": {
						"1.0": {
							"pre": [0, 0, 0],
							"post": [0, 0, 0],
							"lerp_mode": "catmullrom"
						},
						"1.2083": {
							"post": [0, 0.5, 0],
							"lerp_mode": "catmullrom"
						},
						"1.4167": {
							"post": [0, -6, 0],
							"lerp_mode": "catmullrom"
						},
						"1.625": {
							"post": [0, -2.5, 0.5],
							"lerp_mode": "catmullrom"
						},
						"1.875": {
							"post": [0, -3, 1],
							"lerp_mode": "catmullrom"
						},
						"2.0833": {
							"post": [0, -0.5, 1],
							"lerp_mode": "catmullrom"
						},
						"2.2917": {
							"post": [0, -6, 1],
							"lerp_mode": "catmullrom"
						},
						"2.5833": {
							"post": [0, -6, 1],
							"lerp_mode": "catmullrom"
						},
						"3.75": {
							"post": [0, -6, 1],
							"lerp_mode": "catmullrom"
						},
						"4.0": {
							"post": [0, -6, 1],
							"lerp_mode": "catmullrom"
						},
						"4.125": {
							"post": [0, -4.69, 0.74],
							"lerp_mode": "catmullrom"
						},
						"4.4583": {
							"post": [0, 0, -0.11],
							"lerp_mode": "catmullrom"
						},
						"4.625": {
							"post": [0, 2, 0],
							"lerp_mode": "catmullrom"
						},
						"4.7917": {
							"post": [0, 3.56, 0.01],
							"lerp_mode": "catmullrom"
						},
						"4.9583": {
							"post": [0, -1, 0],
							"lerp_mode": "catmullrom"
						},
						"5.25": {
							"post": [0, 0, 0],
							"lerp_mode": "catmullrom"
						},
						"5.5": {
							"post": [0, -1, 0],
							"lerp_mode": "catmullrom"
						},
						"7.0": {
							"post": [0, -1, 0],
							"lerp_mode": "catmullrom"
						}
					}
				},
				"leftLeg2": {
					"rotation": {
						"1.0": {
							"pre": [15, 0, 0],
							"post": [15, 0, 0],
							"lerp_mode": "catmullrom"
						},
						"1.2083": {
							"post": [50, 0, 0],
							"lerp_mode": "catmullrom"
						},
						"1.4167": {
							"post": [35, 0, 0],
							"lerp_mode": "catmullrom"
						},
						"1.875": {
							"post": [27.5, 0, 0],
							"lerp_mode": "catmullrom"
						},
						"2.2917": {
							"post": [45, 0, 0],
							"lerp_mode": "catmullrom"
						},
						"2.5833": {
							"post": [45, 0, 0],
							"lerp_mode": "catmullrom"
						},
						"4.0": {
							"post": [45, 0, 0],
							"lerp_mode": "catmullrom"
						},
						"4.2917": {
							"post": [21.45, 0, 0],
							"lerp_mode": "catmullrom"
						},
						"4.625": {
							"post": [80, 0, 0],
							"lerp_mode": "catmullrom"
						},
						"4.9583": {
							"post": [30, 0, 0],
							"lerp_mode": "catmullrom"
						},
						"5.25": {
							"post": [47.5, 0, 0],
							"lerp_mode": "catmullrom"
						},
						"5.5": {
							"post": [30, 0, 0],
							"lerp_mode": "catmullrom"
						},
						"7.0": {
							"post": [30, 0, 0],
							"lerp_mode": "catmullrom"
						}
					}
				},
				"leftLeg4": {
					"rotation": {
						"1.0": {
							"pre": [20, 0, 0],
							"post": [20, 0, 0],
							"lerp_mode": "catmullrom"
						},
						"1.2083": {
							"post": [25, 0, 0],
							"lerp_mode": "catmullrom"
						},
						"1.4167": {
							"post": [32.5, 0, 0],
							"lerp_mode": "catmullrom"
						},
						"1.875": {
							"post": [40, 0, 0],
							"lerp_mode": "catmullrom"
						},
						"2.2917": {
							"post": [25, 0, 0],
							"lerp_mode": "catmullrom"
						},
						"2.5833": {
							"post": [25, 0, 0],
							"lerp_mode": "catmullrom"
						},
						"5.25": {
							"post": [25, 0, 0],
							"lerp_mode": "catmullrom"
						},
						"5.5": {
							"post": [7.5, 0, 0],
							"lerp_mode": "catmullrom"
						},
						"7.0": {
							"post": [7.5, 0, 0],
							"lerp_mode": "catmullrom"
						}
					}
				},
				"rightLeg": {
					"rotation": {
						"1.0": {
							"pre": [0, 0, 0],
							"post": [0, 0, 0],
							"lerp_mode": "catmullrom"
						},
						"1.4167": {
							"post": [-61.9561, 39.90248, 0.34979],
							"lerp_mode": "catmullrom"
						},
						"1.625": {
							"post": [-44.48653, 9.1927, 1.37993],
							"lerp_mode": "catmullrom"
						},
						"1.875": {
							"post": [-53.41402, -19.67466, -5.48059],
							"lerp_mode": "catmullrom"
						},
						"2.2917": {
							"post": [-51.76496, 18.98105, 4.70498],
							"lerp_mode": "catmullrom"
						},
						"2.5833": {
							"post": [-51.76, 18.98, 4.7],
							"lerp_mode": "catmullrom"
						},
						"4.0": {
							"post": [-51.76, 18.98, 4.7],
							"lerp_mode": "catmullrom"
						},
						"4.2917": {
							"post": [-44.35, 18.98, 4.7],
							"lerp_mode": "catmullrom"
						},
						"4.4583": {
							"post": [-62.44, 18.98, 4.7],
							"lerp_mode": "catmullrom"
						},
						"4.625": {
							"post": [-41.76, 18.98, 4.7],
							"lerp_mode": "catmullrom"
						},
						"4.9583": {
							"post": [-4.26, 18.98, 4.7],
							"lerp_mode": "catmullrom"
						},
						"5.0833": {
							"post": [-16.74, 19.69, 4.7],
							"lerp_mode": "catmullrom"
						},
						"5.25": {
							"post": [-21.76, 18.98, 4.7],
							"lerp_mode": "catmullrom"
						},
						"5.5": {
							"post": [33.77548, 5.532, 4.64172],
							"lerp_mode": "catmullrom"
						},
						"7.0": {
							"post": [33.78, 5.53, 4.64],
							"lerp_mode": "catmullrom"
						}
					},
					"position": {
						"1.0": {
							"pre": [0, 0, 0],
							"post": [0, 0, 0],
							"lerp_mode": "catmullrom"
						},
						"1.4167": {
							"post": [0, -6, 0],
							"lerp_mode": "catmullrom"
						},
						"1.625": {
							"post": [0, -3, 0.5],
							"lerp_mode": "catmullrom"
						},
						"1.875": {
							"post": [0, -4, 1],
							"lerp_mode": "catmullrom"
						},
						"2.2917": {
							"post": [0, -4, 0],
							"lerp_mode": "catmullrom"
						},
						"2.5833": {
							"post": [0, -4, 0],
							"lerp_mode": "catmullrom"
						},
						"4.0": {
							"post": [0, -4, 0],
							"lerp_mode": "catmullrom"
						},
						"4.2917": {
							"post": [0, -2.17, 0],
							"lerp_mode": "catmullrom"
						},
						"4.4583": {
							"post": [0, 2.03, 0],
							"lerp_mode": "catmullrom"
						},
						"4.625": {
							"post": [0, 0, 0],
							"lerp_mode": "catmullrom"
						},
						"4.9583": {
							"post": [0, 0, 0],
							"lerp_mode": "catmullrom"
						},
						"5.0833": {
							"post": [0, 2, 0],
							"lerp_mode": "catmullrom"
						},
						"5.25": {
							"post": [0, 0, 0],
							"lerp_mode": "catmullrom"
						},
						"7.0": {
							"post": [0, 0, 0],
							"lerp_mode": "catmullrom"
						}
					}
				},
				"rightLeg2": {
					"rotation": {
						"1.0": {
							"pre": [0, 0, 0],
							"post": [0, 0, 0],
							"lerp_mode": "catmullrom"
						},
						"1.4167": {
							"post": [42.5, 0, 0],
							"lerp_mode": "catmullrom"
						},
						"2.5833": {
							"post": [42.5, 0, 0],
							"lerp_mode": "catmullrom"
						},
						"4.0": {
							"post": [42.5, 0, 0],
							"lerp_mode": "catmullrom"
						},
						"4.2917": {
							"post": [75.76, 0, 0],
							"lerp_mode": "catmullrom"
						},
						"4.625": {
							"post": [42.5, 0, 0],
							"lerp_mode": "catmullrom"
						},
						"4.9583": {
							"post": [72.5, 0, 0],
							"lerp_mode": "catmullrom"
						},
						"5.25": {
							"post": [37.5, 0, 0],
							"lerp_mode": "catmullrom"
						},
						"7.0": {
							"post": [37.5, 0, 0],
							"lerp_mode": "catmullrom"
						}
					}
				},
				"rightLeg4": {
					"rotation": {
						"1.0": {
							"pre": [0, 0, 0],
							"post": [0, 0, 0],
							"lerp_mode": "catmullrom"
						},
						"1.4167": {
							"post": [27.5, 0, 0],
							"lerp_mode": "catmullrom"
						},
						"1.875": {
							"post": [17.5, 0, 0],
							"lerp_mode": "catmullrom"
						},
						"2.2917": {
							"post": [15, 0, 0],
							"lerp_mode": "catmullrom"
						},
						"2.5833": {
							"post": [15, 0, 0],
							"lerp_mode": "catmullrom"
						},
						"4.0": {
							"post": [15, 0, 0],
							"lerp_mode": "catmullrom"
						},
						"4.2917": {
							"post": [40, 0, 0],
							"lerp_mode": "catmullrom"
						},
						"4.625": {
							"post": [4.12, 0, 0],
							"lerp_mode": "catmullrom"
						},
						"7.0": {
							"post": [15, 0, 0],
							"lerp_mode": "catmullrom"
						}
					}
				},
				"head": {
					"rotation": {
						"2.2917": {
							"pre": [0, -10, 0],
							"post": [0, -10, 0],
							"lerp_mode": "catmullrom"
						},
						"2.5833": {
							"post": [0, -10, 0],
							"lerp_mode": "catmullrom"
						},
						"3.75": {
							"post": [0, -10, 0],
							"lerp_mode": "catmullrom"
						},
						"4.9583": {
							"post": [-46.88641, -24.29964, 14.68629],
							"lerp_mode": "catmullrom"
						},
						"5.5": {
							"post": [-26.01292, -34.40815, 23.61425],
							"lerp_mode": "catmullrom"
						},
						"7.0": {
							"post": [-26.01, -34.41, 23.61],
							"lerp_mode": "catmullrom"
						}
					}
				}
			}
		},
		"animation.ic_figure.death": {
			"animation_length": 7,
			"anim_time_update": "query.anim_time + query.delta_time * 0.85",
			"sound_effects": {
				"0.7": {
					"effect": "roar"
				}
			}, 
			"bones": {
				"body": {
					"rotation": {
						"0.0": [0, 0, 0],
						"0.2083": [1.69047, 0, 0],
						"0.4167": [4.74393, 0, 0],
						"0.625": [9.29809, 0, 0],
						"0.7917": [14.13306, 0, 0],
						"0.9583": [20.13337, 0, 0],
						"1.125": [27.42336, 0, 0],
						"1.2917": [36.14781, 0, 0],
						"1.3333": [38.57277, 0, 0],
						"1.375": [41.10153, 0, 0],
						"1.4167": [43.73753, 0, 0],
						"1.4583": [46.4838, 0, 0],
						"1.5": [49.34295, 0, 0],
						"1.5417": [52.31885, 0, 0],
						"1.5833": [55.41415, 0, 0],
						"1.625": [58.63211, 0, 0],
						"1.6667": [61.97411, 0, 0],
						"1.7083": [65.44101, 0, 0],
						"1.75": [69.03022, 0, 0],
						"1.9167": [84.23961, 0, 0],
						"1.9583": [87.80366, 0, 0],
						"2.0": [90, 0, 0]
					},
					"position": {
						"0.0": [0, 0, 0],
						"0.0417": [0, -0.05099, 0.28046],
						"0.0833": [0, -0.12222, 0.67222],
						"0.125": [0, -0.19886, 1.09375],
						"0.6667": [0, -1.29966, 7.14816],
						"1.2083": [0, -2.43826, 13.41043],
						"1.625": [0, -3.3049, 18.17694],
						"1.7917": [0, -3.64032, 20.02176],
						"1.875": [0, -3.80114, 20.90625],
						"1.9167": [0, -3.87778, 21.32778],
						"1.9583": [0, -3.94901, 21.71954],
						"2.0": [0, -4, 22],
						"4.0": [0, -4, 22],
						"5.0": {
							"pre": [0, -23, 22],
							"post": [0, -23, 22],
							"lerp_mode": "catmullrom"
						}
					}
				},
				"head": {
					"rotation": {
						"0.0": [0, 0, 0],
						"0.4583": [-7.5, 0, 0],
						"0.5833": [-20, 0, 0],
						"1.9167": [-20, 0, 0],
						"2.125": [32.5, 0, 0],
						"2.375": {
							"pre": [65, 0, 0],
							"post": [65, 0, 0],
							"lerp_mode": "catmullrom"
						},
						"2.625": {
							"post": [117.5, 0, 0],
							"lerp_mode": "catmullrom"
						},
						"2.8333": {
							"post": [117.5, 0, 0],
							"lerp_mode": "catmullrom"
						},
						"3.125": [90, 0, 0]
					},
					"position": {
						"1.9167": [0, 0, 0],
						"2.125": [0, 10, 14],
						"2.375": {
							"pre": [0, 16, 11],
							"post": [0, 16, 11],
							"lerp_mode": "catmullrom"
						},
						"2.625": {
							"post": [0, 24, 11],
							"lerp_mode": "catmullrom"
						},
						"2.8333": {
							"post": [0, 24, 11],
							"lerp_mode": "catmullrom"
						},
						"3.125": [0, 17, 10]
					},
					"scale": {
						"0.5833": [1, 1, 1],
						"0.6667": [1.1, 1.1, 1.1],
						"0.75": [1, 1, 1],
						"0.8333": [1.1, 1.1, 1.1],
						"0.9167": [1, 1, 1],
						"1.0": [1.1, 1.1, 1.1],
						"1.0833": [1, 1, 1],
						"1.1667": [1.1, 1.1, 1.1],
						"1.25": [1, 1, 1],
						"1.3333": [1.1, 1.1, 1.1],
						"1.4167": [1, 1, 1],
						"1.5": [1.1, 1.1, 1.1],
						"1.5833": [1, 1, 1],
						"1.6667": [1.1, 1.1, 1.1],
						"1.75": [1, 1, 1],
						"1.8333": [1.1, 1.1, 1.1],
						"1.9167": [1, 1, 1]
					}
				},
				"rightLeg": {
					"rotation": {
						"0.0": {
							"post": [0, 0, 0],
							"lerp_mode": "catmullrom"
						},
						"0.5": {
							"post": [-30, 0, 0],
							"lerp_mode": "catmullrom"
						},
						"1.0": {
							"post": [-30, 0, 0],
							"lerp_mode": "catmullrom"
						},
						"1.5": {
							"post": [-50, 0, 0],
							"lerp_mode": "catmullrom"
						},
						"2.0": {
							"post": [0, 0, 0],
							"lerp_mode": "catmullrom"
						},
						"2.2917": [0, 0, 0]
					},
					"position": {
						"0.0": {
							"post": [0, 0, 0],
							"lerp_mode": "catmullrom"
						},
						"2.2917": [0, 0, 0]
					}
				},
				"rightLeg2": {
					"rotation": {
						"0.0": {
							"post": [0, 0, 0],
							"lerp_mode": "catmullrom"
						},
						"0.5": {
							"post": [15, 0, 0],
							"lerp_mode": "catmullrom"
						},
						"1.0": {
							"post": [15, 0, 0],
							"lerp_mode": "catmullrom"
						},
						"1.5": {
							"post": [12.5, 0, 0],
							"lerp_mode": "catmullrom"
						},
						"2.0": {
							"post": [12.5, 0, 0],
							"lerp_mode": "catmullrom"
						},
						"2.2917": [0, 0, 0]
					}
				},
				"rightLeg4": {
					"rotation": {
						"0.0": {
							"post": [0, 0, 0],
							"lerp_mode": "catmullrom"
						},
						"0.5": {
							"post": [12.5, 0, 0],
							"lerp_mode": "catmullrom"
						},
						"1.0": {
							"post": [47.5, 0, 0],
							"lerp_mode": "catmullrom"
						},
						"1.5": {
							"post": [82.5, 0, 0],
							"lerp_mode": "catmullrom"
						},
						"2.0": {
							"post": [82.5, 0, 0],
							"lerp_mode": "catmullrom"
						},
						"2.2917": [0, 0, 0]
					}
				},
				"waist": {
					"rotation": {
						"0.0": {
							"post": [0, 0, 0],
							"lerp_mode": "catmullrom"
						},
						"1.0": {
							"post": [-27.5, 0, 0],
							"lerp_mode": "catmullrom"
						},
						"2.2917": [0, 0, 0]
					}
				},
				"waist2": {
					"rotation": {
						"0.0": {
							"post": [0, 0, 0],
							"lerp_mode": "catmullrom"
						},
						"0.75": {
							"post": [-20, 0, 0],
							"lerp_mode": "catmullrom"
						},
						"2.25": [0, 0, 0]
					}
				},
				"leftArm": {
					"rotation": {
						"0.0": {
							"post": [0, 0, 0],
							"lerp_mode": "catmullrom"
						},
						"0.5": {
							"post": [-20, 0, -17.5],
							"lerp_mode": "catmullrom"
						},
						"1.0": {
							"post": [-37.5, 0, -17.5],
							"lerp_mode": "catmullrom"
						},
						"1.5": {
							"post": [7.5, 0, -17.5],
							"lerp_mode": "catmullrom"
						},
						"2.0": {
							"post": [32.5, 0, -17.5],
							"lerp_mode": "catmullrom"
						},
						"2.375": {
							"post": [0, 0, -17.5],
							"lerp_mode": "catmullrom"
						},
						"2.4583": {
							"post": [5, 0, -17.5],
							"lerp_mode": "catmullrom"
						},
						"2.5417": [0, 0, -17.5]
					},
					"position": {
						"0.0": {
							"post": [0, 0, 0],
							"lerp_mode": "catmullrom"
						},
						"2.5417": [0, 0, 0]
					}
				},
				"leftArm2": {
					"rotation": {
						"0.0": {
							"post": [0, 0, 0],
							"lerp_mode": "catmullrom"
						},
						"0.5": {
							"post": [-30, 0, 0],
							"lerp_mode": "catmullrom"
						},
						"1.0": {
							"post": [-42.5, 0, 0],
							"lerp_mode": "catmullrom"
						},
						"2.0": {
							"post": [-7.5, 0, 0],
							"lerp_mode": "catmullrom"
						},
						"2.375": {
							"post": [0, 0, 0],
							"lerp_mode": "catmullrom"
						},
						"2.4583": {
							"post": [-7.5, 0, 0],
							"lerp_mode": "catmullrom"
						},
						"2.5417": [0, 0, 0]
					}
				},
				"leftArm4": {
					"rotation": {
						"0.0": {
							"post": [0, 0, 0],
							"lerp_mode": "catmullrom"
						},
						"0.5": {
							"post": [-40, 0, 0],
							"lerp_mode": "catmullrom"
						},
						"1.0": {
							"post": [-40, 0, 0],
							"lerp_mode": "catmullrom"
						},
						"2.0": {
							"post": [7.5, 0, 0],
							"lerp_mode": "catmullrom"
						},
						"2.4167": {
							"post": [7.5, 0, 0],
							"lerp_mode": "catmullrom"
						},
						"2.5": {
							"post": [0, 0, 0],
							"lerp_mode": "catmullrom"
						},
						"2.5833": [0, 0, 0]
					}
				},
				"rightArm": {
					"rotation": {
						"0.0": {
							"post": [0, 0, 0],
							"lerp_mode": "catmullrom"
						},
						"0.2083": {
							"post": [0, 0, 17.5],
							"lerp_mode": "catmullrom"
						},
						"0.7083": {
							"post": [-20, 0, 17.5],
							"lerp_mode": "catmullrom"
						},
						"1.2083": {
							"post": [-37.5, 0, 17.5],
							"lerp_mode": "catmullrom"
						},
						"1.7083": {
							"post": [7.5, 0, 17.5],
							"lerp_mode": "catmullrom"
						},
						"2.2083": {
							"post": [32.5, 0, 17.5],
							"lerp_mode": "catmullrom"
						},
						"2.5833": {
							"post": [0, 0, 17.5],
							"lerp_mode": "catmullrom"
						},
						"2.6667": {
							"post": [5, 0, 17.5],
							"lerp_mode": "catmullrom"
						},
						"2.75": [0, 0, 17.5]
					},
					"position": {
						"0.0": {
							"post": [0, 0, 0],
							"lerp_mode": "catmullrom"
						},
						"0.2083": {
							"post": [0, 0, 0],
							"lerp_mode": "catmullrom"
						},
						"2.75": [0, 0, 0]
					}
				},
				"rightArm2": {
					"rotation": {
						"0.0": {
							"post": [0, 0, 0],
							"lerp_mode": "catmullrom"
						},
						"0.2083": {
							"post": [0, 0, 0],
							"lerp_mode": "catmullrom"
						},
						"0.7083": {
							"post": [-30, 0, 0],
							"lerp_mode": "catmullrom"
						},
						"1.2083": {
							"post": [-42.5, 0, 0],
							"lerp_mode": "catmullrom"
						},
						"2.2083": {
							"post": [-7.5, 0, 0],
							"lerp_mode": "catmullrom"
						},
						"2.5833": {
							"post": [0, 0, 0],
							"lerp_mode": "catmullrom"
						},
						"2.6667": {
							"post": [-7.5, 0, 0],
							"lerp_mode": "catmullrom"
						},
						"2.75": [0, 0, 0]
					}
				},
				"rightArm4": {
					"rotation": {
						"0.0": {
							"post": [0, 0, 0],
							"lerp_mode": "catmullrom"
						},
						"0.2083": {
							"post": [0, 0, 0],
							"lerp_mode": "catmullrom"
						},
						"0.7083": {
							"post": [-40, 0, 0],
							"lerp_mode": "catmullrom"
						},
						"1.2083": {
							"post": [-40, 0, 0],
							"lerp_mode": "catmullrom"
						},
						"2.2083": {
							"post": [7.5, 0, 0],
							"lerp_mode": "catmullrom"
						},
						"2.7083": {
							"post": [0, 0, 0],
							"lerp_mode": "catmullrom"
						},
						"2.7917": [0, 0, 0]
					}
				},
				"leftLeg": {
					"rotation": {
						"0.0": {
							"post": [0, 0, 0],
							"lerp_mode": "catmullrom"
						},
						"0.5": {
							"post": [-10, 0, 0],
							"lerp_mode": "catmullrom"
						},
						"1.0": {
							"post": [-25, 0, 0],
							"lerp_mode": "catmullrom"
						},
						"1.5": {
							"post": [-102.5, 0, 0],
							"lerp_mode": "catmullrom"
						},
						"2.0": {
							"post": [0, 0, -5],
							"lerp_mode": "catmullrom"
						},
						"2.2917": [0, 0, -5]
					},
					"position": {
						"0.0": {
							"post": [0, 0, 0],
							"lerp_mode": "catmullrom"
						},
						"2.0": {
							"post": [0, 0, 0],
							"lerp_mode": "catmullrom"
						},
						"2.2917": [0, 0, 0]
					}
				},
				"leftLeg2": {
					"rotation": {
						"0.0": {
							"post": [0, 0, 0],
							"lerp_mode": "catmullrom"
						},
						"0.5": {
							"post": [0, 0, 0],
							"lerp_mode": "catmullrom"
						},
						"1.0": {
							"post": [-35, 0, 0],
							"lerp_mode": "catmullrom"
						},
						"1.5": {
							"post": [52.5, 0, 0],
							"lerp_mode": "catmullrom"
						},
						"2.0": {
							"post": [0, 0, 0],
							"lerp_mode": "catmullrom"
						},
						"2.2917": [0, 0, 0]
					}
				},
				"leftLeg4": {
					"rotation": {
						"0.0": {
							"post": [0, 0, 0],
							"lerp_mode": "catmullrom"
						},
						"0.5": {
							"post": [45, 0, 0],
							"lerp_mode": "catmullrom"
						},
						"1.5": {
							"post": [60, 0, 0],
							"lerp_mode": "catmullrom"
						},
						"2.0": {
							"post": [0, 0, 0],
							"lerp_mode": "catmullrom"
						},
						"2.2917": [0, 0, 0]
					}
				}
			}
		}
	}
}