{
	"format_version": "1.8.0",
	"animations": {
		"animation.ic_halt_ui.play": {
			"loop": true,
			"animation_length": 10,
			"bones": {
				"main_halt": {
					"position": {
						"5.0": [0, 0, 0],
						"5.0417": {"pre": [0, 0, 0], "post": [-1, -1, 0]},
						"5.2083": {"pre": [-1, -1, 0], "post": [-1, 1, 0]},
						"5.5": {"pre": [-1, 1, 0], "post": [1, -1, 0]},
						"5.75": {"pre": [1, -1, 0], "post": [1, 0, 0]},
						"5.9167": {"pre": [1, 0, 0], "post": [0, -2, 0]}
					},
					"scale": {
						"0.0": [0, 0, 0],
						"5.0": {"pre": [0, 0, 0], "post": [0, 0, 0]},
						"5.0417": {"pre": [0, 0, 0], "post": [1, 1, 1]},
						"5.9583": {"pre": [1, 1, 1], "post": [1, 1, 1]},
						"6.0": {"pre": [1, 1, 1], "post": [0, 0, 0]}
					}
				}
			}
		}
	}
}