{
	"format_version": "1.8.0",
	"animations": {
	"animation.halt.ambient": {
			"loop": true,
			"animation_length": 1.5,
			"sound_effects": {
				"0.1": {
					"effect": "ambient"
				}
			}
		},
		"animation.ic_halt.idle": {
			"loop": true,
			"animation_length": 4,
			"bones": {
				"body": {
					"rotation": {
						"0.0": [0, 0, 0],
						"0.0417": [0, 5.19628, 0],
						"0.0833": [0, 11.79089, 0],
						"0.125": [0, 18.70928, 0],
						"0.1667": [0, 25.79724, 0],
						"0.7083": [0, 122.53203, 0],
						"1.25": [0, 221.7048, 0],
						"1.7917": [0, 321.54184, 0],
						"2.3333": [0, 421.52455, 0],
						"2.875": [0, 521.26752, 0],
						"3.4167": [0, 620.14886, 0],
						"3.7083": [0, 672.40063, 0],
						"3.8333": [0, 694.20276, 0],
						"3.875": [0, 701.29072, 0],
						"3.9167": [0, 708.20911, 0],
						"3.9583": [0, 714.80372, 0],
						"4.0": [0, 720, 0]
					}
				},
				"eyes": {
					"rotation": {
						"0.0": {
							"post": [0, 0, 2.5],
							"lerp_mode": "catmullrom"
						},
						"1.0": {
							"post": [0, 0, -2.5],
							"lerp_mode": "catmullrom"
						},
						"2.0": {
							"post": [0, 0, 2.5],
							"lerp_mode": "catmullrom"
						},
						"3.0": {
							"post": [0, 0, -2.5],
							"lerp_mode": "catmullrom"
						},
						"4.0": {
							"post": [0, 0, 2.5],
							"lerp_mode": "catmullrom"
						}
					},
					"position": {
						"0.0": {
							"post": [0, 0.5, 0],
							"lerp_mode": "catmullrom"
						},
						"2.0": {
							"post": [0, -0.5, 0],
							"lerp_mode": "catmullrom"
						},
						"4.0": {
							"post": [0, 0.5, 0],
							"lerp_mode": "catmullrom"
						}
					}
				}
			}
		}
	}
}