{
	"format_version": "1.8.0",
	"animations": {
		"animation.ic_grand_door.close": {
			"animation_length": 2,
			"sound_effects": {
				"0.1": {
					"effect": "interact"
				}
			},
			"bones": {
				"left_door": {
					"rotation": {
						"0.0": [0, 90, 0],
						"0.2083": [0, 87.59926, 0],
						"0.4167": [0, 83.73005, 0],
						"0.5833": [0, 79.41447, 0],
						"0.75": [0, 73.84318, 0],
						"0.875": [0, 68.71529, 0],
						"0.9167": [0, 66.80445, 0],
						"0.9583": [0, 64.7841, 0],
						"1.0": [0, 62.65051, 0],
						"1.0417": [0, 60.39691, 0],
						"1.0833": [0, 58.01817, 0],
						"1.125": [0, 55.50649, 0],
						"1.1667": [0, 52.85435, 0],
						"1.2083": [0, 50.05431, 0],
						"1.25": [0, 47.09818, 0],
						"1.2917": [0, 43.97593, 0],
						"1.3333": [0, 40.67678, 0],
						"1.375": [0, 37.19102, 0],
						"1.4167": [0, 33.50609, 0],
						"1.4583": [0, 29.61157, 0],
						"1.5": [0, 25.49768, 0],
						"1.5417": [0, 21.15949, 0],
						"1.5833": [0, 16.60381, 0],
						"1.6667": [0, 7.07045, 0],
						"1.7083": [0, 2.59176, 0],
						"1.75": [0, 0, 0],
						"2.0": [0, 0, 0]
					}
				},
				"right_door": {
					"rotation": {
						"0.0": [0, -90, 0],
						"0.0417": [0, -89.95033, 0],
						"0.0833": [0, -89.79138, 0],
						"0.125": [0, -89.52326, 0],
						"0.1667": [0, -89.14606, 0],
						"0.2083": [0, -88.65993, 0],
						"0.25": [0, -88.06502, 0],
						"0.2917": [0, -87.3615, 0],
						"0.3333": [0, -86.54957, 0],
						"0.375": [0, -85.62947, 0],
						"0.4167": [0, -84.60144, 0],
						"0.4583": [0, -83.46461, 0],
						"0.5": [0, -82.21939, 0],
						"0.5417": [0, -80.8669, 0],
						"0.5833": [0, -79.40752, 0],
						"0.625": [0, -77.83926, 0],
						"0.6667": [0, -76.16385, 0],
						"0.7083": [0, -74.38162, 0],
						"0.75": [0, -72.49104, 0],
						"0.7917": [0, -70.49397, 0],
						"0.8333": [0, -68.38976, 0],
						"0.875": [0, -66.17781, 0],
						"0.9167": [0, -63.85956, 0],
						"0.9583": [0, -61.43478, 0],
						"1.0": [0, -58.90347, 0],
						"1.0417": [0, -56.26585, 0],
						"1.0833": [0, -53.52243, 0],
						"1.125": [0, -50.67403, 0],
						"1.1667": [0, -47.72154, 0],
						"1.2083": [0, -44.66447, 0],
						"1.25": [0, -41.50569, 0],
						"1.4167": [0, -27.89135, 0],
						"1.625": [0, -9.21098, 0],
						"1.6667": [0, -5.51446, 0],
						"1.7083": [0, -2.12525, 0],
						"1.75": [0, 0, 0],
						"2.0": [0, 0, 0]
					}
				}
			}
		},
		"animation.ic_grand_door.open": {
			"animation_length": 2,
			"sound_effects": {
				"0.1": {
					"effect": "interact"
				}
			},
			"bones": {
				"left_door": {
					"rotation": {
						"0.0": [0, -90, 0],
						"0.0417": [0, -89.95033, 0],
						"0.0833": [0, -89.79138, 0],
						"0.125": [0, -89.52326, 0],
						"0.1667": [0, -89.14606, 0],
						"0.2083": [0, -88.65993, 0],
						"0.25": [0, -88.06502, 0],
						"0.2917": [0, -87.3615, 0],
						"0.3333": [0, -86.54957, 0],
						"0.375": [0, -85.62947, 0],
						"0.4167": [0, -84.60144, 0],
						"0.4583": [0, -83.46461, 0],
						"0.5": [0, -82.21939, 0],
						"0.5417": [0, -80.8669, 0],
						"0.5833": [0, -79.40752, 0],
						"0.625": [0, -77.83926, 0],
						"0.6667": [0, -76.16385, 0],
						"0.7083": [0, -74.38162, 0],
						"0.75": [0, -72.49104, 0],
						"0.7917": [0, -70.49397, 0],
						"0.8333": [0, -68.38976, 0],
						"0.875": [0, -66.17781, 0],
						"0.9167": [0, -63.85956, 0],
						"0.9583": [0, -61.43478, 0],
						"1.0": [0, -58.90347, 0],
						"1.0417": [0, -56.26585, 0],
						"1.0833": [0, -53.52243, 0],
						"1.125": [0, -50.67403, 0],
						"1.1667": [0, -47.72154, 0],
						"1.2083": [0, -44.66447, 0],
						"1.25": [0, -41.50569, 0],
						"1.4167": [0, -27.89135, 0],
						"1.625": [0, -9.21098, 0],
						"1.6667": [0, -5.51446, 0],
						"1.7083": [0, -2.12525, 0],
						"1.75": [0, 0, 0],
						"2.0": [0, 0, 0]
					}
				},
				"right_door": {
					"rotation": {
						"0.0": [0, 90, 0],
						"0.0417": [0, 89.9386, 0],
						"0.0833": [0, 89.7685, 0],
						"0.125": [0, 89.48979, 0],
						"0.1667": [0, 89.1026, 0],
						"0.2083": [0, 88.60705, 0],
						"0.25": [0, 88.00329, 0],
						"0.2917": [0, 87.2915, 0],
						"0.3333": [0, 86.47188, 0],
						"0.375": [0, 85.54466, 0],
						"0.4167": [0, 84.5101, 0],
						"0.4583": [0, 83.3673, 0],
						"0.5": [0, 82.11671, 0],
						"0.5417": [0, 80.75941, 0],
						"0.5833": [0, 79.2958, 0],
						"0.625": [0, 77.7239, 0],
						"0.6667": [0, 76.04541, 0],
						"0.7083": [0, 74.2607, 0],
						"0.75": [0, 72.36822, 0],
						"0.7917": [0, 70.36982, 0],
						"0.8333": [0, 68.26487, 0],
						"0.875": [0, 66.05278, 0],
						"0.9167": [0, 63.73496, 0],
						"0.9583": [0, 61.31121, 0],
						"1.0": [0, 58.78152, 0],
						"1.0417": [0, 56.14611, 0],
						"1.0833": [0, 53.40551, 0],
						"1.125": [0, 50.56051, 0],
						"1.1667": [0, 47.61202, 0],
						"1.2083": [0, 44.55956, 0],
						"1.25": [0, 41.40599, 0],
						"1.4167": [0, 27.81852, 0],
						"1.625": [0, 9.18442, 0],
						"1.6667": [0, 5.4982, 0],
						"1.7083": [0, 2.11883, 0],
						"1.75": [0, 0, 0],
						"2.0": [0, 0, 0]
					}
				}
			}
		},
		"animation.ic_gate_large_open": {
			"animation_length": 4,
			"sound_effects": {
				"0.1": {
					"effect": "interact"
				}
			},
			"bones": {
				"switch": {
					"position": {
						"0.0": [0, 9, 0],
						"0.0417": [0, 8.97376, 0],
						"0.0833": [0, 8.92006, 0],
						"0.125": [0, 8.83361, 0],
						"0.1667": [0, 8.70824, 0],
						"0.2083": [0, 8.53556, 0],
						"0.25": [0, 8.30418, 0],
						"0.2917": [0, 7.99896, 0],
						"0.3333": [0, 7.59806, 0],
						"0.375": [0, 7.07257, 0],
						"0.4167": [0, 6.38675, 0],
						"0.4583": [0, 5.5159, 0],
						"0.5417": [0, 3.4841, 0],
						"0.5833": [0, 2.61325, 0],
						"0.625": [0, 1.92743, 0],
						"0.6667": [0, 1.40194, 0],
						"0.7083": [0, 1.00104, 0],
						"0.75": [0, 0.69582, 0],
						"0.7917": [0, 0.46444, 0],
						"0.8333": [0, 0.29176, 0],
						"0.875": [0, 0.16639, 0],
						"0.9167": [0, 0.07994, 0],
						"0.9583": [0, 0.02624, 0],
						"1.0": [0, 0, 0]
					}
				},
				"left_door": {
					"position": {
						"0.0": [-35, 0, 0],
						"0.5417": [-35, 0, 0],
						"0.75": [-35, 0, 0],
						"0.7917": [-34.92986, 0, 0],
						"0.8333": [-34.74954, 0, 0],
						"0.875": [-34.48718, 0, 0],
						"0.9167": [-34.16176, 0, 0],
						"0.9583": [-33.78544, 0, 0],
						"1.0": [-33.3671, 0, 0],
						"1.0417": [-32.91278, 0, 0],
						"1.0833": [-32.42804, 0, 0],
						"1.125": [-31.91644, 0, 0],
						"1.1667": [-31.38157, 0, 0],
						"1.2083": [-30.82566, 0, 0],
						"1.25": [-30.25087, 0, 0],
						"1.2917": [-29.6592, 0, 0],
						"1.3333": [-29.05216, 0, 0],
						"1.375": [-28.43108, 0, 0],
						"1.4167": [-27.7971, 0, 0],
						"1.4583": [-27.15125, 0, 0],
						"1.5": [-26.49443, 0, 0],
						"1.6667": [-23.77191, 0, 0],
						"1.875": [-20.19738, 0, 0],
						"2.1667": [-14.9645, 0, 0],
						"2.7083": [-4.89017, 0, 0],
						"2.8333": [-2.5989, 0, 0],
						"2.875": [-1.85754, 0, 0],
						"2.9167": [-1.14089, 0, 0],
						"2.9583": [-0.47378, 0, 0],
						"3.0": [0, 0, 0]
					}
				},
				"right_door": {
					"position": {
						"0.0": [37, 0, 0],
						"0.5417": [36.99393, 0, 0],
						"0.75": [37, 0, 0],
						"0.7917": [36.92324, 0, 0],
						"0.8333": [36.72572, 0, 0],
						"0.875": [36.43987, 0, 0],
						"0.9167": [36.08695, 0, 0],
						"0.9583": [35.68009, 0, 0],
						"1.0": [35.22899, 0, 0],
						"1.0417": [34.74098, 0, 0],
						"1.0833": [34.22082, 0, 0],
						"1.125": [33.67345, 0, 0],
						"1.1667": [33.10136, 0, 0],
						"1.2083": [32.50794, 0, 0],
						"1.25": [31.89533, 0, 0],
						"1.2917": [31.26537, 0, 0],
						"1.3333": [30.61964, 0, 0],
						"1.375": [29.95954, 0, 0],
						"1.4167": [29.28627, 0, 0],
						"1.4583": [28.60089, 0, 0],
						"1.5": [27.90435, 0, 0],
						"1.6667": [25.0219, 0, 0],
						"1.875": [21.24542, 0, 0],
						"2.1667": [15.72881, 0, 0],
						"2.6667": [5.94999, 0, 0],
						"2.8333": [2.72893, 0, 0],
						"2.875": [1.95071, 0, 0],
						"2.9167": [1.19839, 0, 0],
						"2.9583": [0.498, 0, 0],
						"3.0": [0, 0, 0]
					}
				}
			}
		},
		"animation.ic_gate_large_close": {
			"animation_length": 4,
			"sound_effects": {
				"0.1": {
					"effect": "interact"
				}
			},
			"bones": {
				"switch": {
					"position": {
						"0.0": [0, -9, 0],
						"0.0417": [-0.00676, -9.01015, 0],
						"0.0833": [-0.00971, -8.99908, 0],
						"0.125": [-0.01138, -8.96561, 0],
						"0.1667": [-0.01237, -8.90837, 0],
						"0.2083": [-0.01289, -8.82588, 0],
						"0.25": [-0.0131, -8.71699, 0],
						"0.2917": [-0.01307, -8.57942, 0],
						"0.3333": [-0.01284, -8.41168, 0],
						"0.375": [-0.01247, -8.2116, 0],
						"0.4167": [-0.01197, -7.97673, 0],
						"0.4583": [-0.01137, -7.70444, 0],
						"0.5": [-0.0107, -7.3917, 0],
						"0.5417": [-0.00995, -7.03519, 0],
						"0.5833": [-0.00914, -6.63106, 0],
						"0.625": [-0.00829, -6.17499, 0],
						"0.6667": [-0.00741, -5.66226, 0],
						"0.7083": [-0.0065, -5.08754, 0],
						"0.75": [-0.00556, -4.44575, 0],
						"0.7917": [-0.00462, -3.73221, 0],
						"0.8333": [-0.00367, -2.94543, 0],
						"0.875": [-0.00273, -2.09297, 0],
						"0.9167": [-0.00179, -1.20889, 0],
						"0.9583": [-0.00088, -0.4038, 0],
						"1.0": [0, 0, 0]
					}
				},
				"left_door": {
					"position": {
						"0.0": [35, 0, 0],
						"0.5417": [34.99957, 0, 0],
						"0.75": [35, 0, 0],
						"0.7917": [34.978, 0, 0],
						"0.8333": [34.91378, 0, 0],
						"0.875": [34.80936, 0, 0],
						"0.9167": [34.66661, 0, 0],
						"0.9583": [34.48725, 0, 0],
						"1.0": [34.27288, 0, 0],
						"1.0417": [34.02477, 0, 0],
						"1.0833": [33.74389, 0, 0],
						"1.125": [33.43213, 0, 0],
						"1.1667": [33.09068, 0, 0],
						"1.2083": [32.72063, 0, 0],
						"1.25": [32.32272, 0, 0],
						"1.2917": [31.8978, 0, 0],
						"1.3333": [31.44724, 0, 0],
						"1.375": [30.97189, 0, 0],
						"1.4167": [30.47255, 0, 0],
						"1.4583": [29.94953, 0, 0],
						"1.5": [29.40388, 0, 0],
						"1.5417": [28.83644, 0, 0],
						"1.5833": [28.24784, 0, 0],
						"1.625": [27.6387, 0, 0],
						"1.6667": [27.00944, 0, 0],
						"1.7083": [26.36058, 0, 0],
						"1.75": [25.69289, 0, 0],
						"1.7917": [25.00689, 0, 0],
						"1.8333": [24.30306, 0, 0],
						"1.875": [23.58188, 0, 0],
						"1.9167": [22.84381, 0, 0],
						"1.9583": [22.0893, 0, 0],
						"2.0": [21.31881, 0, 0],
						"2.0417": [20.53275, 0, 0],
						"2.0833": [19.73159, 0, 0],
						"2.125": [18.91574, 0, 0],
						"2.1667": [18.08565, 0, 0],
						"2.2083": [17.24178, 0, 0],
						"2.25": [16.38426, 0, 0],
						"2.2917": [15.51384, 0, 0],
						"2.3333": [14.63102, 0, 0],
						"2.375": [13.73592, 0, 0],
						"2.4167": [12.82948, 0, 0],
						"2.4583": [11.91184, 0, 0],
						"2.6667": [7.18427, 0, 0],
						"2.8333": [3.31594, 0, 0],
						"2.875": [2.36467, 0, 0],
						"2.9167": [1.44159, 0, 0],
						"2.9583": [0.58506, 0, 0],
						"3.0": [0, 0, 0]
					}
				},
				"right_door": {
					"position": {
						"0.0": [-37, 0, 0],
						"0.5417": [-37.00043, 0, 0],
						"0.75": [-37, 0, 0],
						"0.7917": [-36.9766, 0, 0],
						"0.8333": [-36.90856, 0, 0],
						"0.875": [-36.79805, 0, 0],
						"0.9167": [-36.64702, 0, 0],
						"0.9583": [-36.4573, 0, 0],
						"1.0": [-36.23057, 0, 0],
						"1.0417": [-35.96818, 0, 0],
						"1.0833": [-35.67117, 0, 0],
						"1.125": [-35.34151, 0, 0],
						"1.1667": [-34.98047, 0, 0],
						"1.2083": [-34.5892, 0, 0],
						"1.25": [-34.16849, 0, 0],
						"1.2917": [-33.71924, 0, 0],
						"1.3333": [-33.24288, 0, 0],
						"1.375": [-32.74032, 0, 0],
						"1.4167": [-32.2124, 0, 0],
						"1.4583": [-31.65946, 0, 0],
						"1.5": [-31.0826, 0, 0],
						"1.5417": [-30.48271, 0, 0],
						"1.5833": [-29.86046, 0, 0],
						"1.625": [-29.2165, 0, 0],
						"1.6667": [-28.55127, 0, 0],
						"1.7083": [-27.86533, 0, 0],
						"1.75": [-27.15949, 0, 0],
						"1.7917": [-26.43429, 0, 0],
						"1.8333": [-25.69025, 0, 0],
						"1.875": [-24.92787, 0, 0],
						"1.9167": [-24.14764, 0, 0],
						"1.9583": [-23.35004, 0, 0],
						"2.0": [-22.53554, 0, 0],
						"2.0417": [-21.70459, 0, 0],
						"2.0833": [-20.85768, 0, 0],
						"2.125": [-19.99525, 0, 0],
						"2.1667": [-19.11777, 0, 0],
						"2.2083": [-18.22571, 0, 0],
						"2.25": [-17.31924, 0, 0],
						"2.2917": [-16.39912, 0, 0],
						"2.3333": [-15.46591, 0, 0],
						"2.375": [-14.51972, 0, 0],
						"2.4167": [-13.56154, 0, 0],
						"2.4583": [-12.59152, 0, 0],
						"2.5": [-11.61062, 0, 0],
						"2.7917": [-4.52424, 0, 0],
						"2.8333": [-3.50511, 0, 0],
						"2.875": [-2.49957, 0, 0],
						"2.9167": [-1.52382, 0, 0],
						"2.9583": [-0.61843, 0, 0],
						"3.0": [0, 0, 0]
					}
				}
			}
		}
	}
}