{
	"format_version": "1.8.0",
	"animations": {
		"animation.ic_seek.rise": {
			"animation_length": 7.5,
			"anim_time_update" : "query.anim_time + query.delta_time * 0.825",
			"bones": {
				"body": {
					"rotation": {
						"0.0": [0, 0, 0],
						"2.25": [0, 0, 0],
						"2.4167": [0, 0, 0],
						"3.4583": {
							"pre": [0, 0, 0],
							"post": [0, 0, 0],
							"lerp_mode": "catmullrom"
						},
						"3.6667": [0, 0, 0],
						"3.875": [0, 0, 0],
						"4.625": {
							"pre": [0, 0, 0],
							"post": [0, 0, 0],
							"lerp_mode": "catmullrom"
						},
						"4.875": {
							"post": [0, 0, 0],
							"lerp_mode": "catmullrom"
						},
						"5.5833": {
							"post": [0, 0, 0],
							"lerp_mode": "catmullrom"
						},
						"7.125": {
							"post": [0, 0, 0],
							"lerp_mode": "catmullrom"
						},
						"7.5": {
							"post": [0, 0, 0],
							"lerp_mode": "catmullrom"
						}
					},
					"position": {
						"0.0": [0, -52, 0],
						"0.2917": [0, -45, 0],
						"2.25": [0, -45, 0],
						"2.4167": [0, -40, 0],
						"3.4583": {
							"pre": [0, -13, 0],
							"post": [0, -13, 0],
							"lerp_mode": "catmullrom"
						},
						"3.6667": [0, -13, 0],
						"3.875": [0, -13, 0],
						"4.625": {
							"pre": [0, -7, 0],
							"post": [0, -7, 0],
							"lerp_mode": "catmullrom"
						},
						"4.875": {
							"post": [0, -7, 0],
							"lerp_mode": "catmullrom"
						},
						"5.5833": {
							"post": [0, 0, 0],
							"lerp_mode": "catmullrom"
						},
						"7.125": {
							"post": [0, 0, 0],
							"lerp_mode": "catmullrom"
						},
						"7.5": {
							"post": [0, 0, 0],
							"lerp_mode": "catmullrom"
						}
					}
				},
				"leftArm": {
					"rotation": {
						"0.0": {
							"post": [0, 0, 0],
							"lerp_mode": "catmullrom"
						},
						"0.9583": {
							"post": [-203.91, 0, 0],
							"lerp_mode": "catmullrom"
						},
						"1.2083": {
							"post": [-203.91, 0, 0],
							"lerp_mode": "catmullrom"
						},
						"1.4167": {
							"post": [-203.91, 0, 0],
							"lerp_mode": "catmullrom"
						},
						"1.7083": {
							"post": [-162.5, 0, 0],
							"lerp_mode": "catmullrom"
						},
						"1.875": {
							"post": [-152.5, 0, 0],
							"lerp_mode": "catmullrom"
						},
						"2.25": [-97.45284, -14.71921, -1.52833],
						"2.4167": [-97.45284, -14.71921, -1.52833],
						"3.4583": {
							"pre": [-64.95, -14.72, -1.53],
							"post": [-64.95, -14.72, -1.53],
							"lerp_mode": "catmullrom"
						},
						"3.875": [-64.95, -14.72, -1.53],
						"4.0": [-64.95, -14.72, -1.53],
						"4.625": [-26.35608, -11.19219, -21.14808],
						"4.875": [-26.35608, -11.19219, -21.14808],
						"5.5833": {
							"pre": [-87.99125, -17.31342, -9.7532],
							"post": [-87.99125, -17.31342, -9.7532],
							"lerp_mode": "catmullrom"
						},
						"5.875": {
							"post": [52.63183, -6.12746, -15.69437],
							"lerp_mode": "catmullrom"
						},
						"6.0833": {
							"post": [47.63, -6.13, -15.69],
							"lerp_mode": "catmullrom"
						},
						"6.2917": {
							"post": [52.63183, -6.12746, -15.69437],
							"lerp_mode": "catmullrom"
						},
						"6.5": {
							"post": [47.63, -6.13, -15.69],
							"lerp_mode": "catmullrom"
						},
						"6.7083": {
							"post": [52.63183, -6.12746, -15.69437],
							"lerp_mode": "catmullrom"
						},
						"6.9167": {
							"post": [47.63, -6.13, -15.69],
							"lerp_mode": "catmullrom"
						},
						"7.125": {
							"post": [47.63, -6.13, -15.69],
							"lerp_mode": "catmullrom"
						},
						"7.5": {
							"post": [0, 0, 0],
							"lerp_mode": "catmullrom"
						}
					},
					"position": {
						"0.0": {
							"post": [0, -2, 0],
							"lerp_mode": "catmullrom"
						},
						"0.9583": {
							"post": [0, -2, 0],
							"lerp_mode": "catmullrom"
						},
						"1.2083": {
							"post": [0, 8.93, 0],
							"lerp_mode": "catmullrom"
						},
						"1.4167": {
							"post": [0, 8.93, 0],
							"lerp_mode": "catmullrom"
						},
						"1.7083": {
							"post": [0, 14, 0],
							"lerp_mode": "catmullrom"
						},
						"1.875": {
							"post": [0, 14, 0],
							"lerp_mode": "catmullrom"
						},
						"2.25": [0, 13, 0],
						"2.4167": [0, 8, 0],
						"3.4583": {
							"pre": [0, 0, 0],
							"post": [0, 0, 0],
							"lerp_mode": "catmullrom"
						},
						"3.875": [0, 0, 0],
						"4.0": [0, 0, 0],
						"7.125": [0, 0, 0],
						"7.5": {
							"pre": [0, -2, 0],
							"post": [0, -2, 0],
							"lerp_mode": "catmullrom"
						}
					}
				},
				"leftArm2": {
					"rotation": {
						"0.0": [0, 0, 0],
						"0.9583": {
							"pre": [-42.5, 0, 0],
							"post": [-42.5, 0, 0],
							"lerp_mode": "catmullrom"
						},
						"1.2083": {
							"post": [-42.5, 0, 0],
							"lerp_mode": "catmullrom"
						},
						"1.4167": {
							"post": [-42.5, 0, 0],
							"lerp_mode": "catmullrom"
						},
						"1.7083": {
							"post": [-30, 0, 0],
							"lerp_mode": "catmullrom"
						},
						"1.875": {
							"post": [-30, 0, 0],
							"lerp_mode": "catmullrom"
						},
						"2.25": [-2.44, 0.54, 12.49],
						"2.4167": [-2.44, 0.54, 12.49],
						"3.4583": {
							"pre": [-54.94, 0.54, 12.49],
							"post": [-54.94, 0.54, 12.49],
							"lerp_mode": "catmullrom"
						},
						"3.875": [-54.94, 0.54, 12.49],
						"4.0": [-54.94, 0.54, 12.49],
						"4.625": [-17.44, 0.54, 12.49],
						"4.875": [-17.44, 0.54, 12.49],
						"5.5833": {
							"pre": [-54.94, 0.54, 12.49],
							"post": [-54.94, 0.54, 12.49],
							"lerp_mode": "catmullrom"
						},
						"7.125": {
							"post": [-54.94, 0.54, 12.49],
							"lerp_mode": "catmullrom"
						},
						"7.5": [0, 0, 0]
					},
					"position": {
						"0.0": [0, 0, 0],
						"7.5": [0, 0, 0]
					}
				},
				"rightArm": {
					"rotation": {
						"0.0": [0, 0, 0],
						"0.1667": {
							"pre": [-112.5, 0, 0],
							"post": [-112.5, 0, 0],
							"lerp_mode": "catmullrom"
						},
						"0.375": {
							"post": [-172.5, 0, 0],
							"lerp_mode": "catmullrom"
						},
						"0.5": {
							"post": [-172.5, 0, 0],
							"lerp_mode": "catmullrom"
						},
						"0.75": [-92.5, 0, 0],
						"2.25": [-92.5, 0, 0],
						"2.4167": [-92.5, 0, 0],
						"3.4583": {
							"pre": [-75.20423, 10.30343, 0.16117],
							"post": [-75.20423, 10.30343, 0.16117],
							"lerp_mode": "catmullrom"
						},
						"3.875": [-75.20423, 10.30343, 0.16117],
						"4.0": [-75.20423, 10.30343, 0.16117],
						"4.625": [6.70376, 13.04811, 19.90302],
						"4.875": [6.70376, 13.04811, 19.90302],
						"5.5833": {
							"pre": [-80.44161, 9.34411, 9.40171],
							"post": [-80.44161, 9.34411, 9.40171],
							"lerp_mode": "catmullrom"
						},
						"5.875": {
							"post": [57.49858, 3.03163, 13.47759],
							"lerp_mode": "catmullrom"
						},
						"6.0833": {
							"post": [49.99858, 3.03163, 13.47759],
							"lerp_mode": "catmullrom"
						},
						"6.2917": {
							"post": [57.49858, 3.03163, 13.47759],
							"lerp_mode": "catmullrom"
						},
						"6.5": {
							"post": [49.99858, 3.03163, 13.47759],
							"lerp_mode": "catmullrom"
						},
						"6.7083": {
							"post": [57.49858, 3.03163, 13.47759],
							"lerp_mode": "catmullrom"
						},
						"6.9167": {
							"post": [49.99858, 3.03163, 13.47759],
							"lerp_mode": "catmullrom"
						},
						"7.125": {
							"post": [50, 3.03, 13.48],
							"lerp_mode": "catmullrom"
						},
						"7.5": [0, 0, 0]
					},
					"position": {
						"0.0": [0, 0, 0],
						"0.1667": {
							"pre": [0, 12, 0],
							"post": [0, 12, 0],
							"lerp_mode": "catmullrom"
						},
						"0.375": {
							"post": [0, 13, 0],
							"lerp_mode": "catmullrom"
						},
						"0.5": {
							"post": [0, 13, 0],
							"lerp_mode": "catmullrom"
						},
						"0.75": [0, 13, 0],
						"2.25": [0, 13, 0],
						"2.4167": [0, 8, 0],
						"3.4583": {
							"pre": [0, -1, 0],
							"post": [0, -1, 0],
							"lerp_mode": "catmullrom"
						},
						"3.875": [0, -1, 0],
						"4.0": [0, -1, 0],
						"7.125": [0, -1, 0],
						"7.5": [0, 0, 0]
					}
				},
				"rightArm2": {
					"rotation": {
						"0.0": [0, 0, 0],
						"0.1667": {
							"pre": [-35, 0, 0],
							"post": [-35, 0, 0],
							"lerp_mode": "catmullrom"
						},
						"0.375": {
							"post": [-17.5, 0, 0],
							"lerp_mode": "catmullrom"
						},
						"0.5": {
							"post": [-17.5, 0, 0],
							"lerp_mode": "catmullrom"
						},
						"0.75": [-10, 0, 0],
						"2.25": [-10, 0, 0],
						"2.4167": [-10, 0, 0],
						"3.4583": {
							"pre": [-50, 0, 0],
							"post": [-50, 0, 0],
							"lerp_mode": "catmullrom"
						},
						"3.875": [-50, 0, 0],
						"4.0": [-50, 0, 0],
						"4.625": [-44.75386, -5.29571, -5.31847],
						"4.875": [-44.75386, -5.29571, -5.31847],
						"5.5833": {
							"pre": [-67.25, -5.3, -5.32],
							"post": [-67.25, -5.3, -5.32],
							"lerp_mode": "catmullrom"
						},
						"7.125": {
							"post": [-67.25, -5.3, -5.32],
							"lerp_mode": "catmullrom"
						},
						"7.5": [0, 0, 0]
					},
					"position": {
						"0.0": [0, 0, 0],
						"7.5": [0, 0, 0]
					}
				},
				"sludge": {
					"rotation": {
						"0.0": {
							"post": [0, 0, 0],
							"lerp_mode": "catmullrom"
						},
						"0.1667": {
							"post": [0, 0, 0],
							"lerp_mode": "catmullrom"
						},
						"0.5": {
							"post": [0, 120, 0],
							"lerp_mode": "catmullrom"
						},
						"0.8333": {
							"post": [0, 0, 0],
							"lerp_mode": "catmullrom"
						},
						"1.0": {
							"post": [0, 0, 0],
							"lerp_mode": "catmullrom"
						},
						"2.25": {
							"post": [0, 0, 0],
							"lerp_mode": "catmullrom"
						},
						"7.5": {
							"post": [0, 0, 0],
							"lerp_mode": "catmullrom"
						}
					},
					"position": {
						"0.0": [0, -8, 0],
						"0.5": [0, -5.2, 0],
						"2.25": [0, -3.18, 0],
						"5.0": [0, 0, 0],
						"7.5": [0, 0, 0]
					},
					"scale": {
						"0.0": [1, 1, 1],
						"5.0": [1.4, 1.6, 1.3],
						"7.5": [1.4, 1.6, 1.3]
					}
				},
				"waist": {
					"rotation": {
						"0.0": [0, 0, 0],
						"2.25": [0, 0, 0],
						"2.4167": [0, 0, 0],
						"3.4583": {
							"pre": [40, 0, 0],
							"post": [40, 0, 0],
							"lerp_mode": "catmullrom"
						},
						"3.6667": [40, 0, 0],
						"3.875": [40, 0, 0],
						"4.625": [42.5, 0, 0],
						"4.875": {
							"pre": [42.5, 0, 0],
							"post": [42.5, 0, 0],
							"lerp_mode": "catmullrom"
						},
						"5.5833": [10, 0, 0],
						"5.875": {
							"pre": [27.5, 0, 0],
							"post": [27.5, 0, 0],
							"lerp_mode": "catmullrom"
						},
						"7.125": {
							"post": [27.5, 0, 0],
							"lerp_mode": "catmullrom"
						},
						"7.5": [0, 0, 0]
					},
					"position": {
						"0.0": [0, 0, 0],
						"7.5": [0, 0, 0]
					}
				},
				"waist2": {
					"rotation": {
						"0.0": [0, 0, 0],
						"2.25": [0, 0, 0],
						"2.4167": [0, 0, 0],
						"3.4583": {
							"pre": [15, 0, 0],
							"post": [15, 0, 0],
							"lerp_mode": "catmullrom"
						},
						"3.6667": [15, 0, 0],
						"3.875": [15, 0, 0],
						"4.0": [15, 0, 0],
						"4.625": [5, 0, 0],
						"4.875": {
							"pre": [5, 0, 0],
							"post": [5, 0, 0],
							"lerp_mode": "catmullrom"
						},
						"5.5833": [0, 0, 0],
						"5.875": {
							"pre": [15, 0, 0],
							"post": [15, 0, 0],
							"lerp_mode": "catmullrom"
						},
						"7.125": {
							"post": [15, 0, 0],
							"lerp_mode": "catmullrom"
						},
						"7.5": [0, 0, 0]
					},
					"position": {
						"0.0": [0, 0, 0],
						"7.5": [0, 0, 0]
					}
				},
				"head": {
					"rotation": {
						"0.0": [0, 0, 0],
						"2.25": [0, 0, 0],
						"2.4167": [0, 0, 0],
						"3.4583": {
							"pre": [20, 0, 0],
							"post": [20, 0, 0],
							"lerp_mode": "catmullrom"
						},
						"3.6667": {
							"post": [21.25, 0, 0],
							"lerp_mode": "catmullrom"
						},
						"3.875": {
							"post": [-25, 0, 0],
							"lerp_mode": "catmullrom"
						},
						"4.0": {
							"post": [-25, 0, 0],
							"lerp_mode": "catmullrom"
						},
						"4.625": {
							"post": [-12.81179, 9.23186, -3.86032],
							"lerp_mode": "catmullrom"
						},
						"4.875": {
							"post": [-32.5, 0, 0],
							"lerp_mode": "catmullrom"
						},
						"5.5833": {
							"post": [0, 0, 0],
							"lerp_mode": "catmullrom"
						},
						"5.875": {
							"post": [-15, 0, 0],
							"lerp_mode": "catmullrom"
						},
						"6.0417": {
							"post": [-33.35, 0, 0],
							"lerp_mode": "catmullrom"
						},
						"7.125": {
							"post": [-15, 0, 0],
							"lerp_mode": "catmullrom"
						},
						"7.5": [0, 0, 0]
					},
					"position": {
						"0.0": [0, 0, 0],
						"7.5": [0, 0, 0]
					}
				},
				"leftLeg": {
					"rotation": {
						"0.0": [0, 0, 0],
						"2.4167": [0, 0, 0],
						"3.4583": {
							"pre": [47.5, 0, 0],
							"post": [47.5, 0, 0],
							"lerp_mode": "catmullrom"
						},
						"3.875": {
							"post": [47.5, 0, 0],
							"lerp_mode": "catmullrom"
						},
						"4.0": {
							"post": [47.5, 0, 0],
							"lerp_mode": "catmullrom"
						},
						"4.625": {
							"post": [7.5, 0, 0],
							"lerp_mode": "catmullrom"
						},
						"4.875": {
							"post": [7.5, 0, 0],
							"lerp_mode": "catmullrom"
						},
						"5.5833": {
							"post": [7.5, 0, 0],
							"lerp_mode": "catmullrom"
						},
						"7.125": {
							"post": [7.5, 0, 0],
							"lerp_mode": "catmullrom"
						},
						"7.5": [0, 0, 0]
					},
					"position": {
						"0.0": [0, 0, 0],
						"2.4167": [0, 0, 0],
						"3.4583": {
							"pre": [0, 0, 0],
							"post": [0, 0, 0],
							"lerp_mode": "catmullrom"
						},
						"3.875": {
							"post": [0, 0, 0],
							"lerp_mode": "catmullrom"
						},
						"4.0": {
							"post": [0, 0, 0],
							"lerp_mode": "catmullrom"
						},
						"4.625": {
							"post": [0, -1, 0],
							"lerp_mode": "catmullrom"
						},
						"4.875": {
							"post": [0, -1, 0],
							"lerp_mode": "catmullrom"
						},
						"5.5833": {
							"post": [0, 0, 0],
							"lerp_mode": "catmullrom"
						},
						"7.125": {
							"post": [0, 0, 0],
							"lerp_mode": "catmullrom"
						},
						"7.5": [0, 0, 0]
					}
				},
				"leftLeg2": {
					"rotation": {
						"0.0": [0, 0, 0],
						"2.4167": [0, 0, 0],
						"3.4583": {
							"pre": [30, 0, 0],
							"post": [30, 0, 0],
							"lerp_mode": "catmullrom"
						},
						"3.875": {
							"post": [30, 0, 0],
							"lerp_mode": "catmullrom"
						},
						"4.0": {
							"post": [30, 0, 0],
							"lerp_mode": "catmullrom"
						},
						"4.625": {
							"post": [87.5, 0, 0],
							"lerp_mode": "catmullrom"
						},
						"4.875": {
							"post": [87.5, 0, 0],
							"lerp_mode": "catmullrom"
						},
						"5.5833": {
							"post": [0, 0, 0],
							"lerp_mode": "catmullrom"
						},
						"7.125": {
							"post": [0, 0, 0],
							"lerp_mode": "catmullrom"
						},
						"7.5": [0, 0, 0]
					}
				},
				"rightLeg": {
					"rotation": {
						"0.0": [0, 0, 0],
						"2.4167": [0, 0, 0],
						"3.4583": {
							"pre": [-65, 0, 0],
							"post": [-65, 0, 0],
							"lerp_mode": "catmullrom"
						},
						"3.875": {
							"post": [-65, 0, 0],
							"lerp_mode": "catmullrom"
						},
						"4.0": {
							"post": [-65, 0, 0],
							"lerp_mode": "catmullrom"
						},
						"4.2917": {
							"post": [-113.23, 0, 0],
							"lerp_mode": "catmullrom"
						},
						"4.625": {
							"post": [-77.5, 0, 0],
							"lerp_mode": "catmullrom"
						},
						"4.875": {
							"post": [-77.5, 0, 0],
							"lerp_mode": "catmullrom"
						},
						"5.5833": {
							"post": [-10, 0, 0],
							"lerp_mode": "catmullrom"
						},
						"7.125": {
							"post": [-10, 0, 0],
							"lerp_mode": "catmullrom"
						},
						"7.5": [0, 0, 0]
					},
					"position": {
						"0.0": [0, 0, 0],
						"2.4167": [0, 0, 0],
						"3.4583": {
							"pre": [0, 0, 0],
							"post": [0, 0, 0],
							"lerp_mode": "catmullrom"
						},
						"3.875": {
							"post": [0, 0, 0],
							"lerp_mode": "catmullrom"
						},
						"4.0": {
							"post": [0, 0, 0],
							"lerp_mode": "catmullrom"
						},
						"4.625": {
							"post": [0, 0, 0],
							"lerp_mode": "catmullrom"
						},
						"4.875": {
							"post": [0, 0, 0],
							"lerp_mode": "catmullrom"
						},
						"7.125": {
							"post": [0, 0, 0],
							"lerp_mode": "catmullrom"
						},
						"7.5": [0, 0, 0]
					}
				},
				"rightLeg2": {
					"rotation": {
						"0.0": [0, 0, 0],
						"2.4167": [0, 0, 0],
						"3.4583": {
							"pre": [147.5, 0, 0],
							"post": [147.5, 0, 0],
							"lerp_mode": "catmullrom"
						},
						"3.875": {
							"post": [147.5, 0, 0],
							"lerp_mode": "catmullrom"
						},
						"4.0": {
							"post": [147.5, 0, 0],
							"lerp_mode": "catmullrom"
						},
						"4.625": {
							"post": [55, 0, 0],
							"lerp_mode": "catmullrom"
						},
						"4.875": {
							"post": [55, 0, 0],
							"lerp_mode": "catmullrom"
						},
						"5.5833": {
							"post": [15, 0, 0],
							"lerp_mode": "catmullrom"
						},
						"7.125": {
							"post": [15, 0, 0],
							"lerp_mode": "catmullrom"
						},
						"7.5": [0, 0, 0]
					}
				},
				"rightLeg3": {
					"rotation": {
						"0.0": [0, 0, 0],
						"3.875": [0, 0, 0],
						"4.0": [0, 0, 0],
						"4.625": [22.5, 0, 0],
						"4.875": [22.5, 0, 0],
						"5.5833": {
							"pre": [-2.5, 0, 0],
							"post": [-2.5, 0, 0],
							"lerp_mode": "catmullrom"
						},
						"7.125": {
							"post": [-2.5, 0, 0],
							"lerp_mode": "catmullrom"
						},
						"7.5": [0, 0, 0]
					}
				},
				"sticky": {
					"rotation": {
						"0.75": [0, 0, 0],
						"1.0": [0, 0, 0],
						"1.25": {
							"pre": [0, 0, 0],
							"post": [0, 0, 0],
							"lerp_mode": "catmullrom"
						},
						"1.4167": {
							"post": [0, 0, 0],
							"lerp_mode": "catmullrom"
						},
						"1.625": {
							"post": [30, 0, 0],
							"lerp_mode": "catmullrom"
						},
						"7.5": {
							"post": [30, 0, 0],
							"lerp_mode": "catmullrom"
						}
					},
					"position": {
						"0.75": [-4, 0, 3],
						"1.0": [-4, 0, 6],
						"1.25": {
							"pre": [-4, 9, 7],
							"post": [-4, 9, 7],
							"lerp_mode": "catmullrom"
						},
						"1.4167": {
							"post": [-4, 9, 7],
							"lerp_mode": "catmullrom"
						},
						"1.625": {
							"post": [-4, 13, 5],
							"lerp_mode": "catmullrom"
						},
						"1.7917": {
							"post": [-4, 3, 7],
							"lerp_mode": "catmullrom"
						},
						"7.5": {
							"post": [-4, 3, 7],
							"lerp_mode": "catmullrom"
						}
					},
					"scale": {
						"0.75": [1, 1, 1],
						"1.0": [1, 1, 1],
						"1.25": {
							"pre": [1, 1, 0.7],
							"post": [1, 1, 0.7],
							"lerp_mode": "catmullrom"
						},
						"1.4167": {
							"post": [1, 1, 0.7],
							"lerp_mode": "catmullrom"
						},
						"1.625": {
							"post": [1, 1.8, 0.7],
							"lerp_mode": "catmullrom"
						},
						"1.7917": {
							"post": [1, 0.8, 0.7],
							"lerp_mode": "catmullrom"
						},
						"7.5": {
							"post": [1, 0.8, 0.7],
							"lerp_mode": "catmullrom"
						}
					}
				},
				"sticky2": {
					"rotation": {
						"0.0": {
							"post": [0, 0, 0],
							"lerp_mode": "catmullrom"
						},
						"0.4167": {
							"post": [-37.5, 0, 0],
							"lerp_mode": "catmullrom"
						},
						"0.75": {
							"post": [-17.5, 0, 0],
							"lerp_mode": "catmullrom"
						},
						"7.5": {
							"post": [-17.5, 0, 0],
							"lerp_mode": "catmullrom"
						}
					},
					"position": {
						"0.0": {
							"post": [4, -26, 0],
							"lerp_mode": "catmullrom"
						},
						"0.1667": {
							"post": [4.44, 2.33, -12.56],
							"lerp_mode": "catmullrom"
						},
						"0.4167": {
							"post": [5, 13, -8],
							"lerp_mode": "catmullrom"
						},
						"0.75": {
							"post": [5, 6, -14],
							"lerp_mode": "catmullrom"
						},
						"7.5": {
							"post": [5, 6, -14],
							"lerp_mode": "catmullrom"
						}
					},
					"scale": {
						"0.0": {
							"post": [1, 1, 1],
							"lerp_mode": "catmullrom"
						},
						"0.4167": {
							"post": [1, 1.8, 0.6],
							"lerp_mode": "catmullrom"
						},
						"0.75": {
							"post": [1, 1, 1],
							"lerp_mode": "catmullrom"
						},
						"7.5": {
							"post": [1, 1, 1],
							"lerp_mode": "catmullrom"
						}
					}
				}
			}
		},
		"animation.ic_seek_death": {
			"animation_length": 8,
			"anim_time_update" : "query.anim_time + query.delta_time * 0.85",
			"bones": {
				"body": {
					"rotation": {
						"0.0": [0, 0, 0],
						"0.375": [0, 0, 0],
						"1.25": [0, 0, 0],
						"1.5": [2.5, 0, 0]
					},
					"position": {
						"0.0": [0, 0, 0],
						"0.1667": {
							"pre": [0, 0, 5],
							"post": [0, 0, 5],
							"lerp_mode": "catmullrom"
						},
						"0.375": [0, 0, 5.35],
						"1.25": [0, 0, 5],
						"1.5": [0, -9, 5],
						"2.5833": [0, -9, 5],
						"3.0": [0, -14, 3],
						"4.625": [0, -14, 3],
						"5.4583": [0, -33, 3]
					}
				},
				"waist": {
					"rotation": {
						"0.0": [0, 0, 0],
						"0.1667": {
							"pre": [-7.5, 0, 0],
							"post": [-7.5, 0, 0],
							"lerp_mode": "catmullrom"
						},
						"0.375": [-8.03, 0, 0],
						"1.25": [-7.5, 0, 0],
						"1.5": {
							"pre": [7.5, 0, 0],
							"post": [7.5, 0, 0],
							"lerp_mode": "catmullrom"
						},
						"2.5833": {
							"post": [7.5, 0, 0],
							"lerp_mode": "catmullrom"
						},
						"3.0": [95, 0, 0]
					},
					"position": [0, 0, 0]
				},
				"waist2": {
					"rotation": {
						"0.0": [0, 0, 0],
						"0.1667": {
							"pre": [-15, 0, 0],
							"post": [-15, 0, 0],
							"lerp_mode": "catmullrom"
						},
						"0.375": [-16.05, 0, 0],
						"1.25": [-15, 0, 0],
						"1.5": {
							"pre": [-7.5, 0, 0],
							"post": [-7.5, 0, 0],
							"lerp_mode": "catmullrom"
						},
						"1.625": [-12.5, 0, 0],
						"2.5833": [-12.5, 0, 0],
						"3.0": [-10, 0, 0]
					}
				},
				"head": {
					"rotation": {
						"0.0": [0, 0, 0],
						"0.375": {
							"pre": [-27.5, 0, 0],
							"post": [-27.5, 0, 0],
							"lerp_mode": "catmullrom"
						},
						"0.4583": {
							"post": [-27.70212, 6.64851, -3.47875],
							"lerp_mode": "catmullrom"
						},
						"0.5417": {
							"post": [-27.86082, -8.86042, 4.65468],
							"lerp_mode": "catmullrom"
						},
						"0.625": {
							"post": [-27.70212, 6.64851, -3.47875],
							"lerp_mode": "catmullrom"
						},
						"0.7083": {
							"post": [-27.86082, -8.86042, 4.65468],
							"lerp_mode": "catmullrom"
						},
						"0.7917": {
							"post": [-27.70212, 6.64851, -3.47875],
							"lerp_mode": "catmullrom"
						},
						"0.875": {
							"post": [-27.86082, -8.86042, 4.65468],
							"lerp_mode": "catmullrom"
						},
						"0.9583": {
							"post": [-27.70212, 6.64851, -3.47875],
							"lerp_mode": "catmullrom"
						},
						"1.0417": {
							"post": [-27.86082, -8.86042, 4.65468],
							"lerp_mode": "catmullrom"
						},
						"1.125": {
							"post": [-27.70212, 6.64851, -3.47875],
							"lerp_mode": "catmullrom"
						},
						"1.2083": {
							"post": [-27.86082, -8.86042, 4.65468],
							"lerp_mode": "catmullrom"
						},
						"1.2917": {
							"post": [-27.5, 0, 0],
							"lerp_mode": "catmullrom"
						},
						"1.5": {
							"post": [50, 0, 0],
							"lerp_mode": "catmullrom"
						},
						"1.5833": {
							"post": [60, 0, 0],
							"lerp_mode": "catmullrom"
						},
						"1.6667": {
							"post": [50, 0, 0],
							"lerp_mode": "catmullrom"
						},
						"2.5833": {
							"post": [50, 0, 0],
							"lerp_mode": "catmullrom"
						},
						"3.0": [34.87684, -80.25116, -33.2508]
					},
					"position": {
						"2.5833": [0, 0, 0],
						"3.0": [0, 0, 1]
					}
				},
				"eye": {
					"scale": {
						"2.625": [1, 1, 1],
						"3.0": {"pre": [1, 1, 1], "post": [2.7, 1.8, 1]},
						"3.0833": {"pre": [2.7, 1.8, 1], "post": [1, 1, 1]},
						"3.2917": {"pre": [1, 1, 1], "post": [2.7, 1.8, 1]},
						"3.5": {"pre": [2.7, 1.8, 1], "post": [1, 1, 1]},
						"3.7917": {"pre": [1, 1, 1], "post": [2.7, 1.8, 1]}
					}
				},
				"leftArm": {
					"rotation": {
						"0.0": [0, 0, 0],
						"0.375": {
							"pre": [45.86269, -46.23675, -62.81677],
							"post": [45.86269, -46.23675, -62.81677],
							"lerp_mode": "catmullrom"
						},
						"0.4583": {
							"post": [49.17116, -42.54676, -67.54232],
							"lerp_mode": "catmullrom"
						},
						"0.5417": {
							"post": [45.86269, -46.23675, -62.81677],
							"lerp_mode": "catmullrom"
						},
						"0.625": {
							"post": [49.17116, -42.54676, -67.54232],
							"lerp_mode": "catmullrom"
						},
						"0.7083": {
							"post": [45.86269, -46.23675, -62.81677],
							"lerp_mode": "catmullrom"
						},
						"0.7917": {
							"post": [49.17116, -42.54676, -67.54232],
							"lerp_mode": "catmullrom"
						},
						"0.875": {
							"post": [45.86269, -46.23675, -62.81677],
							"lerp_mode": "catmullrom"
						},
						"0.9583": {
							"post": [49.17116, -42.54676, -67.54232],
							"lerp_mode": "catmullrom"
						},
						"1.0417": {
							"post": [45.86269, -46.23675, -62.81677],
							"lerp_mode": "catmullrom"
						},
						"1.125": {
							"post": [49.17116, -42.54676, -67.54232],
							"lerp_mode": "catmullrom"
						},
						"1.2083": {
							"post": [45.86269, -46.23675, -62.81677],
							"lerp_mode": "catmullrom"
						},
						"1.2917": {
							"post": [49.17116, -42.54676, -67.54232],
							"lerp_mode": "catmullrom"
						},
						"1.5": {
							"post": [0, 0, 0],
							"lerp_mode": "catmullrom"
						},
						"1.7083": {
							"post": [-12.5, 0, 0],
							"lerp_mode": "catmullrom"
						},
						"1.9583": {
							"post": [10, 0, 0],
							"lerp_mode": "catmullrom"
						},
						"2.25": {
							"post": [0, 0, 0],
							"lerp_mode": "catmullrom"
						},
						"2.5": {
							"post": [0, 0, 0],
							"lerp_mode": "catmullrom"
						},
						"2.75": {
							"post": [12.5, 0, 0],
							"lerp_mode": "catmullrom"
						},
						"3.0": [-1.49704, -1.95691, -67.04984]
					},
					"position": {
						"0.0": [0, 0, 0],
						"0.375": {
							"pre": [0, 0, 0],
							"post": [0, 0, 0],
							"lerp_mode": "catmullrom"
						},
						"1.2917": {
							"post": [0, 0, 0],
							"lerp_mode": "catmullrom"
						},
						"1.5": {
							"post": [0, 0, 0],
							"lerp_mode": "catmullrom"
						}
					}
				},
				"leftArm2": {
					"rotation": {
						"0.0": [0, 0, 0],
						"0.375": {
							"pre": [0, 0, 42.5],
							"post": [0, 0, 42.5],
							"lerp_mode": "catmullrom"
						},
						"1.2917": {
							"post": [0, 0, 42.5],
							"lerp_mode": "catmullrom"
						},
						"1.5": {
							"post": [0, 0, 0],
							"lerp_mode": "catmullrom"
						},
						"2.5833": {
							"post": [0, 0, 0],
							"lerp_mode": "catmullrom"
						},
						"3.0": [0, 0, 42.5]
					}
				},
				"rightArm": {
					"rotation": {
						"0.0": [0, 0, 0],
						"0.375": {
							"pre": [45.86269, 46.23675, 62.81677],
							"post": [45.86269, 46.23675, 62.81677],
							"lerp_mode": "catmullrom"
						},
						"0.4583": {
							"post": [49.17116, 42.54676, 67.54232],
							"lerp_mode": "catmullrom"
						},
						"0.5417": {
							"post": [45.86269, 46.23675, 62.81677],
							"lerp_mode": "catmullrom"
						},
						"0.625": {
							"post": [49.17116, 42.54676, 67.54232],
							"lerp_mode": "catmullrom"
						},
						"0.7083": {
							"post": [45.86269, 46.23675, 62.81677],
							"lerp_mode": "catmullrom"
						},
						"0.7917": {
							"post": [49.17116, 42.54676, 67.54232],
							"lerp_mode": "catmullrom"
						},
						"0.875": {
							"post": [45.86269, 46.23675, 62.81677],
							"lerp_mode": "catmullrom"
						},
						"0.9583": {
							"post": [49.17116, 42.54676, 67.54232],
							"lerp_mode": "catmullrom"
						},
						"1.0417": {
							"post": [45.86269, 46.23675, 62.81677],
							"lerp_mode": "catmullrom"
						},
						"1.125": {
							"post": [49.17116, 42.54676, 67.54232],
							"lerp_mode": "catmullrom"
						},
						"1.2083": {
							"post": [45.86269, 46.23675, 62.81677],
							"lerp_mode": "catmullrom"
						},
						"1.2917": {
							"post": [49.17116, 42.54676, 67.54232],
							"lerp_mode": "catmullrom"
						},
						"1.5": {
							"post": [0, 0, 0],
							"lerp_mode": "catmullrom"
						},
						"1.7917": {
							"post": [-12.5, 0, 0],
							"lerp_mode": "catmullrom"
						},
						"2.0417": {
							"post": [10, 0, 0],
							"lerp_mode": "catmullrom"
						},
						"2.3333": {
							"post": [-2.5, 0, 0],
							"lerp_mode": "catmullrom"
						},
						"2.5833": {
							"post": [0, 0, 0],
							"lerp_mode": "catmullrom"
						},
						"2.75": {
							"post": [12.5, 0, 0],
							"lerp_mode": "catmullrom"
						},
						"3.0": [-66.37462, 78.02919, 5.60356]
					},
					"position": {
						"0.0": [0, 0, 0],
						"0.375": {
							"pre": [0, 0, 0],
							"post": [0, 0, 0],
							"lerp_mode": "catmullrom"
						},
						"1.2917": {
							"post": [0, 0, 0],
							"lerp_mode": "catmullrom"
						},
						"1.5": {
							"post": [0, 0, 0],
							"lerp_mode": "catmullrom"
						}
					}
				},
				"rightArm2": {
					"rotation": {
						"0.0": [0, 0, 0],
						"0.375": {
							"pre": [0, 0, -42.5],
							"post": [0, 0, -42.5],
							"lerp_mode": "catmullrom"
						},
						"1.2917": {
							"post": [0, 0, -42.5],
							"lerp_mode": "catmullrom"
						},
						"1.5": {
							"post": [0, 0, 0],
							"lerp_mode": "catmullrom"
						},
						"2.5833": {
							"post": [0, 0, 1.18],
							"lerp_mode": "catmullrom"
						},
						"3.0": [-75, 0, 0]
					}
				},
				"leftLeg": {
					"rotation": {
						"0.0": [0, 0, 0],
						"0.1667": {
							"pre": [-17.5, 0, 0],
							"post": [-17.5, 0, 0],
							"lerp_mode": "catmullrom"
						},
						"0.375": [25, 0, 0],
						"1.25": [25, 0, 0],
						"1.5": [32.5, 0, 0],
						"2.5833": [32.5, 0, 0],
						"3.0": [75.95603, -10.54794, -36.19714]
					},
					"position": {
						"0.0": [0, 0, 0],
						"0.1667": {
							"pre": [0, 0, 1],
							"post": [0, 0, 1],
							"lerp_mode": "catmullrom"
						},
						"0.375": [0, -1, 0],
						"1.25": [0, -1, 0],
						"1.5": [0, 0, 0],
						"2.5833": [0, 0, 0],
						"3.0": [0, 0, 0]
					}
				},
				"leftLeg2": {
					"rotation": {
						"0.0": [0, 0, 0],
						"0.1667": {
							"pre": [70, 0, 0],
							"post": [70, 0, 0],
							"lerp_mode": "catmullrom"
						},
						"0.375": [12.5, 0, 0],
						"1.25": [12.5, 0, 0],
						"1.5": [60, 0, 0],
						"2.5833": [60, 0, 0],
						"3.0": [25, 0, 0]
					}
				},
				"rightLeg": {
					"rotation": {
						"0.0": [0, 0, 0],
						"0.1667": {
							"pre": [-15, 0, 0],
							"post": [-15, 0, 0],
							"lerp_mode": "catmullrom"
						},
						"0.375": [-25, 0, 0],
						"1.25": [-25, 0, 0],
						"1.5": [-35, 0, 0],
						"2.5833": [-35, 0, 0],
						"2.7917": [17.74117, -3.99923, 49.35185],
						"3.0": [71.38989, 7.67241, 82.78404]
					},
					"position": {
						"0.0": [0, 0, 0],
						"0.1667": {
							"pre": [0, -0.11, -1],
							"post": [0, -0.11, -1],
							"lerp_mode": "catmullrom"
						},
						"0.375": [0, -0.75, 0],
						"1.25": [0, -0.75, 0],
						"2.5833": [0, -0.75, 0],
						"2.7917": [0, 0.25, 0],
						"3.0": [0, 0.25, 0]
					}
				},
				"rightLeg2": {
					"rotation": {
						"0.0": [0, 0, 0],
						"0.1667": {
							"pre": [17.5, 0, 0],
							"post": [17.5, 0, 0],
							"lerp_mode": "catmullrom"
						},
						"0.375": [22.5, 0, 0],
						"1.25": [22.5, 0, 0],
						"1.5": [135, 0, 0],
						"2.5833": [135, 0, 0],
						"3.0": [15, 0, 0]
					}
				},
				"sticky2": {
					"scale": [0, 0, 0]
				},
				"sticky": {
					"scale": [0, 0, 0]
				},
				"sludge": {
					"rotation": {
						"3.875": [0, 0, 0],
						"3.9167": [0, 3.50096, 0],
						"3.9583": [0, 11.18816, 0],
						"4.0": [0, 21.14882, 0],
						"4.0833": [0, 42.68233, 0],
						"4.125": [0, 52.72, 0],
						"4.1667": [0, 61.737, 0],
						"4.2083": [0, 69.55517, 0],
						"4.25": [0, 76.09661, 0],
						"4.2917": [0, 81.34248, 0],
						"4.3333": [0, 85.31341, 0],
						"4.375": [0, 88.04487, 0],
						"4.4167": [0, 89.58885, 0],
						"4.4583": [0, 90, 0],
						"4.5": [0, 89.77373, 0],
						"4.5833": [0, 90.22627, 0],
						"4.625": [0, 90, 0]
					},
					"position": {
						"3.875": [0, 0, 0],
						"4.375": [0, 0, 0],
						"4.625": [0, 0, 0],
						"4.6667": [0, -0.45076, 0],
						"4.7083": [0, -1.21007, 0],
						"4.75": [0, -2.07652, 0],
						"4.7917": [0, -3.00078, 0],
						"4.8333": [0, -3.96122, 0],
						"4.875": [0, -4.94575, 0],
						"4.9167": [0, -5.9468, 0],
						"5.125": [0, -11.0411, 0],
						"5.1667": [0, -12.0532, 0],
						"5.2083": [0, -13.05425, 0],
						"5.25": [0, -14.03878, 0],
						"5.2917": [0, -14.99922, 0],
						"5.3333": [0, -15.92348, 0],
						"5.375": [0, -16.78993, 0],
						"5.4167": [0, -17.54924, 0],
						"5.4583": [0, -18, 0]
					},
					"scale": {
						"0.0": [0, 0, 0],
						"0.5417": [0, 0, 0],
						"1.0833": [0, 0, 0],
						"1.625": [0, 0, 0],
						"2.1667": [0, 0, 0],
						"2.7083": [0, 0, 0],
						"3.25": [0, 0, 0],
						"3.7917": [0, 0, 0],
						"3.875": [0, 0, 0],
						"3.9167": [0.05461, 0.06917, 0.05461],
						"3.9583": [0.16346, 0.20705, 0.16346],
						"4.0": [0.29615, 0.37512, 0.29615],
						"4.0417": [0.44168, 0.55947, 0.44168],
						"4.2083": [1.05832, 1.34053, 1.05832],
						"4.25": [1.20385, 1.52488, 1.20385],
						"4.2917": [1.33654, 1.69295, 1.33654],
						"4.3333": [1.44539, 1.83083, 1.44539],
						"4.375": [1.5, 1.9, 1.5],
						"4.625": [1.5, 1.9, 1.5]
					}
				}
			}
		}
	}
}