{
   "format_version": "1.13.0",
   "minecraft:entity": {
      "description": {
         "identifier": "doors:guiding_light",
         "is_spawnable": true,
         "is_summonable": true,
         "is_experimental": false,
         "scripts": {
            "animate": [
               "light",
               "appear"
            ]
         },
         "animations": {
            "light": "controller.animation.guiding_light",
            "appear": "controller.animation.light_appear"
         }
      },
      "component_groups": {},
      "components": {
         "minecraft:nameable": {},
         "minecraft:type_family": {
            "family": [
               "inanimate"
            ]
         },
         "minecraft:fall_damage": {
            "value": 0
         },
         "minecraft:movement": {
            "value": 0
         },
         "minecraft:underwater_movement": {
            "value": 0.3
         },
         "minecraft:collision_box": {
            "width": 0.6,
            "height": 1.85
         },
         "minecraft:movement.basic": {},
         "minecraft:navigation.climb": {
            "can_path_over_water": true,
            "can_pass_doors": true,
            "can_open_doors": true,
            "can_path_from_air": true
         },
         "minecraft:jump.static": {},
         "minecraft:annotation.open_door": {},
         "minecraft:knockback_resistance": {
            "value": 10
         },
         "minecraft:fire_immune": true,
         "minecraft:can_climb": {},
         "minecraft:behavior.float": {
            "priority": 0
         },
         "minecraft:health": {
            "value": 10000,
            "max": 10000
         },
         "minecraft:attack": {
            "damage": 0
         },
         "minecraft:loot": {
            "table": "loot_tables/entities/noloot.json"
         },
         "minecraft:behavior.move_towards_restriction": {
            "priority": 5,
            "speed_multiplier": 1
         },
         "minecraft:behavior.random_stroll": {
            "priority": 6,
            "speed_multiplier": 1
         },
         "minecraft:behavior.look_at_player": {
            "priority": 7,
            "look_distance": 6,
            "probability": 0.02
         },
         "minecraft:floats_in_liquid": {},
         "minecraft:behavior.random_look_around": {
            "priority": 7
         },
         "minecraft:behavior.lay_down": {
            "priority": 7,
            "random_interval": 230,
            "random_stop_interval": 2300
         },
         "minecraft:follow_range": {
            "value": 200
         },
         "minecraft:pushable": {
            "is_pushable": false,
            "is_pushable_by_piston": false
         },
         "minecraft:physics": {},
         "minecraft:on_death": {
            "event": "on:death",
            "target": "self"
         }
      },
      "events": {
         "on:death": {
            "randomize": [
               {
                  "run_command": {
                     "command": [
                        "summon r:removelight",
                        "function remove_light"
                     ]
                  },
                  "weight": 1
               }
            ]
         }
      }
   }
}