{
   "format_version": "1.13.0",
   "minecraft:entity": {
      "description": {
         "identifier": "doors:shadow",
         "is_spawnable": true,
         "is_summonable": true,
         "is_experimental": false,
         "scripts": {
            "animate": [
               "appear"
            ]
         },
         "animations": {
            "appear": "controller.animation.shadow_appear"
         }
      },
      "component_groups": {
         "solid": {
            "minecraft:variant": {
               "value": 0
            }
         }
      },
      "components": {
         "minecraft:knockback_resistance": {
            "value": 1
         },
         "minecraft:damage_sensor": {
            "triggers": [
               {
                  "cause": "entity_attack",
                  "deals_damage": true
               },
               {
                  "cause": "suffocation",
                  "deals_damage": false
               },
               {
                  "cause": "projectile",
                  "deals_damage": false
               },
               {
                  "cause": "explosion",
                  "deals_damage": false
               },
               {
                  "cause": "fire",
                  "deals_damage": false
               }
            ]
         },
         "minecraft:pushable": {
            "is_pushable": false,
            "is_pushable_by_piston": false
         },
         "minecraft:collision_box": {
            "width": 1,
            "height": 0.7
         },
         "minecraft:type_family": {
            "family": [
               "inanimate",
               "object"
            ]
         },
         "minecraft:fire_immune": true,
         "minecraft:health": {
            "value": {
               "range_min": 100,
               "range_max": 100
            }
         },
         "minecraft:block_sensor": {
            "sensor_radius": 0.5,
            "on_break": [
               {
                  "block_list": [
                     "minecraft:barrier"
                  ],
                  "on_block_broken": "minecraft:breaked"
               }
            ]
         },
         "minecraft:physics": {
            "has_gravity": false,
            "has_collision": false
         },
         "minecraft:mob_effect": {
            "effect_range": 5,
            "effect_time": 13,
            "mob_effect": "darkness",
            "cooldown_time": 6,
            "entity_filter": {
               "all_of": [
                  {
                     "test": "is_family",
                     "subject": "other",
                     "value": "player"
                  },
                  {
                     "operator": "not",
                     "test": "has_ability",
                     "subject": "other",
                     "value": "invulnerable"
                  }
               ]
            }
         }
      },
      "events": {
         "minecraft:entity_spawned": {
            "add": {
               "component_groups": [
                  "solid"
               ]
            }
         }
      }
   }
}