{
  "format_version": "1.10",
  "render_controllers": {
    "controller.render.halt": {
      "geometry": "geometry.halt",
      "materials": [ { "*": "material.halt"} ],
      "textures": [ "texture.halt"]
    },
  "controller.render.enchant_glint": {
            "geometry": "geometry.default",
            "part_visibility": [
                { "*": true }
            ],
            "materials": [
                { "*": "material.enchanted"}
            ],
            "textures": [
                "texture.enchanted"
            ],
            "color": {
                "r": 0.0,
                "g": 0.0,
                "b": 1.0,
                "a": 0.6
            },
            "uv_anim": {
                "offset": [
                    "(Math.floor(query.life_time * 20.0) + query.frame_alpha) * 0.01", 
                    "(Math.floor(query.life_time * 20.0) + query.frame_alpha) * 0.01" 
                ],
                "scale": [
                    1.0,
                    1.0
                ]
            },
            "light_color_multiplier": 1, 
            "ignore_lighting": false 
        }
     }
}
